Date,SCF_basin
2009-09-03,0.0
2009-09-04,0.0
2009-09-05,0.0
2009-09-06,0.0
2009-09-07,0.0
2009-09-08,0.0
2009-09-09,0.0
2009-09-10,0.0
2009-09-11,0.0
2009-09-12,0.0
2009-09-13,0.016669693345273066
2009-09-14,0.0
2009-09-15,0.0
2009-09-16,0.0
2009-09-17,0.0
2009-09-18,0.0
2009-09-19,0.0
2009-09-20,0.0
2009-09-21,
2009-09-22,0.0
2009-09-23,
2009-09-24,0.0
2009-09-25,0.0
2009-09-26,0.0
2009-09-27,
2009-09-28,0.0
2009-09-29,0.0
2009-09-30,0.011463970447516859
2009-10-01,0.00029706649823594384
2009-10-02,0.0
2009-10-03,0.0
2009-10-04,0.0
2009-10-05,0.0
2009-10-06,0.0
2009-10-07,0.0
2009-10-08,0.0
2009-10-09,0.0
2009-10-10,0.0
2009-10-11,0.0
2009-10-12,0.0
2009-10-13,0.0
2009-10-14,0.0
2009-10-15,0.0
2009-10-16,0.0
2009-10-17,0.0
2009-10-18,0.0
2009-10-19,0.0
2009-10-20,0.0
2009-10-21,0.0011771285648104817
2009-10-22,0.0
2009-10-23,0.0
2009-10-24,0.0
2009-10-25,0.0
2009-10-26,0.0
2009-10-27,0.0
2009-10-28,0.0
2009-10-29,
2009-10-30,
2009-10-31,
2009-11-01,
2009-11-02,
2009-11-03,1.0
2009-11-04,1.0
2009-11-05,0.09519947476151856
2009-11-06,0.23791841191329108
2009-11-07,0.10177924365317084
2009-11-08,0.04595110227667376
2009-11-09,0.0
2009-11-10,0.008380275971268562
2009-11-11,0.00892045261302332
2009-11-12,0.0
2009-11-13,
2009-11-14,
2009-11-15,1.0
2009-11-16,
2009-11-17,
2009-11-18,0.03749298259684016
2009-11-19,0.4217638691322907
2009-11-20,
2009-11-21,0.8
2009-11-22,0.033767831254981465
2009-11-23,0.34906006234324227
2009-11-24,0.31431864405294635
2009-11-25,0.015844329893916667
2009-11-26,0.09437830497099099
2009-11-27,0.27870956073340747
2009-11-28,0.2429262123794179
2009-11-29,0.24954068448943215
2009-11-30,0.1852274347640097
2009-12-01,0.23489395102211713
2009-12-02,0.2196861087927278
2009-12-03,0.2236304120196197
2009-12-04,0.3500574347812943
2009-12-05,0.5975398952827116
2009-12-06,0.2270558643276007
2009-12-07,
2009-12-08,
2009-12-09,0.05296107064067415
2009-12-10,0.3095505386066003
2009-12-11,0.3022744991546731
2009-12-12,
2009-12-13,
2009-12-14,
2009-12-15,0.1871148272760584
2009-12-16,0.1512846534572171
2009-12-17,0.3979373972904077
2009-12-18,0.0
2009-12-19,0.9246999222820302
2009-12-20,0.28252422848465897
2009-12-21,0.8729114308925323
2009-12-22,0.28212387681898343
2009-12-23,0.5069776534862299
2009-12-24,1.0
2009-12-25,0.2107077208936362
2009-12-26,1.0
2009-12-27,0.04564756181232238
2009-12-28,0.3979584465121655
2009-12-29,0.9766705549075153
2009-12-30,0.7682086933922422
2009-12-31,0.706988986081703
2010-01-01,0.3854488600287845
2010-01-02,0.17863167358821758
2010-01-03,0.46354019746121294
2010-01-04,1.0
2010-01-05,0.7441949535062636
2010-01-06,0.6597210413245671
2010-01-07,0.5321173587251845
2010-01-08,0.13385473824134042
2010-01-09,0.257982311497527
2010-01-10,0.36055737069961813
2010-01-11,0.21044193870652775
2010-01-12,
2010-01-13,
2010-01-14,
2010-01-15,0.7560975609756098
2010-01-16,
2010-01-17,
2010-01-18,
2010-01-19,
2010-01-20,0.6765718427251314
2010-01-21,1.0
2010-01-22,0.37734494170539606
2010-01-23,
2010-01-24,
2010-01-25,1.0
2010-01-26,1.0
2010-01-27,0.9999087521614535
2010-01-28,
2010-01-29,0.9051909304220501
2010-01-30,
2010-01-31,0.6211751539669962
2010-02-01,0.2689233235318759
2010-02-02,0.09804717006453204
2010-02-03,0.40942833522844296
2010-02-04,1.0
2010-02-05,0.9893454780955564
2010-02-06,0.9990217281632617
2010-02-07,1.0
2010-02-08,
2010-02-09,
2010-02-10,0.7582855074711752
2010-02-11,
2010-02-12,0.60666514624551
2010-02-13,
2010-02-14,0.7194063214805573
2010-02-15,
2010-02-16,
2010-02-17,0.1705855388224508
2010-02-18,0.020322565021552767
2010-02-19,0.15841584158415842
2010-02-20,0.004391711269219246
2010-02-21,
2010-02-22,0.12725399278722307
2010-02-23,0.0
2010-02-24,0.04243248626607537
2010-02-25,0.0
2010-02-26,0.0
2010-02-27,0.0
2010-02-28,0.06881545560530206
2010-03-01,0.0597583737217666
2010-03-02,
2010-03-03,
2010-03-04,0.1273201966688265
2010-03-05,
2010-03-06,
2010-03-07,0.06264614872308898
2010-03-08,
2010-03-09,
2010-03-10,0.026407161584429698
2010-03-11,
2010-03-12,0.018472893960418714
2010-03-13,0.0001108123282408912
2010-03-14,0.0
2010-03-15,
2010-03-16,0.0
2010-03-17,0.16496966446298478
2010-03-18,0.10847704418255447
2010-03-19,0.14389996366843108
2010-03-20,0.0757511885524252
2010-03-21,0.08790535687756944
2010-03-22,0.004636454488093666
2010-03-23,0.04519942876921172
2010-03-24,0.033120410239991245
2010-03-25,0.0
2010-03-26,0.006858899144555891
2010-03-27,0.015305835495238444
2010-03-28,0.01963938884700761
2010-03-29,0.0
2010-03-30,0.9028275283896045
2010-03-31,0.0010875522184999027
2010-04-01,0.0
2010-04-02,0.0003097867088138571
2010-04-03,
2010-04-04,0.007524250822795776
2010-04-05,0.009132434744713515
2010-04-06,0.012461502150307282
2010-04-07,
2010-04-08,0.02258874351174389
2010-04-09,0.0
2010-04-10,0.0
2010-04-11,
2010-04-12,0.08731460289426732
2010-04-13,0.10775010435508557
2010-04-14,0.07313754131277272
2010-04-15,0.006226001877186498
2010-04-16,0.0018906983572426364
2010-04-17,0.011353913350308525
2010-04-18,0.0
2010-04-19,0.008824883035152168
2010-04-20,0.008921978315696702
2010-04-21,0.0
2010-04-22,0.02317886413384691
2010-04-23,0.0
2010-04-24,0.009491048089125457
2010-04-25,0.00935812923335419
2010-04-26,0.007969452237908958
2010-04-27,0.013265346369365862
2010-04-28,
2010-04-29,0.0
2010-04-30,0.0
2010-05-01,0.0
2010-05-02,0.0
2010-05-03,0.0015136691709892402
2010-05-04,0.0007689295969713893
2010-05-05,0.003930828780952213
2010-05-06,0.004014623617342019
2010-05-07,0.004225486916852205
2010-05-08,0.004676148759860745
2010-05-09,0.06293920349083332
2010-05-10,0.006703860435587617
2010-05-11,0.0013340138063163076
2010-05-12,0.0032377226254254932
2010-05-13,0.002919172944633897
2010-05-14,0.0
2010-05-15,0.002392168769926985
2010-05-16,0.00255475890513902
2010-05-17,0.0012324970251209098
2010-05-18,0.0009594222397942222
2010-05-19,
2010-05-20,0.0
2010-05-21,0.0
2010-05-22,0.0005368040596944312
2010-05-23,0.0
2010-05-24,0.006145166123005084
2010-05-25,0.0
2010-05-26,0.0
2010-05-27,0.0
2010-05-28,0.0
2010-05-29,0.0007397861779305087
2010-05-30,3.1834268252734844e-07
2010-05-31,0.0001029857958821527
2010-06-01,0.0
2010-06-02,0.0
2010-06-03,0.0
2010-06-04,0.0
2010-06-05,0.0
2010-06-06,0.0
2010-06-07,0.0
2010-06-08,0.24105858835711008
2010-06-09,0.0
2010-06-10,2.973154538201849e-05
2010-06-11,0.0
2010-06-12,0.0
2010-06-13,0.0
2010-06-14,0.0
2010-06-15,0.0
2010-06-16,0.0
2010-06-17,0.0
2010-06-18,0.0
2010-06-19,0.0
2010-06-20,0.0
2010-06-21,0.031085475740097096
2010-06-22,0.0
2010-06-23,0.0
2010-06-24,0.0
2010-06-25,0.0
2010-06-26,0.07994594966091063
2010-06-27,0.0
2010-06-28,0.0
2010-06-29,0.0
2010-06-30,0.0
2010-07-01,0.0
2010-07-02,0.0
2010-07-03,0.0
2010-07-04,0.0
2010-07-05,0.0
2010-07-06,0.0
2010-07-07,0.0
2010-07-08,0.0
2010-07-09,0.0
2010-07-10,0.0
2010-07-11,0.0
2010-07-12,0.0
2010-07-13,0.0
2010-07-14,0.0
2010-07-15,0.0
2010-07-16,0.0
2010-07-17,
2010-07-18,0.0
2010-07-19,0.0
2010-07-20,0.0
2010-07-21,0.0
2010-07-22,0.0
2010-07-23,0.0
2010-07-24,
2010-07-25,0.0
2010-07-26,0.0
2010-07-27,0.0
2010-07-28,0.0
2010-07-29,0.0
2010-07-30,0.0
2010-07-31,0.0
2010-08-01,0.0
2010-08-02,0.0
2010-08-03,0.0
2010-08-04,0.0
2010-08-05,0.0
2010-08-06,0.0
2010-08-07,0.0
2010-08-08,0.0
2010-08-09,0.0
2010-08-10,0.0
2010-08-11,0.0
2010-08-12,0.0
2010-08-13,0.0
2010-08-14,0.0
2010-08-15,0.0
2010-08-16,0.0
2010-08-17,0.0
2010-08-18,0.0
2010-08-19,0.0
2010-08-20,0.0
2010-08-21,0.0
2010-08-22,0.0
2010-08-23,0.0
2010-08-24,0.0
2010-08-25,0.0
2010-08-26,0.0
2010-08-27,0.0
2010-08-28,0.0
2010-08-29,0.0
2010-08-30,0.0
2010-08-31,0.0
2010-09-01,0.0
2010-09-02,0.0
2010-09-03,0.0
2010-09-04,0.0
2010-09-05,0.0
2010-09-06,0.0
2010-09-07,0.0
2010-09-08,0.0
2010-09-09,0.0
2010-09-10,0.0
2010-09-11,0.0
2010-09-12,0.0
2010-09-13,0.0
2010-09-14,0.0
2010-09-15,0.0
2010-09-16,0.0
2010-09-17,0.0
2010-09-18,0.0
2010-09-19,0.0
2010-09-20,0.0
2010-09-21,0.0
2010-09-22,0.0
2010-09-23,0.0
2010-09-24,0.0
2010-09-25,0.0
2010-09-26,0.0
2010-09-27,0.0
2010-09-28,0.0
2010-09-29,0.0
2010-09-30,0.03603887927735825
2010-10-01,0.0
2010-10-02,0.0
2010-10-03,0.0
2010-10-04,0.0
2010-10-05,0.0
2010-10-06,0.0
2010-10-07,
2010-10-08,
2010-10-09,0.0
2010-10-10,0.029230297290296955
2010-10-11,0.0
2010-10-12,0.00041662142107358783
2010-10-13,
2010-10-14,
2010-10-15,0.07706764196600721
2010-10-16,0.006957686955625418
2010-10-17,0.0005038120954612242
2010-10-18,0.0
2010-10-19,0.0
2010-10-20,0.0
2010-10-21,0.0
2010-10-22,0.0
2010-10-23,0.0
2010-10-24,0.0
2010-10-25,0.0
2010-10-26,0.0
2010-10-27,0.0
2010-10-28,0.0
2010-10-29,0.02304732556337907
2010-10-30,
2010-10-31,0.20124060668937518
2010-11-01,0.03070062618803586
2010-11-02,0.018632578229545317
2010-11-03,0.008492806428918802
2010-11-04,0.0030719509671963815
2010-11-05,0.002739338183837684
2010-11-06,0.00039977194175262244
2010-11-07,9.191842367563275e-05
2010-11-08,0.0
2010-11-09,1.9134867971005596e-06
2010-11-10,0.0
2010-11-11,2.0058839261834742e-05
2010-11-12,0.0
2010-11-13,0.0
2010-11-14,0.0
2010-11-15,0.0
2010-11-16,0.0
2010-11-17,0.0
2010-11-18,0.0
2010-11-19,0.0
2010-11-20,0.0
2010-11-21,0.0
2010-11-22,0.0
2010-11-23,0.0
2010-11-24,0.0
2010-11-25,0.008524462624562
2010-11-26,
2010-11-27,0.00283922387787281
2010-11-28,0.004259315958572959
2010-11-29,0.0
2010-11-30,0.0
2010-12-01,0.004010688879067508
2010-12-02,0.0
2010-12-03,0.0
2010-12-04,0.0007381024121889795
2010-12-05,0.0
2010-12-06,0.0011671028045938078
2010-12-07,0.00011094232705798022
2010-12-08,0.00016474900972923684
2010-12-09,8.225972608796533e-05
2010-12-10,0.005864369775728104
2010-12-11,
2010-12-12,
2010-12-13,1.0
2010-12-14,
2010-12-15,1.0
2010-12-16,0.6294742206744245
2010-12-17,0.0
2010-12-18,0.28187489828025813
2010-12-19,0.5363860922669202
2010-12-20,0.4515969691856806
2010-12-21,0.41174723973533034
2010-12-22,0.3672865199861587
2010-12-23,0.3697952005310318
2010-12-24,0.3095948445992412
2010-12-25,0.37624637272614075
2010-12-26,0.04282966483023925
2010-12-27,0.0
2010-12-28,
2010-12-29,0.7953318880022141
2010-12-30,
2010-12-31,
2011-01-01,0.7292911522945796
2011-01-02,0.6207778055172951
2011-01-03,0.3842847017129353
2011-01-04,0.0
2011-01-05,
2011-01-06,0.19843701597050065
2011-01-07,1.0
2011-01-08,1.0
2011-01-09,1.0
2011-01-10,0.9904724521087787
2011-01-11,0.9771650286648913
2011-01-12,0.9688065920655576
2011-01-13,0.933454563422147
2011-01-14,0.8848306677291008
2011-01-15,
2011-01-16,0.9744653266013851
2011-01-17,
2011-01-18,0.6587444634832368
2011-01-19,1.0
2011-01-20,0.7861046976445647
2011-01-21,0.9645707777436024
2011-01-22,0.31013504009002707
2011-01-23,0.6805667701238535
2011-01-24,
2011-01-25,0.9054054054054054
2011-01-26,1.0
2011-01-27,0.0
2011-01-28,0.7065363026589617
2011-01-29,
2011-01-30,
2011-01-31,1.0
2011-02-01,1.0
2011-02-02,0.9997134208392499
2011-02-03,0.9949222405862324
2011-02-04,0.978519394807297
2011-02-05,0.9653707100831656
2011-02-06,0.9634809288206958
2011-02-07,
2011-02-08,
2011-02-09,0.8477492349456002
2011-02-10,0.7290916398930677
2011-02-11,0.7841430031991029
2011-02-12,0.7226009136485743
2011-02-13,0.8
2011-02-14,0.45454545454545453
2011-02-15,0.9931785351238565
2011-02-16,0.9444641893593294
2011-02-17,0.798661554611709
2011-02-18,0.8929980138193415
2011-02-19,1.0
2011-02-20,
2011-02-21,0.5155939400969639
2011-02-22,0.5887955022575527
2011-02-23,
2011-02-24,0.3217002030910164
2011-02-25,0.6275952444858457
2011-02-26,1.0
2011-02-27,0.17026393943196552
2011-02-28,0.03371707620440846
2011-03-01,1.0
2011-03-02,0.0
2011-03-03,0.20147324047717352
2011-03-04,0.459547753692528
2011-03-05,0.4264652099524408
2011-03-06,
2011-03-07,1.0
2011-03-08,1.0
2011-03-09,
2011-03-10,0.9922850589625373
2011-03-11,
2011-03-12,0.8632104271190042
2011-03-13,0.8735283934304668
2011-03-14,0.7524184903826312
2011-03-15,0.6697011108745095
2011-03-16,0.5330170957213468
2011-03-17,0.4550058629581279
2011-03-18,
2011-03-19,0.04003485588260395
2011-03-20,
2011-03-21,
2011-03-22,
2011-03-23,
2011-03-24,0.4895183026504066
2011-03-25,
2011-03-26,0.32545056515981735
2011-03-27,0.2061699619746541
2011-03-28,0.0
2011-03-29,0.34389601764664013
2011-03-30,0.13423944189269915
2011-03-31,0.17901083525178874
2011-04-01,
2011-04-02,
2011-04-03,0.14060557584635094
2011-04-04,0.02619629758994062
2011-04-05,
2011-04-06,
2011-04-07,
2011-04-08,0.0
2011-04-09,0.01533359465258294
2011-04-10,
2011-04-11,0.13993720062862106
2011-04-12,
2011-04-13,
2011-04-14,0.05919659640199555
2011-04-15,0.0
2011-04-16,0.0
2011-04-17,
2011-04-18,0.02404888032747411
2011-04-19,
2011-04-20,0.0
2011-04-21,0.0
2011-04-22,0.02087351120111504
2011-04-23,
2011-04-24,0.0
2011-04-25,0.0
2011-04-26,
2011-04-27,0.002026562827426505
2011-04-28,0.01025434984555777
2011-04-29,0.0
2011-04-30,0.10351728836654742
2011-05-01,0.00018751792890836242
2011-05-02,
2011-05-03,0.0
2011-05-04,0.0032503552034878077
2011-05-05,0.115556304219658
2011-05-06,0.0
2011-05-07,
2011-05-08,0.2069369890522525
2011-05-09,0.013544469485101789
2011-05-10,0.00013536441770121543
2011-05-11,0.0023677166975499277
2011-05-12,0.06972190718419176
2011-05-13,0.0
2011-05-14,0.0
2011-05-15,0.0
2011-05-16,0.0003703208522424844
2011-05-17,0.0015721673490000892
2011-05-18,0.0
2011-05-19,
2011-05-20,0.0010003609145260246
2011-05-21,0.005184586529224293
2011-05-22,
2011-05-23,
2011-05-24,0.0
2011-05-25,0.0009283911687564759
2011-05-26,0.0010053055534237573
2011-05-27,0.0026301871225023025
2011-05-28,0.0
2011-05-29,0.0
2011-05-30,0.0017328034126034262
2011-05-31,0.00016851682723126213
2011-06-01,
2011-06-02,0.0
2011-06-03,0.0
2011-06-04,
2011-06-05,0.0
2011-06-06,0.0
2011-06-07,0.0
2011-06-08,0.0
2011-06-09,0.0
2011-06-10,0.009819191706456858
2011-06-11,0.0
2011-06-12,0.005372231095474289
2011-06-13,0.6830467520791189
2011-06-14,
2011-06-15,0.0
2011-06-16,0.0
2011-06-17,0.0
2011-06-18,0.0
2011-06-19,0.0
2011-06-20,0.0
2011-06-21,0.0
2011-06-22,0.0
2011-06-23,0.0
2011-06-24,0.0
2011-06-25,0.0
2011-06-26,0.0
2011-06-27,0.0
2011-06-28,
2011-06-29,0.0
2011-06-30,0.0
2011-07-01,0.0
2011-07-02,0.0
2011-07-03,0.0
2011-07-04,0.0
2011-07-05,0.0
2011-07-06,0.0
2011-07-07,0.0
2011-07-08,0.0
2011-07-09,0.0
2011-07-10,0.0
2011-07-11,0.0
2011-07-12,0.0
2011-07-13,0.0
2011-07-14,0.0
2011-07-15,0.0
2011-07-16,0.0
2011-07-17,0.0
2011-07-18,0.0
2011-07-19,0.0036171702335031004
2011-07-20,0.0
2011-07-21,0.0
2011-07-22,0.0
2011-07-23,0.0
2011-07-24,0.0
2011-07-25,0.0
2011-07-26,0.0
2011-07-27,0.0
2011-07-28,0.0
2011-07-29,0.0
2011-07-30,0.0
2011-07-31,0.0
2011-08-01,0.0
2011-08-02,0.0
2011-08-03,0.0
2011-08-04,0.0
2011-08-05,0.0
2011-08-06,0.0
2011-08-07,0.0
2011-08-08,0.0
2011-08-09,0.0
2011-08-10,0.0
2011-08-11,0.0
2011-08-12,0.0
2011-08-13,0.0
2011-08-14,0.0
2011-08-15,0.0
2011-08-16,0.0
2011-08-17,0.0
2011-08-18,0.0
2011-08-19,0.0
2011-08-20,0.0
2011-08-21,0.0
2011-08-22,0.0
2011-08-23,0.0
2011-08-24,0.0
2011-08-25,0.0
2011-08-26,0.0
2011-08-27,0.0
2011-08-28,0.0
2011-08-29,0.0
2011-08-30,0.0
2011-08-31,0.0
2011-09-01,0.0
2011-09-02,0.0
2011-09-03,0.0
2011-09-04,0.0
2011-09-05,0.0
2011-09-06,0.0
2011-09-07,0.0
2011-09-08,0.0
2011-09-09,0.0
2011-09-10,0.0027168124627226023
2011-09-11,0.0
2011-09-12,0.0
2011-09-13,0.0
2011-09-14,0.0
2011-09-15,0.0
2011-09-16,0.0
2011-09-17,0.0
2011-09-18,0.0
2011-09-19,0.0
2011-09-20,0.0
2011-09-21,0.0
2011-09-22,0.0
2011-09-23,0.0
2011-09-24,
2011-09-25,0.0
2011-09-26,0.0
2011-09-27,0.0
2011-09-28,0.0
2011-09-29,0.0
2011-09-30,0.8927470387798151
2011-10-01,
2011-10-02,0.0
2011-10-03,0.0
2011-10-04,0.0
2011-10-05,0.0
2011-10-06,0.0
2011-10-07,0.0
2011-10-08,0.0
2011-10-09,0.0
2011-10-10,
2011-10-11,0.0
2011-10-12,
2011-10-13,0.0
2011-10-14,0.0
2011-10-15,0.0
2011-10-16,0.0
2011-10-17,0.00017344934270766522
2011-10-18,0.044520772072513266
2011-10-19,0.0
2011-10-20,0.0
2011-10-21,0.0019442606901565955
2011-10-22,0.0
2011-10-23,0.0
2011-10-24,0.0
2011-10-25,0.0
2011-10-26,0.0
2011-10-27,0.0
2011-10-28,0.0
2011-10-29,0.0
2011-10-30,
2011-10-31,0.004884576724242745
2011-11-01,0.0006128060840383322
2011-11-02,0.0
2011-11-03,
2011-11-04,
2011-11-05,0.8757742362029368
2011-11-06,
2011-11-07,0.13817092493563082
2011-11-08,0.4740351893619974
2011-11-09,0.4101926006046104
2011-11-10,1.0
2011-11-11,
2011-11-12,0.9416325284941249
2011-11-13,0.8365837023564766
2011-11-14,0.6728005233647165
2011-11-15,
2011-11-16,
2011-11-17,
2011-11-18,1.0
2011-11-19,0.4354921246236326
2011-11-20,0.25485913155531265
2011-11-21,0.9367996562324398
2011-11-22,0.20929469159126546
2011-11-23,0.19171759429726168
2011-11-24,0.0
2011-11-25,0.49271298841205413
2011-11-26,0.3794127537039621
2011-11-27,0.31871584044007617
2011-11-28,0.3402222912442516
2011-11-29,0.10032974468118203
2011-11-30,0.5640540595221234
2011-12-01,0.24169706261565502
2011-12-02,0.2655111576904772
2011-12-03,0.309775829310222
2011-12-04,0.2913109488215846
2011-12-05,0.29747698418510915
2011-12-06,0.36507026137948306
2011-12-07,0.2219433164636842
2011-12-08,1.0
2011-12-09,1.0
2011-12-10,1.0
2011-12-11,0.9668259016896109
2011-12-12,0.8057031145667948
2011-12-13,0.6601082282251961
2011-12-14,0.9041673688026922
2011-12-15,0.4356807633672833
2011-12-16,0.40568614661454466
2011-12-17,0.16515775595098175
2011-12-18,
2011-12-19,
2011-12-20,1.0
2011-12-21,0.38008467786507616
2011-12-22,0.14115690581027537
2011-12-23,0.2455481061625538
2011-12-24,0.296281951975213
2011-12-25,0.9635942046109085
2011-12-26,1.0
2011-12-27,1.0
2011-12-28,0.9976516165473545
2011-12-29,0.7561468627554474
2011-12-30,0.6067663673639545
2011-12-31,
2012-01-01,0.9250377960692088
2012-01-02,
2012-01-03,0.8420354568987148
2012-01-04,0.6313402027094661
2012-01-05,0.6111795550137681
2012-01-06,0.3755922375391387
2012-01-07,
2012-01-08,0.22686701381082874
2012-01-09,
2012-01-10,
2012-01-11,0.35789827094174914
2012-01-12,1.0
2012-01-13,0.38928204851169573
2012-01-14,0.38733398398196983
2012-01-15,
2012-01-16,
2012-01-17,1.0
2012-01-18,1.0
2012-01-19,0.9998158993640948
2012-01-20,0.999569452394098
2012-01-21,1.0
2012-01-22,1.0
2012-01-23,1.0
2012-01-24,0.9570534137230924
2012-01-25,
2012-01-26,0.9166617623817764
2012-01-27,
2012-01-28,0.9716640429669414
2012-01-29,0.8892589650799306
2012-01-30,1.0
2012-01-31,1.0
2012-02-01,0.9984530969908186
2012-02-02,0.9948376220933115
2012-02-03,0.9931901130530252
2012-02-04,0.9687845142707603
2012-02-05,0.957242311790033
2012-02-06,0.9505407839875412
2012-02-07,1.0
2012-02-08,
2012-02-09,1.0
2012-02-10,1.0
2012-02-11,0.9996735568572742
2012-02-12,0.9950881554714438
2012-02-13,0.938543708975931
2012-02-14,1.0
2012-02-15,0.9837342810278842
2012-02-16,0.9011894292953067
2012-02-17,
2012-02-18,1.0
2012-02-19,1.0
2012-02-20,0.9993926570337432
2012-02-21,0.9991679587777412
2012-02-22,0.9754262160937572
2012-02-23,0.9937665554523654
2012-02-24,0.9902735000439904
2012-02-25,0.9902337764305139
2012-02-26,1.0
2012-02-27,1.0
2012-02-28,1.0
2012-02-29,
2012-03-01,1.0
2012-03-02,
2012-03-03,1.0
2012-03-04,
2012-03-05,0.9851657306134322
2012-03-06,1.0
2012-03-07,1.0
2012-03-08,0.9997574699262709
2012-03-09,0.4886363636363637
2012-03-10,
2012-03-11,0.9979863158914597
2012-03-12,1.0
2012-03-13,
2012-03-14,0.8687477291994671
2012-03-15,0.9698996655518395
2012-03-16,
2012-03-17,1.0
2012-03-18,0.9709784337458051
2012-03-19,0.9433591815697037
2012-03-20,0.9271527462312085
2012-03-21,0.6324883259941196
2012-03-22,
2012-03-23,
2012-03-24,0.8237426708863655
2012-03-25,0.7423100437453701
2012-03-26,0.6509555344232995
2012-03-27,
2012-03-28,0.6266148998629812
2012-03-29,0.878014235909355
2012-03-30,0.6598836837323574
2012-03-31,0.8078761265631982
2012-04-01,0.2809460300524585
2012-04-02,0.9691425539539884
2012-04-03,0.4967481832387672
2012-04-04,0.4604118056025372
2012-04-05,0.41637324308197354
2012-04-06,0.11694015955754805
2012-04-07,0.030017383367252837
2012-04-08,0.11999331581678821
2012-04-09,0.024794519802797035
2012-04-10,0.14725881382196646
2012-04-11,0.20908348970068152
2012-04-12,0.0
2012-04-13,0.08236013279519575
2012-04-14,0.07367473246258627
2012-04-15,0.0
2012-04-16,
2012-04-17,0.021365830058706587
2012-04-18,0.029857080699787295
2012-04-19,0.020486379865671266
2012-04-20,0.009761847010105983
2012-04-21,0.00020466447231302757
2012-04-22,0.002009444541924459
2012-04-23,0.0009930578949652689
2012-04-24,0.0007663484587552083
2012-04-25,0.004989004154698398
2012-04-26,0.007893759729989522
2012-04-27,0.0014433119432743211
2012-04-28,0.004963457141998749
2012-04-29,0.0069785057057355476
2012-04-30,0.00584200071559883
2012-05-01,0.005009493450890134
2012-05-02,0.0
2012-05-03,0.0
2012-05-04,0.0
2012-05-05,0.06164243641687373
2012-05-06,0.0
2012-05-07,
2012-05-08,0.0
2012-05-09,0.002819470793256279
2012-05-10,0.002247374408922262
2012-05-11,0.0004720182124477179
2012-05-12,0.0
2012-05-13,0.004203329641107333
2012-05-14,0.21972377097897144
2012-05-15,0.0
2012-05-16,0.0
2012-05-17,0.0
2012-05-18,0.0005250547994086768
2012-05-19,0.0
2012-05-20,0.0
2012-05-21,0.0
2012-05-22,0.0
2012-05-23,0.0
2012-05-24,0.0
2012-05-25,0.1306900246936589
2012-05-26,0.0
2012-05-27,0.17989753340727835
2012-05-28,0.0875885522404681
2012-05-29,0.0
2012-05-30,0.0
2012-05-31,0.0
2012-06-01,0.9459115494750239
2012-06-02,0.0
2012-06-03,0.0
2012-06-04,0.0
2012-06-05,0.0
2012-06-06,0.0
2012-06-07,0.44609665427509293
2012-06-08,
2012-06-09,0.0
2012-06-10,0.0
2012-06-11,0.0
2012-06-12,0.0
2012-06-13,0.0
2012-06-14,0.0
2012-06-15,0.0
2012-06-16,0.0
2012-06-17,0.0
2012-06-18,0.0
2012-06-19,0.0
2012-06-20,0.0
2012-06-21,0.0
2012-06-22,0.0
2012-06-23,0.0
2012-06-24,0.0
2012-06-25,0.0
2012-06-26,0.0
2012-06-27,0.0
2012-06-28,0.0
2012-06-29,0.0
2012-06-30,0.0
2012-07-01,0.0
2012-07-02,0.0
2012-07-03,0.0
2012-07-04,0.0
2012-07-05,0.0
2012-07-06,0.0
2012-07-07,0.0
2012-07-08,0.0
2012-07-09,0.0
2012-07-10,0.0
2012-07-11,0.0
2012-07-12,0.0
2012-07-13,0.0
2012-07-14,0.0
2012-07-15,0.0
2012-07-16,0.0
2012-07-17,0.0
2012-07-18,0.0
2012-07-19,0.0
2012-07-20,0.0
2012-07-21,0.0
2012-07-22,0.0
2012-07-23,0.0
2012-07-24,0.0
2012-07-25,0.0
2012-07-26,0.0
2012-07-27,0.0
2012-07-28,0.0
2012-07-29,0.005638420283433739
2012-07-30,0.0
2012-07-31,0.0
2012-08-01,0.0
2012-08-02,0.0
2012-08-03,0.0
2012-08-04,0.0
2012-08-05,0.0
2012-08-06,0.0
2012-08-07,0.0
2012-08-08,0.0
2012-08-09,0.0
2012-08-10,0.0
2012-08-11,0.0
2012-08-12,0.0
2012-08-13,0.0
2012-08-14,0.0
2012-08-15,0.0
2012-08-16,0.0
2012-08-17,0.0
2012-08-18,0.0
2012-08-19,0.0
2012-08-20,0.0
2012-08-21,0.0
2012-08-22,0.0
2012-08-23,0.0
2012-08-24,0.0
2012-08-25,0.0
2012-08-26,0.0
2012-08-27,0.0
2012-08-28,0.0
2012-08-29,0.0
2012-08-30,0.0
2012-08-31,0.0
2012-09-01,0.0
2012-09-02,0.0
2012-09-03,0.0
2012-09-04,0.0
2012-09-05,
2012-09-06,0.0
2012-09-07,0.0
2012-09-08,0.0
2012-09-09,0.0
2012-09-10,0.0
2012-09-11,0.0
2012-09-12,0.0
2012-09-13,0.0
2012-09-14,0.0
2012-09-15,0.0
2012-09-16,0.0
2012-09-17,0.0
2012-09-18,0.0
2012-09-19,0.0
2012-09-20,0.0
2012-09-21,0.0
2012-09-22,0.0
2012-09-23,0.0
2012-09-24,0.0
2012-09-25,0.0
2012-09-26,0.0
2012-09-27,0.0
2012-09-28,0.0
2012-09-29,0.0
2012-09-30,0.0
2012-10-01,0.0
2012-10-02,0.0
2012-10-03,0.0
2012-10-04,0.0
2012-10-05,8.824365333308886e-05
2012-10-06,0.0
2012-10-07,0.0
2012-10-08,0.0
2012-10-09,
2012-10-10,0.0
2012-10-11,
2012-10-12,0.0
2012-10-13,0.0
2012-10-14,0.0
2012-10-15,0.0
2012-10-16,0.0
2012-10-17,0.0
2012-10-18,0.0
2012-10-19,0.0
2012-10-20,0.0
2012-10-21,0.0
2012-10-22,0.0
2012-10-23,1.0
2012-10-24,0.0
2012-10-25,0.0
2012-10-26,0.0
2012-10-27,0.0
2012-10-28,0.0
2012-10-29,0.0
2012-10-30,0.0
2012-10-31,0.0
2012-11-01,0.0
2012-11-02,0.0008559139578708123
2012-11-03,0.0
2012-11-04,0.0
2012-11-05,0.0
2012-11-06,0.0
2012-11-07,0.0
2012-11-08,
2012-11-09,
2012-11-10,
2012-11-11,
2012-11-12,
2012-11-13,0.01328772578898198
2012-11-14,0.024442023076756546
2012-11-15,0.011802261162245899
2012-11-16,0.007841963772907396
2012-11-17,0.0032205024109546636
2012-11-18,0.005357311804219631
2012-11-19,0.00582350010578256
2012-11-20,0.0042915848043553265
2012-11-21,0.004263086340339018
2012-11-22,0.021693135274079352
2012-11-23,0.06523594328827169
2012-11-24,
2012-11-25,1.0
2012-11-26,0.19572996906653728
2012-11-27,0.09528502658100142
2012-11-28,0.07179911751637388
2012-11-29,0.007532671114717164
2012-11-30,0.02868531568083143
2012-12-01,0.011359071983902201
2012-12-02,0.004057787358439187
2012-12-03,0.15152642142183864
2012-12-04,0.10164641494953108
2012-12-05,1.0
2012-12-06,
2012-12-07,0.6155098139708836
2012-12-08,
2012-12-09,0.8165542075904811
2012-12-10,0.3886999633979969
2012-12-11,1.0
2012-12-12,0.0
2012-12-13,
2012-12-14,0.6996376767883927
2012-12-15,0.5112798380277347
2012-12-16,0.8677438659485338
2012-12-17,
2012-12-18,
2012-12-19,
2012-12-20,
2012-12-21,0.6085354620816702
2012-12-22,0.35203477478827855
2012-12-23,1.0
2012-12-24,
2012-12-25,0.7945531986377831
2012-12-26,0.49176458715133425
2012-12-27,0.4714827052814134
2012-12-28,0.8272826665919099
2012-12-29,0.8832399058674212
2012-12-30,1.0
2012-12-31,0.37753698213804276
2013-01-01,0.4198415098248207
2013-01-02,0.3905839229495964
2013-01-03,0.3925956813169957
2013-01-04,
2013-01-05,
2013-01-06,0.8909090909090909
2013-01-07,
2013-01-08,1.0
2013-01-09,0.4981726173741917
2013-01-10,1.0
2013-01-11,
2013-01-12,0.9729070181688636
2013-01-13,0.9492740198689299
2013-01-14,0.8736581337737407
2013-01-15,0.9752044077861487
2013-01-16,0.9493247786636875
2013-01-17,0.9553488013512615
2013-01-18,
2013-01-19,0.908431847677644
2013-01-20,0.42857142857142855
2013-01-21,0.4864864864864865
2013-01-22,0.9268185080562854
2013-01-23,0.47396905885929647
2013-01-24,0.1530142435173303
2013-01-25,0.75
2013-01-26,
2013-01-27,
2013-01-28,0.3832022504162122
2013-01-29,
2013-01-30,1.0
2013-01-31,0.9999363867684478
2013-02-01,
2013-02-02,0.6431880472083943
2013-02-03,
2013-02-04,0.5644655221592886
2013-02-05,0.4415188262594509
2013-02-06,0.15468086958127075
2013-02-07,0.3090361036300525
2013-02-08,0.14429915915314365
2013-02-09,0.1666091510260071
2013-02-10,0.12039404051800337
2013-02-11,
2013-02-12,0.0
2013-02-13,0.42866909689822286
2013-02-14,0.35323921647226053
2013-02-15,0.30215633600220687
2013-02-16,1.0
2013-02-17,0.0
2013-02-18,
2013-02-19,0.4729280096793709
2013-02-20,0.9629629629629629
2013-02-21,0.6409228572132077
2013-02-22,
2013-02-23,0.0
2013-02-24,0.0
2013-02-25,0.3110063129981468
2013-02-26,0.3764771741644741
2013-02-27,0.2856045663661718
2013-02-28,
2013-03-01,
2013-03-02,0.18269178440962988
2013-03-03,
2013-03-04,1.0
2013-03-05,
2013-03-06,0.5180858666373481
2013-03-07,0.4873894324138736
2013-03-08,0.04983841642760982
2013-03-09,0.011221245558256966
2013-03-10,0.0
2013-03-11,0.10795531178348249
2013-03-12,0.5108198012127775
2013-03-13,0.01478042205002483
2013-03-14,0.10437311466809607
2013-03-15,
2013-03-16,
2013-03-17,0.8541114058355438
2013-03-18,0.0
2013-03-19,0.5958311794014454
2013-03-20,0.24668234792841617
2013-03-21,0.07553295709651744
2013-03-22,0.15948507062399428
2013-03-23,0.7301587301587301
2013-03-24,0.1403427931882388
2013-03-25,0.15883667669214444
2013-03-26,
2013-03-27,0.032306156536263265
2013-03-28,
2013-03-29,0.0
2013-03-30,0.12815942968243674
2013-03-31,0.040119455076344665
2013-04-01,0.0
2013-04-02,0.0
2013-04-03,0.013222774209339105
2013-04-04,0.0
2013-04-05,0.36889812104617126
2013-04-06,0.005965778274191268
2013-04-07,0.006845414435195795
2013-04-08,0.0
2013-04-09,0.0
2013-04-10,0.0
2013-04-11,0.0
2013-04-12,0.005113750418200066
2013-04-13,0.011239164515410351
2013-04-14,0.000990919505395355
2013-04-15,
2013-04-16,
2013-04-17,
2013-04-18,0.0
2013-04-19,0.0
2013-04-20,0.0
2013-04-21,0.0
2013-04-22,
2013-04-23,0.005286077895909006
2013-04-24,0.009150093230083787
2013-04-25,0.0065063169425666504
2013-04-26,0.010134906212461884
2013-04-27,0.006521385518819799
2013-04-28,0.006033274752592739
2013-04-29,0.0028092657691755674
2013-04-30,0.0045419770229023475
2013-05-01,0.003544891398569971
2013-05-02,0.0027821896121724213
2013-05-03,0.0032287671569900507
2013-05-04,0.0007889570389413577
2013-05-05,0.0001760926288661398
2013-05-06,0.0011074694609561275
2013-05-07,0.0015693674794489516
2013-05-08,0.0
2013-05-09,0.0012717872334331109
2013-05-10,
2013-05-11,
2013-05-12,
2013-05-13,0.0
2013-05-14,0.0
2013-05-15,0.027050813095972445
2013-05-16,0.0
2013-05-17,
2013-05-18,0.0
2013-05-19,0.0
2013-05-20,0.0
2013-05-21,0.0001759169671914859
2013-05-22,0.0
2013-05-23,9.537116071471159e-06
2013-05-24,
2013-05-25,0.0
2013-05-26,0.0
2013-05-27,0.0
2013-05-28,0.005381834992121056
2013-05-29,0.0
2013-05-30,0.0
2013-05-31,0.0
2013-06-01,0.0
2013-06-02,0.0
2013-06-03,0.0
2013-06-04,0.0
2013-06-05,0.0
2013-06-06,0.0
2013-06-07,0.0
2013-06-08,0.0
2013-06-09,1.0
2013-06-10,
2013-06-11,0.0
2013-06-12,0.0
2013-06-13,0.0
2013-06-14,0.0
2013-06-15,0.0
2013-06-16,0.0
2013-06-17,0.0
2013-06-18,0.7159266622487299
2013-06-19,0.0
2013-06-20,0.0
2013-06-21,0.0
2013-06-22,0.0
2013-06-23,0.0
2013-06-24,0.0
2013-06-25,0.0
2013-06-26,0.0
2013-06-27,0.0
2013-06-28,0.0
2013-06-29,0.0
2013-06-30,0.0
2013-07-01,0.0
2013-07-02,0.0
2013-07-03,0.0
2013-07-04,0.0
2013-07-05,0.0
2013-07-06,0.0
2013-07-07,0.0
2013-07-08,0.0
2013-07-09,0.0
2013-07-10,0.0
2013-07-11,0.0
2013-07-12,0.0
2013-07-13,0.0
2013-07-14,0.0
2013-07-15,0.0
2013-07-16,0.0
2013-07-17,0.0
2013-07-18,0.0
2013-07-19,0.0
2013-07-20,0.0
2013-07-21,0.0
2013-07-22,0.0
2013-07-23,0.0
2013-07-24,0.0
2013-07-25,0.0
2013-07-26,0.0
2013-07-27,0.0
2013-07-28,0.0
2013-07-29,0.0
2013-07-30,0.0
2013-07-31,0.0
2013-08-01,0.0
2013-08-02,0.0
2013-08-03,0.0
2013-08-04,0.0
2013-08-05,0.0
2013-08-06,0.0
2013-08-07,0.0
2013-08-08,0.0
2013-08-09,0.0
2013-08-10,0.0
2013-08-11,0.0
2013-08-12,0.0
2013-08-13,0.0
2013-08-14,0.0
2013-08-15,0.0
2013-08-16,0.0
2013-08-17,0.0
2013-08-18,0.0
2013-08-19,0.0
2013-08-20,0.0
2013-08-21,0.0
2013-08-22,0.0
2013-08-23,0.0
2013-08-24,0.0
2013-08-25,0.0
2013-08-26,0.0
2013-08-27,0.0
2013-08-28,0.0
2013-08-29,0.0
2013-08-30,0.0
2013-08-31,0.0
2013-09-01,
2013-09-02,0.0
2013-09-03,0.0
2013-09-04,0.0
2013-09-05,0.0
2013-09-06,0.0
2013-09-07,0.0
2013-09-08,0.0
2013-09-09,0.0
2013-09-10,0.0
2013-09-11,0.0
2013-09-12,0.0
2013-09-13,0.0
2013-09-14,0.0
2013-09-15,0.0
2013-09-16,0.0
2013-09-17,0.0
2013-09-18,0.0
2013-09-19,0.0
2013-09-20,0.0
2013-09-21,0.13575243427040581
2013-09-22,
2013-09-23,0.0
2013-09-24,0.0
2013-09-25,0.0
2013-09-26,0.0
2013-09-27,0.0
2013-09-28,0.02957756280882455
2013-09-29,0.0
2013-09-30,0.0
2013-10-01,0.0
2013-10-02,0.0
2013-10-03,1.0
2013-10-04,
2013-10-05,0.0020382023055664895
2013-10-06,0.0
2013-10-07,0.005299764805885882
2013-10-08,0.035234949717270224
2013-10-09,0.013580006093737175
2013-10-10,0.0027339104109292854
2013-10-11,0.0001414922074122798
2013-10-12,2.0045825393224348e-05
2013-10-13,0.0
2013-10-14,0.0
2013-10-15,0.0
2013-10-16,0.0
2013-10-17,0.0
2013-10-18,
2013-10-19,0.0
2013-10-20,0.0
2013-10-21,0.023351048828150905
2013-10-22,0.009456629960423008
2013-10-23,0.008248263186725998
2013-10-24,0.026254753300739276
2013-10-25,0.005401394232697686
2013-10-26,0.005700302094408726
2013-10-27,0.0023548663976704852
2013-10-28,0.002372093141874189
2013-10-29,0.0013877995495212353
2013-10-30,0.002942140763116769
2013-10-31,0.000931839511519252
2013-11-01,0.0016117865193373002
2013-11-02,0.0005908745675431366
2013-11-03,9.272051551332129e-05
2013-11-04,0.0
2013-11-05,0.0
2013-11-06,0.0
2013-11-07,0.0
2013-11-08,1.0
2013-11-09,0.0
2013-11-10,0.0
2013-11-11,0.0
2013-11-12,0.0
2013-11-13,9.067616740793121e-05
2013-11-14,0.0
2013-11-15,0.0001237071754510842
2013-11-16,0.0
2013-11-17,0.0
2013-11-18,0.00024443331092428416
2013-11-19,8.129692506336388e-05
2013-11-20,0.0
2013-11-21,0.00024305698971535355
2013-11-22,0.0
2013-11-23,0.0
2013-11-24,0.0
2013-11-25,0.0
2013-11-26,0.0
2013-11-27,
2013-11-28,0.07645802842397167
2013-11-29,0.935857124889951
2013-11-30,0.06556721800414402
2013-12-01,0.10826609972379701
2013-12-02,
2013-12-03,0.5768345323741008
2013-12-04,0.6391523205440023
2013-12-05,0.3808485990767837
2013-12-06,0.2174918576804292
2013-12-07,
2013-12-08,0.9778593891808606
2013-12-09,0.9822649775347758
2013-12-10,
2013-12-11,1.0
2013-12-12,1.0
2013-12-13,0.9889000130588084
2013-12-14,0.9996449033417613
2013-12-15,
2013-12-16,1.0
2013-12-17,0.9995439979399436
2013-12-18,0.9991732579085176
2013-12-19,0.9899557535267385
2013-12-20,0.9759552972295413
2013-12-21,0.9614307466373614
2013-12-22,0.9532955112471959
2013-12-23,0.9243532006037141
2013-12-24,0.9067319623400306
2013-12-25,
2013-12-26,0.9889813114399914
2013-12-27,0.7707212659326076
2013-12-28,0.7363718337568662
2013-12-29,0.48831659498169616
2013-12-30,0.10763017805788413
2013-12-31,0.3135175163771004
2014-01-01,0.2991401050826066
2014-01-02,0.332512116858881
2014-01-03,0.4043254505029776
2014-01-04,
2014-01-05,0.27152242250016506
2014-01-06,0.24125549058534804
2014-01-07,0.24867151836594267
2014-01-08,0.17488787740149397
2014-01-09,0.17547264324952414
2014-01-10,0.10221997523605962
2014-01-11,0.12032374568507444
2014-01-12,0.10864792745057018
2014-01-13,0.42642079002729355
2014-01-14,0.09555815252452181
2014-01-15,0.10932812364723195
2014-01-16,
2014-01-17,0.06013606239530379
2014-01-18,0.09341936808416494
2014-01-19,
2014-01-20,0.10861577877465992
2014-01-21,0.0912315160453386
2014-01-22,0.04566454424996493
2014-01-23,0.07646816118828224
2014-01-24,0.78125
2014-01-25,0.05506130798610684
2014-01-26,
2014-01-27,0.6594327348425708
2014-01-28,0.11116094142264409
2014-01-29,0.20281757218146482
2014-01-30,0.18822974877876522
2014-01-31,0.2362004350779419
2014-02-01,0.16072023022784437
2014-02-02,0.27627850629100187
2014-02-03,0.3010849250328859
2014-02-04,0.45830562714814294
2014-02-05,0.2644165961726945
2014-02-06,0.24721614684763002
2014-02-07,0.2270354075327721
2014-02-08,0.22726234608764756
2014-02-09,0.17445280949294523
2014-02-10,
2014-02-11,0.3599756953835086
2014-02-12,0.23544723126440803
2014-02-13,0.202181826103489
2014-02-14,0.36920132796542376
2014-02-15,
2014-02-16,1.0
2014-02-17,0.13615507206376687
2014-02-18,0.11979939318715788
2014-02-19,0.12781132357997338
2014-02-20,0.14164792009503893
2014-02-21,0.09591282916145155
2014-02-22,
2014-02-23,0.0596053215535304
2014-02-24,0.027847715282359714
2014-02-25,
2014-02-26,0.7376903031134275
2014-02-27,0.643277867766161
2014-02-28,0.003844694205225515
2014-03-01,0.09983959961526984
2014-03-02,
2014-03-03,
2014-03-04,0.009715405143592636
2014-03-05,
2014-03-06,1.0
2014-03-07,0.020239472072930132
2014-03-08,0.0
2014-03-09,0.01814475169300226
2014-03-10,
2014-03-11,0.0
2014-03-12,
2014-03-13,
2014-03-14,1.0
2014-03-15,0.24728520809839194
2014-03-16,0.10604721313907417
2014-03-17,0.04182012010627875
2014-03-18,0.14233603872377543
2014-03-19,0.019067414297670865
2014-03-20,0.025821500376979153
2014-03-21,0.01620767020934571
2014-03-22,0.017980231047971536
2014-03-23,0.020758536680802284
2014-03-24,0.02044839762808982
2014-03-25,0.001998569401578892
2014-03-26,0.0
2014-03-27,0.0
2014-03-28,0.0
2014-03-29,0.0
2014-03-30,0.6070878274268104
2014-03-31,0.537998440185863
2014-04-01,0.11557937848997912
2014-04-02,0.0
2014-04-03,0.0
2014-04-04,0.008404732816273817
2014-04-05,0.00867170381124101
2014-04-06,0.0
2014-04-07,0.0
2014-04-08,0.00845593384875343
2014-04-09,0.0
2014-04-10,0.0
2014-04-11,0.0
2014-04-12,0.0
2014-04-13,0.0
2014-04-14,0.0
2014-04-15,0.0
2014-04-16,0.0
2014-04-17,0.0
2014-04-18,0.0
2014-04-19,0.01845283463915493
2014-04-20,0.0018058967362817033
2014-04-21,0.0
2014-04-22,0.0012439642277720516
2014-04-23,0.0
2014-04-24,0.0018658355217524344
2014-04-25,
2014-04-26,0.0
2014-04-27,1.5386035634058524e-05
2014-04-28,0.0003638153212607966
2014-04-29,0.0
2014-04-30,0.0
2014-05-01,0.04042704387383405
2014-05-02,0.0
2014-05-03,0.013718388456488642
2014-05-04,
2014-05-05,0.0
2014-05-06,
2014-05-07,0.0
2014-05-08,0.0
2014-05-09,0.0
2014-05-10,0.0
2014-05-11,0.0
2014-05-12,0.0
2014-05-13,0.0
2014-05-14,0.0
2014-05-15,0.0
2014-05-16,0.0
2014-05-17,0.0
2014-05-18,0.0
2014-05-19,0.0
2014-05-20,
2014-05-21,
2014-05-22,0.0
2014-05-23,0.0
2014-05-24,0.0
2014-05-25,
2014-05-26,0.0
2014-05-27,0.1743119266055046
2014-05-28,0.0
2014-05-29,0.0
2014-05-30,0.0
2014-05-31,0.0
2014-06-01,0.00308050073237395
2014-06-02,0.47213890711406886
2014-06-03,0.0
2014-06-04,0.0
2014-06-05,
2014-06-06,0.0
2014-06-07,0.269485174323884
2014-06-08,0.0
2014-06-09,0.0011979123441343794
2014-06-10,0.0
2014-06-11,0.0
2014-06-12,0.037715074526301955
2014-06-13,0.0
2014-06-14,0.0
2014-06-15,0.0
2014-06-16,0.0
2014-06-17,0.0
2014-06-18,0.0
2014-06-19,0.0
2014-06-20,0.0
2014-06-21,0.0
2014-06-22,0.0
2014-06-23,0.0
2014-06-24,0.0
2014-06-25,0.0
2014-06-26,0.0
2014-06-27,0.0
2014-06-28,0.0
2014-06-29,0.0
2014-06-30,0.0
2014-07-01,0.0
2014-07-02,0.0
2014-07-03,0.0
2014-07-04,0.0
2014-07-05,
2014-07-06,0.0
2014-07-07,0.0
2014-07-08,0.0
2014-07-09,0.0
2014-07-10,0.0
2014-07-11,0.0
2014-07-12,0.0
2014-07-13,0.0
2014-07-14,0.0
2014-07-15,0.0
2014-07-16,0.0
2014-07-17,0.0
2014-07-18,0.0
2014-07-19,0.0
2014-07-20,0.0
2014-07-21,0.0
2014-07-22,0.0
2014-07-23,0.0
2014-07-24,0.0
2014-07-25,0.0
2014-07-26,0.0
2014-07-27,0.0
2014-07-28,0.0
2014-07-29,0.0
2014-07-30,0.0
2014-07-31,0.0
2014-08-01,0.0
2014-08-02,0.0
2014-08-03,0.0
2014-08-04,0.0
2014-08-05,1.0
2014-08-06,0.0
2014-08-07,0.0
2014-08-08,0.0
2014-08-09,0.0
2014-08-10,0.0
2014-08-11,0.0
2014-08-12,0.0
2014-08-13,0.0
2014-08-14,0.0
2014-08-15,0.0
2014-08-16,0.0
2014-08-17,0.0
2014-08-18,0.0
2014-08-19,0.0
2014-08-20,0.0
2014-08-21,0.0
2014-08-22,0.0
2014-08-23,0.0
2014-08-24,0.0
2014-08-25,0.0
2014-08-26,0.0
2014-08-27,0.0
2014-08-28,0.0
2014-08-29,0.0
2014-08-30,0.0
2014-08-31,0.0
2014-09-01,0.0
2014-09-02,0.0
2014-09-03,0.0
2014-09-04,0.0
2014-09-05,0.0
2014-09-06,0.0
2014-09-07,0.0
2014-09-08,0.0
2014-09-09,0.0118008813381531
2014-09-10,0.0
2014-09-11,0.0
2014-09-12,0.0
2014-09-13,0.0
2014-09-14,0.0
2014-09-15,0.0
2014-09-16,0.0
2014-09-17,0.0
2014-09-18,0.03576055717008187
2014-09-19,0.0
2014-09-20,0.0
2014-09-21,0.0
2014-09-22,0.0
2014-09-23,0.0
2014-09-24,0.0
2014-09-25,0.0
2014-09-26,0.0
2014-09-27,0.00024076180355497254
2014-09-28,0.0
2014-09-29,0.0
2014-09-30,0.0
2014-10-01,0.00016094315890785208
2014-10-02,0.0
2014-10-03,0.0
2014-10-04,0.0
2014-10-05,0.0
2014-10-06,0.0
2014-10-07,0.0
2014-10-08,0.0
2014-10-09,0.0
2014-10-10,0.0
2014-10-11,0.0
2014-10-12,
2014-10-13,0.0
2014-10-14,0.0
2014-10-15,0.0
2014-10-16,0.0
2014-10-17,1.0
2014-10-18,0.0
2014-10-19,0.0
2014-10-20,0.037585233065371954
2014-10-21,0.012835267176364431
2014-10-22,0.0038248211468009975
2014-10-23,
2014-10-24,0.0
2014-10-25,0.0
2014-10-26,
2014-10-27,0.0
2014-10-28,0.00019531822706713047
2014-10-29,0.0
2014-10-30,0.0
2014-10-31,
2014-11-01,
2014-11-02,
2014-11-03,0.7068965517241379
2014-11-04,0.0
2014-11-05,0.38296994757189184
2014-11-06,0.2749388496774281
2014-11-07,0.1916639981007175
2014-11-08,0.1015628972859476
2014-11-09,0.07698773040399631
2014-11-10,0.01613342866321474
2014-11-11,
2014-11-12,0.020267162911121028
2014-11-13,0.014292717050071943
2014-11-14,0.0029511963655569603
2014-11-15,
2014-11-16,
2014-11-17,0.00676002571460762
2014-11-18,0.006796005284651559
2014-11-19,0.002455002321287598
2014-11-20,0.003963931225941127
2014-11-21,
2014-11-22,1.0
2014-11-23,0.588835995085995
2014-11-24,1.0
2014-11-25,0.7356124901827018
2014-11-26,
2014-11-27,0.9816937281120661
2014-11-28,
2014-11-29,0.5593593974878601
2014-11-30,
2014-12-01,0.7009156890385266
2014-12-02,
2014-12-03,
2014-12-04,0.3574984644231078
2014-12-05,0.012995717059690324
2014-12-06,0.058322729752878534
2014-12-07,0.012463084585886188
2014-12-08,0.016461664805809566
2014-12-09,0.0
2014-12-10,0.0
2014-12-11,0.009979312187373664
2014-12-12,
2014-12-13,0.8319244469957302
2014-12-14,0.028529638808759604
2014-12-15,0.7502460850111857
2014-12-16,0.017494223621906255
2014-12-17,0.028368514173692735
2014-12-18,0.0
2014-12-19,0.0
2014-12-20,0.06713855772692123
2014-12-21,0.027474695886340408
2014-12-22,1.0
2014-12-23,
2014-12-24,1.0
2014-12-25,0.6939107210200804
2014-12-26,0.48475763895121005
2014-12-27,0.6262083497263148
2014-12-28,0.9933310822218472
2014-12-29,0.2340084214273335
2014-12-30,0.2761994034587879
2014-12-31,
2015-01-01,0.0878559914024718
2015-01-02,1.0
2015-01-03,0.5352973138653591
2015-01-04,
2015-01-05,
2015-01-06,0.9577464788732394
2015-01-07,1.0
2015-01-08,1.0
2015-01-09,1.0
2015-01-10,
2015-01-11,0.998953960413555
2015-01-12,0.9944468973079514
2015-01-13,
2015-01-14,0.9250589378374474
2015-01-15,0.803584693265387
2015-01-16,0.7033190758138926
2015-01-17,0.6979752817331429
2015-01-18,0.7811442891972563
2015-01-19,0.7159608922869212
2015-01-20,0.7862116164862064
2015-01-21,0.9601940249901445
2015-01-22,0.6401579713295091
2015-01-23,0.6221712305890544
2015-01-24,0.5526662155864464
2015-01-25,0.5403307339001865
2015-01-26,0.9586116012597439
2015-01-27,0.2615231039178209
2015-01-28,
2015-01-29,0.0
2015-01-30,0.9139072847682119
2015-01-31,
2015-02-01,
2015-02-02,0.3921856646899036
2015-02-03,0.42796669778624663
2015-02-04,0.026504991428859537
2015-02-05,0.4748966040496452
2015-02-06,0.41787222198304175
2015-02-07,0.4356952603139996
2015-02-08,0.21777280662127851
2015-02-09,0.0
2015-02-10,0.4578042644944897
2015-02-11,0.10606060606060606
2015-02-12,1.0
2015-02-13,0.10896301043035626
2015-02-14,0.5292781306504702
2015-02-15,0.35897809560232885
2015-02-16,
2015-02-17,1.0
2015-02-18,
2015-02-19,1.0
2015-02-20,
2015-02-21,
2015-02-22,1.0
2015-02-23,0.9985147721074544
2015-02-24,1.0
2015-02-25,
2015-02-26,0.6491962021572933
2015-02-27,0.4493133229505877
2015-02-28,0.7484040043209852
2015-03-01,0.13805148856000615
2015-03-02,1.0
2015-03-03,0.31759552552657483
2015-03-04,
2015-03-05,0.8067523933956615
2015-03-06,0.16494948293608327
2015-03-07,
2015-03-08,0.3663044496085356
2015-03-09,0.27954199096103843
2015-03-10,0.2812742390394399
2015-03-11,
2015-03-12,
2015-03-13,0.039604440350962215
2015-03-14,0.05846092662557169
2015-03-15,0.2780274956537653
2015-03-16,
2015-03-17,1.0
2015-03-18,0.009182901796967841
2015-03-19,0.02531247708152167
2015-03-20,
2015-03-21,1.0
2015-03-22,
2015-03-23,0.9894684682796553
2015-03-24,
2015-03-25,0.5338996929692913
2015-03-26,0.38305569506039405
2015-03-27,
2015-03-28,
2015-03-29,0.013505585327343101
2015-03-30,0.0
2015-03-31,0.0032416490459381956
2015-04-01,0.0
2015-04-02,0.02466173110590189
2015-04-03,0.10277770900898683
2015-04-04,
2015-04-05,0.13303866429609632
2015-04-06,0.01822170616803933
2015-04-07,0.19126425767213098
2015-04-08,0.0003530037155371471
2015-04-09,
2015-04-10,
2015-04-11,
2015-04-12,
2015-04-13,0.0
2015-04-14,0.09127192797528744
2015-04-15,0.0029122720861575716
2015-04-16,0.020960052902101085
2015-04-17,0.023236103779186865
2015-04-18,0.025389804034711146
2015-04-19,0.008648712595216528
2015-04-20,0.0
2015-04-21,0.0012257355719257799
2015-04-22,0.0
2015-04-23,
2015-04-24,0.0
2015-04-25,0.11573114992428643
2015-04-26,0.01057551329166185
2015-04-27,0.007630880822055809
2015-04-28,5.766404122286979e-07
2015-04-29,0.004801045383043222
2015-04-30,0.0013729903190721807
2015-05-01,0.018100987895491485
2015-05-02,0.0
2015-05-03,0.14596774193548387
2015-05-04,0.0
2015-05-05,0.007674827506447779
2015-05-06,0.0016873000107164434
2015-05-07,0.007192664754987931
2015-05-08,0.0
2015-05-09,
2015-05-10,0.0
2015-05-11,0.006038604116068012
2015-05-12,0.0
2015-05-13,0.0
2015-05-14,0.0
2015-05-15,0.004452418136360793
2015-05-16,0.0
2015-05-17,0.0008540210118695062
2015-05-18,0.00346104548217448
2015-05-19,0.0
2015-05-20,0.0023223481476012196
2015-05-21,0.0005424467355176749
2015-05-22,0.0003952012837116846
2015-05-23,0.0
2015-05-24,0.00011549201828583111
2015-05-25,0.0
2015-05-26,0.00013381869905765447
2015-05-27,
2015-05-28,0.0003235772510058638
2015-05-29,0.0
2015-05-30,1.0
2015-05-31,0.0
2015-06-01,0.0
2015-06-02,0.0
2015-06-03,0.0
2015-06-04,0.0
2015-06-05,0.0
2015-06-06,0.0
2015-06-07,0.0
2015-06-08,0.0
2015-06-09,0.0
2015-06-10,0.0
2015-06-11,0.0
2015-06-12,0.03180935305543105
2015-06-13,0.0
2015-06-14,0.0
2015-06-15,0.009675281643472497
2015-06-16,0.0
2015-06-17,0.0
2015-06-18,0.0
2015-06-19,0.0033033246991530886
2015-06-20,0.0
2015-06-21,0.0
2015-06-22,0.0
2015-06-23,0.0
2015-06-24,0.0
2015-06-25,0.0
2015-06-26,0.0
2015-06-27,0.0
2015-06-28,0.0
2015-06-29,0.0
2015-06-30,0.0
2015-07-01,0.0
2015-07-02,0.0
2015-07-03,0.0
2015-07-04,0.0
2015-07-05,0.0
2015-07-06,0.0
2015-07-07,0.0
2015-07-08,0.0
2015-07-09,0.0
2015-07-10,0.0
2015-07-11,0.0
2015-07-12,0.0
2015-07-13,0.0
2015-07-14,0.0
2015-07-15,0.0
2015-07-16,0.0
2015-07-17,0.0
2015-07-18,0.0
2015-07-19,0.0
2015-07-20,0.0
2015-07-21,0.0
2015-07-22,0.0
2015-07-23,0.0
2015-07-24,0.0
2015-07-25,0.0
2015-07-26,0.0
2015-07-27,0.0
2015-07-28,0.0
2015-07-29,0.0
2015-07-30,0.0
2015-07-31,0.0
2015-08-01,0.0
2015-08-02,0.0
2015-08-03,0.0
2015-08-04,0.0
2015-08-05,0.0
2015-08-06,0.0
2015-08-07,0.0
2015-08-08,0.0
2015-08-09,0.0
2015-08-10,0.0
2015-08-11,0.0
2015-08-12,0.0
2015-08-13,0.0
2015-08-14,0.0
2015-08-15,0.0
2015-08-16,0.005441001558839326
2015-08-17,0.0
2015-08-18,0.0
2015-08-19,0.0
2015-08-20,0.0
2015-08-21,0.0
2015-08-22,0.0
2015-08-23,0.0
2015-08-24,0.0
2015-08-25,0.0
2015-08-26,0.0
2015-08-27,0.0
2015-08-28,0.0
2015-08-29,0.0
2015-08-30,0.0
2015-08-31,0.0
2015-09-01,0.0
2015-09-02,0.0
2015-09-03,0.0
2015-09-04,0.0
2015-09-05,0.0
2015-09-06,0.0
2015-09-07,0.0
2015-09-08,0.0
2015-09-09,0.0
2015-09-10,0.0
2015-09-11,0.0
2015-09-12,0.0
2015-09-13,0.0
2015-09-14,0.0
2015-09-15,0.0
2015-09-16,0.0
2015-09-17,0.0
2015-09-18,0.0
2015-09-19,0.0
2015-09-20,0.0
2015-09-21,0.0
2015-09-22,0.0
2015-09-23,0.0
2015-09-24,0.0
2015-09-25,0.0
2015-09-26,0.0
2015-09-27,0.0
2015-09-28,0.0
2015-09-29,0.0
2015-09-30,0.004624378896627305
2015-10-01,0.0
2015-10-02,0.0
2015-10-03,0.0
2015-10-04,0.0
2015-10-05,0.0
2015-10-06,0.0
2015-10-07,
2015-10-08,0.0
2015-10-09,0.0
2015-10-10,0.0
2015-10-11,0.0
2015-10-12,0.2879256472388726
2015-10-13,0.0
2015-10-14,0.0
2015-10-15,0.0
2015-10-16,0.0
2015-10-17,0.0
2015-10-18,0.0
2015-10-19,0.0
2015-10-20,0.0
2015-10-21,0.0
2015-10-22,0.0
2015-10-23,
2015-10-24,
2015-10-25,
2015-10-26,0.0
2015-10-27,
2015-10-28,0.0
2015-10-29,0.0
2015-10-30,0.0
2015-10-31,0.0
2015-11-01,0.0
2015-11-02,0.0
2015-11-03,0.0
2015-11-04,0.0
2015-11-05,0.0
2015-11-06,0.0
2015-11-07,0.0
2015-11-08,0.0
2015-11-09,0.0
2015-11-10,0.0
2015-11-11,1.0
2015-11-12,0.0
2015-11-13,0.0013201354303641498
2015-11-14,0.019624010130509975
2015-11-15,0.006439031629000814
2015-11-16,0.009724925489664941
2015-11-17,0.0
2015-11-18,0.007166124836395414
2015-11-19,0.0035827438197669104
2015-11-20,0.006513597011239901
2015-11-21,0.00869303775590103
2015-11-22,0.004867738380948752
2015-11-23,0.007174055650603093
2015-11-24,0.0
2015-11-25,0.0
2015-11-26,0.0017144767148128874
2015-11-27,0.0
2015-11-28,0.0
2015-11-29,0.0
2015-11-30,
2015-12-01,0.7211284587763147
2015-12-02,0.663852271489269
2015-12-03,0.9295774647887324
2015-12-04,
2015-12-05,0.9991047523991285
2015-12-06,0.994579801790791
2015-12-07,0.9555337200848133
2015-12-08,0.8301607839060319
2015-12-09,0.7861046291908362
2015-12-10,0.6021111003337554
2015-12-11,0.8287376982106768
2015-12-12,0.5546214795178606
2015-12-13,0.6529905988862883
2015-12-14,0.7396057630026439
2015-12-15,0.2580465134180724
2015-12-16,0.44372552930970294
2015-12-17,0.015931691570781482
2015-12-18,0.383793945128176
2015-12-19,0.3554682326693869
2015-12-20,0.38880816679042896
2015-12-21,0.03188502981414643
2015-12-22,0.38425753206012014
2015-12-23,0.4442060227259245
2015-12-24,0.3862407187152115
2015-12-25,0.2164110741834377
2015-12-26,0.32311704233180766
2015-12-27,0.2520661173958747
2015-12-28,0.2553057991412241
2015-12-29,0.2714756453600638
2015-12-30,
2015-12-31,1.0
2016-01-01,0.9942786627776531
2016-01-02,0.9913581762586754
2016-01-03,0.9839959730563657
2016-01-04,
2016-01-05,0.9717951554031634
2016-01-06,
2016-01-07,
2016-01-08,1.0
2016-01-09,
2016-01-10,0.7838943197470859
2016-01-11,
2016-01-12,
2016-01-13,0.8057051603206413
2016-01-14,1.0
2016-01-15,0.9963782267514114
2016-01-16,
2016-01-17,0.8500500855816696
2016-01-18,0.0029605377729789977
2016-01-19,1.0
2016-01-20,0.9936379513133977
2016-01-21,0.9314116016373906
2016-01-22,1.0
2016-01-23,1.0
2016-01-24,1.0
2016-01-25,1.0
2016-01-26,1.0
2016-01-27,1.0
2016-01-28,
2016-01-29,
2016-01-30,
2016-01-31,0.9690019274281405
2016-03-01,0.197516972010986
2016-03-02,0.20459860987581108
2016-03-03,0.012172999809050983
2016-03-04,0.25159151450830064
2016-03-05,0.0
2016-03-06,0.0
2016-03-07,0.22297538267265551
2016-03-08,0.1726806547475107
2016-03-09,0.10545662507161593
2016-03-10,0.11431587672129721
2016-03-11,0.0059321102933099
2016-03-12,0.06675151447914605
2016-03-13,0.06989794265104961
2016-03-14,
2016-03-15,
2016-03-16,0.04878048780487805
2016-03-17,0.396237583470524
2016-03-18,0.5255604042753629
2016-03-19,0.019307454427083336
2016-03-20,
2016-03-21,0.8103408478879741
2016-03-22,0.2552778859950019
2016-03-23,0.6688108855155679
2016-03-24,
2016-03-25,0.010590605048880604
2016-03-26,0.05371249562205703
2016-03-27,0.0035169988276670576
2016-03-28,
2016-03-29,0.0
2016-03-30,0.47776317193108025
2016-03-31,0.09002028379507278
2016-04-01,0.21176763306602975
2016-04-02,
2016-04-03,0.04128791779072879
2016-04-04,0.058388035622426976
2016-04-05,0.024451430947692403
2016-04-06,0.04905902021956904
2016-04-07,0.022842613694343383
2016-04-08,0.010128634549600913
2016-04-09,1.5689894796724757e-05
2016-04-10,0.0034431792333187556
2016-04-11,0.0
2016-04-12,0.0037810657879189685
2016-04-13,0.009496383900112109
2016-04-14,0.0
2016-04-15,0.007849133460765215
2016-04-16,0.0
2016-04-17,0.0068928784930235
2016-04-18,0.003158107777171453
2016-04-19,0.0053475116841216
2016-04-20,0.0007945904447914699
2016-04-21,0.0
2016-04-22,0.031572642323577545
2016-04-23,0.006892756454031125
2016-04-24,0.0013798850636911647
2016-04-25,0.0
2016-04-26,
2016-04-27,0.0
2016-04-28,0.0
2016-04-29,0.00324650842854548
2016-04-30,0.0
2016-05-01,0.0
2016-05-02,0.001381110026832622
2016-05-03,0.0
2016-05-04,0.008110824689399585
2016-05-05,0.0
2016-05-06,0.0036281114612752457
2016-05-07,1.0
2016-05-08,0.013147668340628032
2016-05-09,0.00019317273601770937
2016-05-10,0.0
2016-05-11,0.0036207591371468797
2016-05-12,0.0
2016-05-13,0.0
2016-05-14,9.090980114191246e-05
2016-05-15,0.0
2016-05-16,0.0
2016-05-17,0.0003990610328638504
2016-05-18,0.0
2016-05-19,0.0
2016-05-20,0.0
2016-05-21,0.0
2016-05-22,0.0
2016-05-23,0.0
2016-05-24,0.0
2016-05-25,0.0
2016-05-26,0.0
2016-05-27,0.04080623882051299
2016-05-28,0.0
2016-05-29,0.0
2016-05-30,
2016-05-31,0.0
2016-06-01,0.0
2016-06-02,0.0
2016-06-03,0.0
2016-06-04,0.0
2016-06-05,0.049789442891061374
2016-06-06,0.0
2016-06-07,0.0
2016-06-08,0.0
2016-06-09,
2016-06-10,0.0
2016-06-11,0.0
2016-06-12,0.0
2016-06-13,0.0
2016-06-14,0.0
2016-06-15,
2016-06-16,0.0
2016-06-17,0.0
2016-06-18,0.0
2016-06-19,0.0
2016-06-20,0.0
2016-06-21,0.0
2016-06-22,0.0
2016-06-23,0.0
2016-06-24,0.0
2016-06-25,0.0
2016-06-26,0.0
2016-06-27,0.0
2016-06-28,0.0
2016-06-29,0.0
2016-06-30,0.0
2016-07-01,0.0
2016-07-02,0.0
2016-07-03,0.0
2016-07-04,0.0
2016-07-05,0.0
2016-07-06,0.0
2016-07-07,0.0
2016-07-08,0.0
2016-07-09,0.0
2016-07-10,0.0
2016-07-11,0.0
2016-07-12,0.0
2016-07-13,0.0
2016-07-14,0.0
2016-07-15,0.0
2016-07-16,0.0
2016-07-17,0.0
2016-07-18,0.0
2016-07-19,0.0
2016-07-20,0.0
2016-07-21,0.0
2016-07-22,0.0
2016-07-23,0.0
2016-07-24,0.0
2016-07-25,0.0
2016-07-26,0.0
2016-07-27,0.0
2016-07-28,0.0
2016-07-29,0.0
2016-07-30,0.0
2016-07-31,0.0
2016-08-01,0.0
2016-08-02,0.0
2016-08-03,0.0
2016-08-04,0.0
2016-08-05,0.0
2016-08-06,0.0
2016-08-07,0.0
2016-08-08,0.0
2016-08-09,0.0
2016-08-10,0.0
2016-08-11,0.0
2016-08-12,0.0
2016-08-13,0.0
2016-08-14,0.0
2016-08-15,0.0
2016-08-16,0.0
2016-08-17,0.0
2016-08-18,0.0
2016-08-19,0.0
2016-08-20,0.0
2016-08-21,0.0
2016-08-22,0.0
2016-08-23,0.0
2016-08-24,0.0
2016-08-25,0.0
2016-08-26,0.0
2016-08-27,0.0
2016-08-28,0.0
2016-08-29,0.0
2016-08-30,0.0
2016-08-31,0.0
2016-09-01,
2016-09-02,0.0
2016-09-03,0.0
2016-09-04,
2016-09-05,0.0
2016-09-06,0.0
2016-09-07,0.0
2016-09-08,0.0
2016-09-09,0.0
2016-09-10,0.0
2016-09-11,0.0
2016-09-12,0.0
2016-09-13,0.0
2016-09-14,0.0
2016-09-15,0.0
2016-09-16,0.0
2016-09-17,0.0
2016-09-18,0.0
2016-09-19,0.0
2016-09-20,0.0
2016-09-21,0.0
2016-09-22,0.0
2016-09-23,1.0
2016-09-24,0.0
2016-09-25,0.0
2016-09-26,0.0
2016-09-27,0.0
2016-09-28,0.0
2016-09-29,0.0
2016-09-30,0.0
2016-10-01,0.0
2016-10-02,0.0
2016-10-03,0.0
2016-10-04,0.0
2016-10-05,0.0
2016-10-06,0.0
2016-10-07,0.0
2016-10-08,0.0
2016-10-09,0.0
2016-10-10,0.0
2016-10-11,0.0
2016-10-12,0.0
2016-10-13,0.0
2016-10-14,0.0
2016-10-15,0.0
2016-10-16,0.0
2016-10-17,0.0
2016-10-18,0.0
2016-10-19,0.0
2016-10-20,0.0
2016-10-21,0.0
2016-10-22,0.0
2016-10-23,0.0
2016-10-24,
2016-10-25,0.0
2016-10-26,0.0
2016-10-27,0.0
2016-10-28,0.0
2016-10-29,0.0
2016-10-30,
2016-10-31,0.0
2016-11-01,0.0
2016-11-02,0.023126706823467544
2016-11-03,0.0
2016-11-04,0.0
2016-11-05,0.0
2016-11-06,0.0
2016-11-07,0.0
2016-11-08,0.0
2016-11-09,0.0
2016-11-10,0.0
2016-11-11,0.0
2016-11-12,0.0
2016-11-13,0.0
2016-11-14,0.0
2016-11-15,0.0
2016-11-16,1.0
2016-11-17,0.5978853882079689
2016-11-18,0.5321836311285038
2016-11-19,0.1781721292538501
2016-11-20,0.06693455524655677
2016-11-21,0.04605113203352128
2016-11-22,0.006703153254232579
2016-11-23,0.01803071682377473
2016-11-24,0.0028056930780227785
2016-11-25,0.005173138763582804
2016-11-26,0.0006145765126509603
2016-11-27,0.0014992632220415776
2016-11-28,0.0
2016-11-29,0.021347002577906116
2016-11-30,
2016-12-01,
2016-12-02,
2016-12-03,
2016-12-04,0.9757661219248106
2016-12-05,0.782284366609187
2016-12-06,0.9054292638527925
2016-12-07,0.976333792957149
2016-12-08,0.9516821413004963
2016-12-09,0.9680926494918459
2016-12-10,1.0
2016-12-11,1.0
2016-12-12,1.0
2016-12-13,
2016-12-14,
2016-12-15,0.9991943925509218
2016-12-16,1.0
2016-12-17,0.9706415680856575
2016-12-18,0.996601339513397
2016-12-19,0.9965519376740006
2016-12-20,0.9933618364459073
2016-12-21,0.9008406104627439
2016-12-22,0.9554885254931417
2016-12-23,0.9926888169526419
2016-12-24,0.8731872357602667
2016-12-25,
2016-12-26,1.0
2016-12-27,0.9986787778695293
2016-12-28,
2016-12-29,
2016-12-30,0.8349909221492268
2016-12-31,0.7098965276455277
2017-01-01,0.4137619596149229
2017-01-02,0.687289520564256
2017-01-03,0.4032847296708903
2017-01-04,0.5538420253474147
2017-01-05,0.8319146914284162
2017-01-06,0.3943508360011207
2017-01-07,0.546206304507331
2017-01-08,0.9704438169097193
2017-01-09,
2017-01-10,0.9990275096543503
2017-01-11,0.6650246305418719
2017-01-12,0.9868945080707986
2017-01-13,0.7810580954369115
2017-01-14,0.9819734345351043
2017-01-15,0.9535858113604982
2017-01-16,0.9583849019415607
2017-01-17,1.0
2017-01-18,0.9863869383535087
2017-01-19,1.0
2017-01-20,
2017-01-21,0.9978819190643896
2017-01-22,0.9028853509990384
2017-01-23,0.9031695367280095
2017-01-24,0.859343446627242
2017-01-25,
2017-01-26,1.0
2017-01-27,
2017-01-28,0.9800996319082241
2017-01-29,
2017-01-30,0.9817400353901188
2017-01-31,0.9883720930232558
2017-02-01,1.0
2017-02-02,0.9981501382120442
2017-02-03,0.9765006827252992
2017-02-04,
2017-02-05,
2017-02-06,0.8143284358340918
2017-02-07,
2017-02-08,0.5249356899842336
2017-02-09,0.47094532949680684
2017-02-10,0.8546321960312983
2017-02-11,0.8449611788814385
2017-02-12,1.0
2017-02-13,0.8343752537143785
2017-02-14,
2017-02-15,
2017-02-16,0.8101669679889397
2017-02-17,0.9449651600172658
2017-02-18,0.948230434265787
2017-02-19,0.8893119982260678
2017-02-20,0.793697834621973
2017-02-21,
2017-02-22,0.6007753393282895
2017-02-23,0.033064244040124736
2017-02-24,0.6212763971815953
2017-02-25,0.5956712839869931
2017-02-26,
2017-02-27,0.5132565511526371
2017-02-28,0.4514594389689159
2017-03-01,0.29548583605426487
2017-03-02,0.2088714644074926
2017-03-03,0.0
2017-03-04,
2017-03-05,0.6256095241133469
2017-03-06,0.31475984479679553
2017-03-07,0.1650438222545041
2017-03-08,0.22484751168666076
2017-03-09,0.0877395157537308
2017-03-10,0.004177999148015859
2017-03-11,
2017-03-12,0.0689113974337275
2017-03-13,0.0
2017-03-14,0.0
2017-03-15,0.109375
2017-03-16,0.0
2017-03-17,0.0
2017-03-18,
2017-03-19,1.0
2017-03-20,0.08906882591093117
2017-03-21,
2017-03-22,0.360121488665953
2017-03-23,0.46061479983463527
2017-03-24,0.4208479730370726
2017-03-25,0.33052263440698665
2017-03-26,0.1359413493083333
2017-03-27,
2017-03-28,0.6952864714409168
2017-03-29,0.18042891235249314
2017-03-30,0.08887395324468551
2017-03-31,0.11388155678114383
2017-04-01,
2017-04-02,0.08929314143659024
2017-04-03,0.09743522265668453
2017-04-04,0.056904961442739606
2017-04-05,0.004473572972097455
2017-04-06,0.0
2017-04-07,0.03477131459319047
2017-04-08,0.0
2017-04-09,0.2217277517091898
2017-04-10,0.0012321952071029205
2017-04-11,0.04062915511259186
2017-04-12,0.0
2017-04-13,
2017-04-14,
2017-04-15,0.015366833968022818
2017-04-16,0.0075128835328629184
2017-04-17,0.0031293815043740986
2017-04-18,0.005389822838083839
2017-04-19,0.0018958660062259641
2017-04-20,0.0016922757975633166
2017-04-21,0.0
2017-04-22,
2017-04-23,0.0
2017-04-24,
2017-04-25,0.034124204898303555
2017-04-26,0.00729530365424139
2017-04-27,0.006221799608884528
2017-04-28,0.0
2017-04-29,0.004712120903361886
2017-04-30,0.0
2017-05-01,0.0
2017-05-02,0.002736107634141488
2017-05-03,
2017-05-04,
2017-05-05,0.00018283862340441953
2017-05-06,0.0005836569401601895
2017-05-07,
2017-05-08,0.0
2017-05-09,
2017-05-10,0.003200510073448568
2017-05-11,0.0
2017-05-12,1.0801758805088545e-05
2017-05-13,0.0
2017-05-14,0.0
2017-05-15,8.573878250928835e-05
2017-05-16,0.0010369858278603526
2017-05-17,0.0
2017-05-18,
2017-05-19,0.9156078107810781
2017-05-20,
2017-05-21,0.000605840160804159
2017-05-22,0.0
2017-05-23,0.0
2017-05-24,0.006775006249806385
2017-05-25,0.0005911069694988807
2017-05-26,0.0
2017-05-27,0.0013951045507763352
2017-05-28,0.03320531177072513
2017-05-29,0.0
2017-05-30,0.0
2017-05-31,0.0
2017-06-01,0.0
2017-06-02,0.0
2017-06-03,0.0
2017-06-04,0.0
2017-06-05,0.0
2017-06-06,3.3711873977523534e-05
2017-06-07,0.0
2017-06-08,0.0
2017-06-09,0.0
2017-06-10,
2017-06-11,0.0
2017-06-12,0.0
2017-06-13,0.0
2017-06-14,0.0
2017-06-15,0.0
2017-06-16,
2017-06-17,0.0
2017-06-18,0.0
2017-06-19,0.002956493173978995
2017-06-20,0.051725462977417286
2017-06-21,0.0
2017-06-22,0.0
2017-06-23,0.0
2017-06-24,0.0
2017-06-25,0.0
2017-06-26,0.0
2017-06-27,0.0
2017-06-28,0.0
2017-06-29,0.0
2017-06-30,0.0
2017-07-01,0.0
2017-07-02,0.0
2017-07-03,0.0
2017-07-04,0.0
2017-07-05,0.0
2017-07-06,0.0
2017-07-07,0.0
2017-07-08,0.0
2017-07-09,0.0
2017-07-10,0.0
2017-07-11,0.0
2017-07-12,0.0
2017-07-13,0.0
2017-07-14,0.0
2017-07-15,0.0
2017-07-16,0.0
2017-07-17,0.0
2017-07-18,0.0
2017-07-19,0.0
2017-07-20,0.0
2017-07-21,0.0
2017-07-22,0.0
2017-07-23,0.0
2017-07-24,0.0
2017-07-25,0.0
2017-07-26,0.0
2017-07-27,0.0
2017-07-28,0.0
2017-07-29,0.0
2017-07-30,0.0
2017-07-31,0.0
2017-08-01,0.0
2017-08-02,0.0
2017-08-03,0.0
2017-08-04,0.0
2017-08-05,0.0
2017-08-06,0.0
2017-08-07,0.0
2017-08-08,0.0
2017-08-09,0.0
2017-08-10,0.0
2017-08-11,0.0
2017-08-12,0.0
2017-08-13,0.0
2017-08-14,0.0
2017-08-15,0.0
2017-08-16,0.0
2017-08-17,0.0
2017-08-18,0.0
2017-08-19,0.0
2017-08-20,0.0
2017-08-21,0.0
2017-08-22,0.0
2017-08-23,0.0
2017-08-24,0.0
2017-08-25,0.0
2017-08-26,0.0
2017-08-27,0.0
2017-08-28,0.0
2017-08-29,0.0
2017-08-30,0.0
2017-08-31,0.0
2017-09-01,0.0
2017-09-02,0.0
2017-09-03,0.0
2017-09-04,0.0
2017-09-05,0.0
2017-09-06,0.0
2017-09-07,0.0
2017-09-08,0.0
2017-09-09,0.0
2017-09-10,0.0
2017-09-11,0.0
2017-09-12,0.0
2017-09-13,0.0
2017-09-14,0.0
2017-09-15,0.0
2017-09-16,0.0
2017-09-17,0.0
2017-09-18,0.0
2017-09-19,0.01298078418145589
2017-09-20,0.0
2017-09-21,0.0
2017-09-22,0.0
2017-09-23,0.0
2017-09-24,0.0
2017-09-25,0.0
2017-09-26,0.0970393485044524
2017-09-27,0.0
2017-09-28,0.0
2017-09-29,0.0
2017-09-30,0.0
2017-10-01,0.0
2017-10-02,
2017-10-03,0.0
2017-10-04,0.0
2017-10-05,0.0
2017-10-06,0.0
2017-10-07,0.0
2017-10-08,0.0
2017-10-09,0.0
2017-10-10,
2017-10-11,0.0
2017-10-12,0.0
2017-10-13,0.0
2017-10-14,0.0
2017-10-15,0.0
2017-10-16,
2017-10-17,0.0
2017-10-18,0.0
2017-10-19,0.0
2017-10-20,0.0
2017-10-21,0.0
2017-10-22,0.0
2017-10-23,0.0
2017-10-24,0.0
2017-10-25,0.0
2017-10-26,
2017-10-27,0.0
2017-10-28,0.0
2017-10-29,0.0
2017-10-30,0.0
2017-10-31,0.0
2017-11-01,0.0027221848995362566
2017-11-02,0.0
2017-11-03,0.00018132157892787894
2017-11-04,0.0
2017-11-05,0.29558011049723754
2017-11-06,0.0050412553059569825
2017-11-07,0.002861298542773534
2017-11-08,0.0
2017-11-09,0.0
2017-11-10,0.001624317103079127
2017-11-11,0.0006488772568521481
2017-11-12,0.0014605569735444614
2017-11-13,0.0006216633203168859
2017-11-14,
2017-11-15,0.0
2017-11-16,0.0001086897276985673
2017-11-17,0.0
2017-11-18,0.0
2017-11-19,0.06715938303341903
2017-11-20,0.0
2017-11-21,0.9386451819882207
2017-11-22,0.4995738186786499
2017-11-23,
2017-11-24,0.5921294833952359
2017-11-25,0.6697515581912044
2017-11-26,0.47772654076738386
2017-11-27,0.6263881422317795
2017-11-28,
2017-11-29,0.08408384087080478
2017-11-30,0.3877482587160011
2017-12-01,0.2337480759714463
2017-12-02,0.18840872964775632
2017-12-03,0.17753471713035993
2017-12-04,0.11744394332944644
2017-12-05,0.3960409398431025
2017-12-06,
2017-12-07,
2017-12-08,1.0
2017-12-09,0.8735355412607332
2017-12-10,0.5367988476356773
2017-12-11,0.052299778579232875
2017-12-12,0.3640930816252831
2017-12-13,0.2782092172814897
2017-12-14,1.0
2017-12-15,0.30724808151523103
2017-12-16,0.15891297406666963
2017-12-17,0.0
2017-12-18,
2017-12-19,0.2268375749771256
2017-12-20,
2017-12-21,0.34202464996875476
2017-12-22,
2017-12-23,0.7778892455858748
2017-12-24,
2017-12-25,0.9904879140555058
2017-12-26,0.9852464172813852
2017-12-27,0.869191049913942
2017-12-28,0.7890781265065555
2017-12-29,0.3261247884622588
2017-12-30,0.08860811764233957
2017-12-31,0.1281493420931672
2018-01-01,1.0
2018-01-02,0.40949081251401365
2018-01-03,
2018-01-04,0.8120225170888621
2018-01-05,0.38
2018-01-06,0.183777455532348
2018-01-07,0.21510188314695816
2018-01-08,0.2580952074507864
2018-01-09,0.19677790563866512
2018-01-10,0.16683034294620672
2018-01-11,
2018-01-12,
2018-01-13,0.03463195064219472
2018-01-14,
2018-01-15,
2018-01-16,0.2143528772311048
2018-01-17,1.0
2018-01-18,0.8421052631578947
2018-01-19,0.9867418022160376
2018-01-20,1.0
2018-01-21,0.97968642295684
2018-01-22,0.8650171620950003
2018-01-23,
2018-01-24,
2018-01-25,
2018-01-26,
2018-01-27,1.0
2018-01-28,1.0
2018-01-29,
2018-01-30,0.6570792196792131
2018-01-31,0.7997885874302247
2018-02-01,0.5757742747116855
2018-02-02,0.6665472339454441
2018-02-03,0.344501951008021
2018-02-04,
2018-02-05,0.24137548049443178
2018-02-06,0.886726557605125
2018-02-07,0.4271454277225129
2018-02-08,0.3991596928057305
2018-02-09,0.13062513907338355
2018-02-10,0.4693556957649983
2018-02-11,0.21156768259600886
2018-02-12,0.15057730409236864
2018-02-13,0.06021098213072269
2018-02-14,0.07513621010585632
2018-02-15,0.0
2018-02-16,0.016542392399596956
2018-02-17,
2018-02-18,0.0
2018-02-19,0.1941023139977108
2018-02-20,0.06554903721554814
2018-02-21,0.0
2018-02-22,0.10590184610438588
2018-02-23,0.1088913867416682
2018-02-24,0.0835594515093172
2018-02-25,
2018-02-26,
2018-02-27,0.0
2018-02-28,0.0010866045100478962
2018-03-01,
2018-03-02,0.896805215662282
2018-03-03,0.0
2018-03-04,
2018-03-05,0.0
2018-03-06,
2018-03-07,0.007320425997958637
2018-03-08,1.0
2018-03-09,
2018-03-10,0.07795624726197198
2018-03-11,0.047969040810565584
2018-03-12,0.03376584341417528
2018-03-13,0.032290357126228054
2018-03-14,0.0
2018-03-15,0.024096385542168676
2018-03-16,
2018-03-17,0.34450866402042013
2018-03-18,0.0
2018-03-19,0.024437360364607294
2018-03-20,0.0028265966114094745
2018-03-21,0.0
2018-03-22,
2018-03-23,0.0
2018-03-24,
2018-03-25,0.029765287056233835
2018-03-26,0.0
2018-03-27,0.0037504345500273405
2018-03-28,0.0
2018-03-29,0.0007689864256304685
2018-03-30,
2018-03-31,0.035257496685852416
2018-04-01,0.011103424099831413
2018-04-02,0.009130660810212908
2018-04-03,0.007209920851091106
2018-04-04,0.01257298842375578
2018-04-05,0.011108943702062663
2018-04-06,0.009164612633512165
2018-04-07,0.007482121265787636
2018-04-08,0.006856837835477716
2018-04-09,0.0
2018-04-10,0.0
2018-04-11,0.0
2018-04-12,0.0172265111695138
2018-04-13,0.0023627228552092956
2018-04-14,0.004626571833833215
2018-04-15,0.005080991630334476
2018-04-16,0.003698498670897197
2018-04-17,0.0038965286628864847
2018-04-18,0.0
2018-04-19,0.0032813382999021677
2018-04-20,0.00022391401701746534
2018-04-21,
2018-04-22,0.017414397431026966
2018-04-23,0.0024950440545989183
2018-04-24,0.002297162309702183
2018-04-25,0.001552507405116937
2018-04-26,0.0
2018-04-27,0.0
2018-04-28,0.0012521088399901578
2018-04-29,0.0005648518322043199
2018-04-30,0.0006568982214085623
2018-05-01,0.0
2018-05-02,0.0
2018-05-03,0.00022373350992113412
2018-05-04,0.00013315933846440653
2018-05-05,0.00048401329375019695
2018-05-06,0.0
2018-05-07,0.0
2018-05-08,0.0
2018-05-09,0.0
2018-05-10,0.08210492175464203
2018-05-11,
2018-05-12,0.0
2018-05-13,0.0
2018-05-14,9.984015591038763e-06
2018-05-15,0.0
2018-05-16,0.0
2018-05-17,0.0
2018-05-18,0.0
2018-05-19,0.0
2018-05-20,0.0013619684984697883
2018-05-21,0.0
2018-05-22,0.004584237286285618
2018-05-23,0.0
2018-05-24,0.0
2018-05-25,0.0
2018-05-26,0.0
2018-05-27,0.0
2018-05-28,0.0
2018-05-29,
2018-05-30,0.0
2018-05-31,0.04641010677584367
2018-06-01,0.0
2018-06-02,0.0
2018-06-03,0.0
2018-06-04,0.0
2018-06-05,0.0
2018-06-06,0.0
2018-06-07,0.12347211320327699
2018-06-08,0.0
2018-06-09,0.0
2018-06-10,0.0
2018-06-11,0.0
2018-06-12,0.0
2018-06-13,8.518305839248558e-05
2018-06-14,0.0
2018-06-15,0.0
2018-06-16,0.0
2018-06-17,0.0
2018-06-18,0.7216780933725107
2018-06-19,0.0
2018-06-20,0.0
2018-06-21,0.0
2018-06-22,0.004096069700649589
2018-06-23,0.008544327973526658
2018-06-24,0.0
2018-06-25,0.0
2018-06-26,0.0
2018-06-27,0.0
2018-06-28,0.0
2018-06-29,0.0
2018-06-30,0.0
2018-07-01,0.0
2018-07-02,0.0
2018-07-03,0.0
2018-07-04,0.0
2018-07-05,0.0
2018-07-06,0.0
2018-07-07,0.0
2018-07-08,0.0
2018-07-09,0.0
2018-07-10,0.0
2018-07-11,0.0
2018-07-12,0.0
2018-07-13,0.0
2018-07-14,0.0
2018-07-15,0.0
2018-07-16,0.0
2018-07-17,0.0
2018-07-18,0.0
2018-07-19,0.0
2018-07-20,0.011352737741512325
2018-07-21,0.0
2018-07-22,0.0
2018-07-23,0.0
2018-07-24,0.0
2018-07-25,0.0
2018-07-26,0.0
2018-07-27,0.0
2018-07-28,0.0
2018-07-29,0.0
2018-07-30,0.0
2018-07-31,0.0
2018-08-01,0.0
2018-08-02,0.0
2018-08-03,0.0
2018-08-04,0.0
2018-08-05,0.0
2018-08-06,0.0
2018-08-07,0.0
2018-08-08,0.0
2018-08-09,0.0
2018-08-10,0.0
2018-08-11,0.0
2018-08-12,0.0
2018-08-13,0.0
2018-08-14,0.0
2018-08-15,0.0
2018-08-16,0.0
2018-08-17,0.0
2018-08-18,0.0
2018-08-19,0.0
2018-08-20,0.0
2018-08-21,0.0
2018-08-22,0.0
2018-08-23,0.0
2018-08-24,0.0
2018-08-25,0.0
2018-08-26,0.0
2018-08-27,0.0
2018-08-28,0.0
2018-08-29,0.0
2018-08-30,0.0
2018-08-31,0.0
2018-09-01,0.0
2018-09-02,0.0
2018-09-03,0.0
2018-09-04,0.0
2018-09-05,0.0
2018-09-06,0.0
2018-09-07,0.0
2018-09-08,0.0
2018-09-09,0.0
2018-09-10,0.8507225720316812
2018-09-11,0.01162025744996807
2018-09-12,0.0
2018-09-13,0.0
2018-09-14,0.0
2018-09-15,0.0
2018-09-16,0.0
2018-09-17,0.0
2018-09-18,0.0
2018-09-19,0.0
2018-09-20,0.0
2018-09-21,0.0
2018-09-22,0.0
2018-09-23,0.0
2018-09-24,0.0
2018-09-25,0.0
2018-09-26,0.0
2018-09-27,0.0
2018-09-28,0.0
2018-09-29,0.0
2018-09-30,0.0
2018-10-01,0.0
2018-10-02,0.0
2018-10-03,0.0
2018-10-04,0.0
2018-10-05,0.0
2018-10-06,0.0
2018-10-07,0.0
2018-10-08,0.0
2018-10-09,0.0
2018-10-10,0.0
2018-10-11,0.0
2018-10-12,0.0
2018-10-13,0.0
2018-10-14,0.0
2018-10-15,0.0
2018-10-16,0.0
2018-10-17,0.0
2018-10-18,0.0
2018-10-19,0.0
2018-10-20,0.0
2018-10-21,0.966692789968652
2018-10-22,0.0
2018-10-23,0.0
2018-10-24,
2018-10-25,0.0
2018-10-26,0.2792122811026403
2018-10-27,0.5118697392754469
2018-10-28,0.24367974008541177
2018-10-29,0.03241839607239526
2018-10-30,0.023096401796142463
2018-10-31,0.0009195684158901436
2018-11-01,0.005214860119985116
2018-11-02,0.00324795636170412
2018-11-03,0.0001020255758134175
2018-11-04,0.0
2018-11-05,0.0
2018-11-06,0.0005998589232312486
2018-11-07,0.0
2018-11-08,0.0
2018-11-09,0.0
2018-11-10,0.0
2018-11-11,0.0
2018-11-12,0.0
2018-11-13,0.0
2018-11-14,
2018-11-15,0.05395269477191919
2018-11-16,
2018-11-17,0.5609835749288223
2018-11-18,0.1658291457286432
2018-11-19,0.08297230046355354
2018-11-20,0.016445761268618173
2018-11-21,
2018-11-22,1.0
2018-11-23,
2018-11-24,0.01814115532799261
2018-11-25,1.0
2018-11-26,0.008443057304386433
2018-11-27,
2018-11-28,
2018-11-29,0.06394182547642929
2018-11-30,0.001356920656229926
2018-12-01,
2018-12-02,
2018-12-03,0.009729516713107284
2018-12-04,0.0
2018-12-05,0.0
2018-12-06,
2018-12-07,1.0
2018-12-08,0.9647715952212563
2018-12-09,0.7536994680710578
2018-12-10,1.0
2018-12-11,0.057999955257850185
2018-12-12,1.0
2018-12-13,0.9569618386542937
2018-12-14,
2018-12-15,0.2578125
2018-12-16,0.0
2018-12-17,1.0
2018-12-18,0.0827494147688903
2018-12-19,0.8413352392163458
2018-12-20,
2018-12-21,0.48241446021094564
2018-12-22,0.0
2018-12-23,0.20251285622832388
2018-12-24,0.8104089219330856
2018-12-25,
2018-12-26,1.0
2018-12-27,
2018-12-28,0.8823529411764706
2018-12-29,0.9996341088074314
2018-12-30,
2018-12-31,0.9819889814945614
2019-01-01,1.0
2019-01-02,0.974230945440783
2019-01-03,0.7763209508133018
2019-01-04,0.9930681153938726
2019-01-05,0.7419674208622647
2019-01-06,1.0
2019-01-07,0.9818886042624518
2019-01-08,
2019-01-09,1.0
2019-01-10,0.9946462688342863
2019-01-11,0.9899358357678085
2019-01-12,0.9921874700806912
2019-01-13,0.9789211394706713
2019-01-14,0.9816930035368747
2019-01-15,
2019-01-16,
2019-01-17,1.0
2019-01-18,1.0
2019-01-19,1.0
2019-01-20,0.9976971891005136
2019-01-21,0.997390640495045
2019-01-22,
2019-01-23,0.9887631249035281
2019-01-24,1.0
2019-01-25,0.7565282432918631
2019-01-26,
2019-01-27,0.6803031830798884
2019-01-28,0.6690309791744508
2019-01-29,0.649120008917815
2019-01-30,
2019-01-31,0.5621161180133288
2019-02-01,0.6795985591277715
2019-02-02,
2019-02-03,0.6805672967934909
2019-02-04,0.5670067106680292
2019-02-05,0.6006229205720539
2019-02-06,
2019-02-07,
2019-02-08,0.2894088565815544
2019-02-09,
2019-02-10,1.0
2019-02-11,0.27803602177088327
2019-02-12,0.523973963159711
2019-02-13,0.014967423842225745
2019-02-14,
2019-02-15,
2019-02-16,
2019-02-17,0.5463772526187102
2019-02-18,0.47459759605279367
2019-02-19,0.11644976596992936
2019-02-20,0.4722685470175062
2019-02-21,0.4292230702165197
2019-02-22,0.39196376025460083
2019-02-23,0.19797887441015866
2019-02-24,0.5511528212258138
2019-02-25,0.9752463020390242
2019-02-26,0.3768556608022719
2019-02-27,
2019-02-28,0.6747183339023558
2019-03-01,0.39330530005400843
2019-03-02,0.37722709764355417
2019-03-03,0.0
2019-03-04,0.3383144982083659
2019-03-05,0.2806713538400484
2019-03-06,
2019-03-07,0.46799505599460656
2019-03-08,0.5845615992824281
2019-03-09,0.2575240830178827
2019-03-10,0.0020538346300681396
2019-03-11,0.26262476773058385
2019-03-12,
2019-03-13,
2019-03-14,0.1927710843373494
2019-03-15,0.01933527107291798
2019-03-16,0.07086614173228346
2019-03-17,0.0784313725490196
2019-03-18,0.16977221724232186
2019-03-19,0.34181061028381804
2019-03-20,0.2014677983966436
2019-03-21,0.2299640360981823
2019-03-22,1.0
2019-03-23,0.20994165736752546
2019-03-24,0.0
2019-03-25,0.2327492178236347
2019-03-26,0.221619116276465
2019-03-27,0.12187227797629505
2019-03-28,0.21743623155627576
2019-03-29,
2019-03-30,0.19661680942276136
2019-03-31,0.0
2019-04-01,0.0006906376616904643
2019-04-02,
2019-04-03,0.09416963386968352
2019-04-04,0.04382702981324155
2019-04-05,0.042459670110567345
2019-04-06,0.09613917884712458
2019-04-07,
2019-04-08,0.16363636363636364
2019-04-09,0.03269578173816244
2019-04-10,0.016107556942639323
2019-04-11,0.0
2019-04-12,0.0019535072425432036
2019-04-13,0.02598726551527868
2019-04-14,0.0
2019-04-15,0.0
2019-04-16,
2019-04-17,
2019-04-18,
2019-04-19,0.024444142024871846
2019-04-20,
2019-04-21,
2019-04-22,0.0
2019-04-23,0.0
2019-04-24,0.043821434062836354
2019-04-25,0.19565597001411347
2019-04-26,0.0928020223983525
2019-04-27,0.03742617488222451
2019-04-28,0.0032636804204132326
2019-04-29,0.00030617537725609214
2019-04-30,0.011560931667007217
2019-05-01,0.0039575882530474595
2019-05-02,
2019-05-03,0.0027014644955100395
2019-05-04,0.0
2019-05-05,0.0
2019-05-06,0.0
2019-05-07,0.0011393590733060203
2019-05-08,0.0
2019-05-09,0.0
2019-05-10,0.0012255286384440995
2019-05-11,0.0
2019-05-12,0.0
2019-05-13,0.004093581783704434
2019-05-14,0.0036005110238144043
2019-05-15,0.004339261291134742
2019-05-16,0.0017188857092610295
2019-05-17,0.0011653890282651935
2019-05-18,0.0009681679069117123
2019-05-19,0.00032558525545674515
2019-05-20,0.0
2019-05-21,0.00024053358839326396
2019-05-22,0.0
2019-05-23,
2019-05-24,0.0
2019-05-25,0.0
2019-05-26,0.0001300402716872751
2019-05-27,9.083116550676973e-05
2019-05-28,0.0
2019-05-29,9.570476992573322e-06
2019-05-30,0.0
2019-05-31,0.0
2019-06-01,0.0
2019-06-02,0.0
2019-06-03,0.2675906765112054
2019-06-04,0.0
2019-06-05,0.0
2019-06-06,0.0
2019-06-07,0.0
2019-06-08,0.0
2019-06-09,0.0
2019-06-10,0.0
2019-06-11,0.0
2019-06-12,0.0
2019-06-13,0.0
2019-06-14,0.0
2019-06-15,0.0
2019-06-16,0.0
2019-06-17,0.0
2019-06-18,0.0
2019-06-19,0.0
2019-06-20,0.0
2019-06-21,0.0
2019-06-22,0.0007883645344608053
2019-06-23,0.0
2019-06-24,0.0
2019-06-25,0.0
2019-06-26,0.0
2019-06-27,0.0
2019-06-28,0.0
2019-06-29,0.0
2019-06-30,0.0
2019-07-01,0.0
2019-07-02,0.0
2019-07-03,0.0
2019-07-04,0.0
2019-07-05,0.0
2019-07-06,0.0
2019-07-07,0.0
2019-07-08,0.0
2019-07-09,0.0
2019-07-10,0.0
2019-07-11,0.0
2019-07-12,0.0
2019-07-13,0.0
2019-07-14,0.0
2019-07-15,0.0
2019-07-16,0.0
2019-07-17,0.0
2019-07-18,0.008865755890052354
2019-07-19,
2019-07-20,0.0
2019-07-21,0.0
2019-07-22,0.0
2019-07-23,0.0
2019-07-24,0.0
2019-07-25,0.0
2019-07-26,0.0
2019-07-27,0.0
2019-07-28,0.0
2019-07-29,0.0
2019-07-30,0.0
2019-07-31,0.0
2019-08-01,0.0
2019-08-02,0.0
2019-08-03,0.0
2019-08-04,0.0
2019-08-05,0.0
2019-08-06,0.0
2019-08-07,0.0
2019-08-08,0.0
2019-08-09,0.0
2019-08-10,0.0
2019-08-11,0.0
2019-08-12,0.0
2019-08-13,0.0
2019-08-14,0.0
2019-08-15,0.0
2019-08-16,0.0
2019-08-17,0.0
2019-08-18,0.0
2019-08-19,0.0
2019-08-20,0.0
2019-08-21,0.0
2019-08-22,0.0
2019-08-23,0.0
2019-08-24,0.0
2019-08-25,0.0
2019-08-26,0.0
2019-08-27,0.0
2019-08-28,0.0
2019-08-29,0.0
2019-08-30,0.0
2019-08-31,0.0
2019-09-01,0.0
2019-09-02,0.0
2019-09-03,0.0
2019-09-04,0.0
2019-09-05,0.0
2019-09-06,0.0
2019-09-07,0.0
2019-09-08,0.0
2019-09-09,0.0
2019-09-10,0.0
2019-09-11,0.0
2019-09-12,0.0
2019-09-13,0.0
2019-09-14,0.0
2019-09-15,
2019-09-16,0.0
2019-09-17,0.0
2019-09-18,0.0
2019-09-19,0.0
2019-09-20,0.0
2019-09-21,
2019-09-22,0.0
2019-09-23,0.0
2019-09-24,0.0
2019-09-25,0.0
2019-09-26,0.0
2019-09-27,0.0
2019-09-28,0.0
2019-09-29,0.0
2019-09-30,0.0
2019-10-01,0.0
2019-10-02,0.0
2019-10-03,0.0
2019-10-04,0.0
2019-10-05,0.0
2019-10-06,0.05208307620914193
2019-10-07,0.0
2019-10-08,0.0
2019-10-09,0.0
2019-10-10,0.0
2019-10-11,0.0
2019-10-12,0.0
2019-10-13,0.0
2019-10-14,0.0
2019-10-15,0.0
2019-10-16,0.0
2019-10-17,0.0
2019-10-18,0.0003711294743387624
2019-10-19,0.0006670331716032214
2019-10-20,0.0
2019-10-21,0.0
2019-10-22,0.0
2019-10-23,0.0
2019-10-24,0.0
2019-10-25,0.0
2019-10-26,0.0
2019-10-27,0.0
2019-10-28,0.0
2019-10-29,0.0021464878849500454
2019-10-30,0.002897276759124151
2019-10-31,0.0
2019-11-01,
2019-11-02,0.6319933381229182
2019-11-03,0.2285957718062787
2019-11-04,0.04569561987443747
2019-11-05,0.0
2019-11-06,0.001395324019031621
2019-11-07,0.0003459346782313759
2019-11-08,0.0
2019-11-09,0.0
2019-11-10,0.0
2019-11-11,0.0
2019-11-12,0.0
2019-11-13,0.0
2019-11-14,0.0
2019-11-15,0.0
2019-11-16,0.0
2019-11-17,0.0
2019-11-18,0.0
2019-11-19,0.0
2019-11-20,0.0
2019-11-21,0.0
2019-11-22,0.0
2019-11-23,0.0
2019-11-24,0.0
2019-11-25,0.0
2019-11-26,
2019-11-27,
2019-11-28,0.010758059256017869
2019-11-29,
2019-11-30,0.0
2019-12-01,
2019-12-02,0.25101845195303135
2019-12-03,0.5331096577379327
2019-12-04,
2019-12-05,
2019-12-06,0.7762277319002296
2019-12-07,0.5584576099416227
2019-12-08,0.5446388084360346
2019-12-09,0.35663656925778586
2019-12-10,0.28456886936108616
2019-12-11,0.23396827831832884
2019-12-12,0.0
2019-12-13,0.10449383765129489
2019-12-14,
2019-12-15,0.007905138339920948
2019-12-16,0.028415412094922175
2019-12-17,0.052093624002932354
2019-12-18,0.0710477615706792
2019-12-19,0.038277338127144046
2019-12-20,0.044081052381307724
2019-12-21,0.03268221410632322
2019-12-22,0.030312401797694517
2019-12-23,0.5317191131210349
2019-12-24,0.08354822914966542
2019-12-25,0.29853990676271314
2019-12-26,
2019-12-27,0.9671740236494147
2019-12-28,
2019-12-29,0.8634638765059134
2019-12-30,
2019-12-31,0.6249472923160303
2020-01-01,0.2222222222222222
2020-01-02,1.0
2020-01-03,0.7027812194918981
2020-01-04,
2020-01-05,0.5362237164027941
2020-01-06,
2020-01-07,0.8746516561578322
2020-01-08,1.0
2020-01-09,
2020-01-10,0.6871298162056545
2020-01-11,0.5821556022479031
2020-01-12,1.0
2020-01-13,1.0
2020-01-14,0.7204365201668412
2020-01-15,0.7442001922913418
2020-01-16,0.5016836641699718
2020-01-17,0.4943031044837412
2020-01-18,
2020-01-19,0.5126313579795618
2020-01-20,
2020-01-21,0.9659485444671949
2020-01-22,1.0
2020-01-23,0.9851235218883926
2020-01-24,1.0
2020-01-25,0.9889947293806548
2020-01-26,0.9780846674419483
2020-01-27,0.9416523338006098
2020-01-28,0.9649401744354117
2020-01-29,
2020-01-30,
2020-01-31,
2020-02-01,1.0
2020-02-02,
2020-02-03,
2020-02-04,1.0
2020-02-05,0.2973297089862488
2020-02-06,0.2680438494283132
2020-02-07,
2020-02-08,1.0
2020-02-09,1.0
2020-02-10,0.9996817007912544
2020-02-11,0.9939924611276897
2020-02-12,
2020-02-13,0.9986273164035689
2020-02-14,0.9983871926653317
2020-02-15,0.9976023951870602
2020-02-16,0.991156061648257
2020-02-17,0.9533136106276047
2020-02-18,0.9184646952685697
2020-02-19,0.847641063703869
2020-02-20,1.0
2020-02-21,0.4617644286233723
2020-02-22,1.0
2020-02-23,0.5199705352758226
2020-02-24,0.3751134194263252
2020-02-25,0.8063651170890613
2020-02-26,0.6338076817398981
2020-02-27,0.4294417160441515
2020-02-28,
2020-02-29,
2020-03-01,
2020-03-02,0.5101819143641703
2020-03-03,0.47463383770078127
2020-03-04,0.42057743093469746
2020-03-05,0.16865048331091442
2020-03-06,0.005380476556495002
2020-03-07,0.3812398887107845
2020-03-08,0.3311196047715909
2020-03-09,0.294545461244552
2020-03-10,0.20196750918092912
2020-03-11,0.19173351146344567
2020-03-12,0.018460101809568277
2020-03-13,
2020-03-14,0.5807191380727792
2020-03-15,0.0
2020-03-16,
2020-03-17,
2020-03-18,
2020-03-19,
2020-03-20,1.0
2020-03-21,0.9027849157069078
2020-03-22,0.6170276793564513
2020-03-23,0.437894332654318
2020-03-24,0.0019538470674096385
2020-03-25,0.12013600865277342
2020-03-26,0.10987796157955032
2020-03-27,0.005590018312865801
2020-03-28,0.0
2020-03-29,
2020-03-30,
2020-03-31,0.06431739470735985
2020-04-01,
2020-04-02,0.023234111982171995
2020-04-03,0.0
2020-04-04,0.051331119285837466
2020-04-05,
2020-04-06,0.0
2020-04-07,0.000406100150270429
2020-04-08,0.040504587759830506
2020-04-09,4.164984653633469e-05
2020-04-10,0.019235731291030598
2020-04-11,0.02374173884289931
2020-04-12,0.01084257419787519
2020-04-13,0.023320583912346374
2020-04-14,0.008936637081602895
2020-04-15,0.0
2020-04-16,
2020-04-17,0.015603315243283573
2020-04-18,0.0
2020-04-19,0.0019795488252283213
2020-04-20,0.0
2020-04-21,
2020-04-22,
2020-04-23,
2020-04-24,0.03440690712103814
2020-04-25,0.0
2020-04-26,0.008081380415391696
2020-04-27,0.0
2020-04-28,0.0
2020-04-29,0.0038686699743122194
2020-04-30,0.0
2020-05-01,
2020-05-02,0.0
2020-05-03,0.0
2020-05-04,1.0
2020-05-05,0.0
2020-05-06,
2020-05-07,0.0
2020-05-08,
2020-05-09,0.0
2020-05-10,0.005124352800025748
2020-05-11,0.0
2020-05-12,0.003665473878727141
2020-05-13,0.0023164465874350895
2020-05-14,0.002757027015938857
2020-05-15,0.0004088108190260241
2020-05-16,0.002155950015499466
2020-05-17,0.0017491212179236203
2020-05-18,0.0
2020-05-19,0.0013194034448237818
2020-05-20,9.539266163332598e-06
2020-05-21,0.00010820086923887127
2020-05-22,0.33474605954465836
2020-05-23,0.0
2020-05-24,
2020-05-25,
2020-05-26,0.004190734210766322
2020-05-27,0.0
2020-05-28,0.0
2020-05-29,0.0
2020-05-30,0.0
2020-05-31,0.0
2020-06-01,0.0
2020-06-02,0.0066887149992798395
2020-06-03,0.0
2020-06-04,0.0
2020-06-05,0.0
2020-06-06,0.0
2020-06-07,0.0
2020-06-08,0.0
2020-06-09,0.0
2020-06-10,0.0
2020-06-11,0.0
2020-06-12,0.029448150812760997
2020-06-13,0.0
2020-06-14,0.0
2020-06-15,0.0
2020-06-16,0.005799540585412449
2020-06-17,0.0
2020-06-18,0.0
2020-06-19,
2020-06-20,0.0
2020-06-21,0.02064109838116188
2020-06-22,0.0
2020-06-23,0.0
2020-06-24,0.0
2020-06-25,0.0
2020-06-26,0.0
2020-06-27,0.0
2020-06-28,0.0
2020-06-29,0.0
2020-06-30,0.0
2020-07-01,0.0
2020-07-02,0.0
2020-07-03,0.0
2020-07-04,0.0
2020-07-05,0.0
2020-07-06,0.0
2020-07-07,0.0
2020-07-08,0.0
2020-07-09,0.0
2020-07-10,0.0
2020-07-11,0.0
2020-07-12,0.0
2020-07-13,0.0
2020-07-14,0.0
2020-07-15,0.0
2020-07-16,0.0
2020-07-17,0.0
2020-07-18,0.0
2020-07-19,0.0
2020-07-20,0.0
2020-07-21,0.0
2020-07-22,0.0
2020-07-23,0.0
2020-07-24,0.0
2020-07-25,0.0
2020-07-26,0.0
2020-07-27,0.0
2020-07-28,0.0
2020-07-29,0.0
2020-07-30,0.0
2020-07-31,0.0
2020-08-01,0.0
2020-08-02,0.0
2020-08-03,0.0
2020-08-04,0.0
2020-08-05,0.0
2020-08-06,0.0
2020-08-07,0.0
2020-08-08,0.0
2020-08-09,0.0
2020-08-10,0.0
2020-08-11,0.0
2020-08-12,0.0
2020-08-13,0.0
2020-08-14,0.0
2020-08-15,0.0
2020-08-16,0.0
2020-08-17,0.0
2020-08-18,0.0
2020-08-19,0.0
2020-08-20,0.0
2020-08-21,0.0
2020-08-22,
2020-08-23,0.0
2020-08-24,0.0
2020-08-25,0.0
2020-08-26,0.0
2020-08-27,0.0
2020-08-28,0.0
2020-08-29,0.0
2020-08-30,0.0
2020-08-31,0.0
2020-09-01,0.0
2020-09-02,0.0
2020-09-03,0.0
2020-09-04,0.0
2020-09-05,0.0
2020-09-06,0.0
2020-09-07,0.0
2020-09-08,0.0
2020-09-09,0.0
2020-09-10,0.0
2020-09-11,0.0
2020-09-12,0.0
2020-09-13,0.0
2020-09-14,0.0
2020-09-15,0.0
2020-09-16,0.0
2020-09-17,0.0
2020-09-18,0.0
2020-09-19,0.0
2020-09-20,0.0
2020-09-21,0.0
2020-09-22,0.0
2020-09-23,0.0
2020-09-24,0.0
2020-09-25,0.0
2020-09-26,0.0
2020-09-27,0.0
2020-09-28,0.0
2020-09-29,0.0
2020-09-30,0.0
2020-10-01,0.00035227347785542136
2020-10-02,0.0
2020-10-03,0.0
2020-10-04,0.0
2020-10-05,0.0
2020-10-06,0.0
2020-10-07,0.0
2020-10-08,0.0
2020-10-09,0.0
2020-10-10,0.0
2020-10-11,0.0
2020-10-12,0.0
2020-10-13,0.0
2020-10-14,0.0
2020-10-15,0.0
2020-10-16,0.0
2020-10-17,0.0
2020-10-18,0.0
2020-10-19,0.0
2020-10-20,0.0
2020-10-21,0.0
2020-10-22,0.0
2020-10-23,0.0
2020-10-24,0.0
2020-10-25,0.0
2020-10-26,0.0
2020-10-27,0.0
2020-10-28,0.0
2020-10-29,0.0
2020-10-30,0.0
2020-10-31,0.0
2020-11-01,0.0
2020-11-02,0.0
2020-11-03,0.0
2020-11-04,0.0
2020-11-05,
2020-11-06,0.6846658711217184
2020-11-07,0.0
2020-11-08,0.0004053531813926245
2020-11-09,0.0
2020-11-10,0.0
2020-11-11,0.0
2020-11-12,0.0
2020-11-13,0.0
2020-11-14,0.0
2020-11-15,0.0
2020-11-16,0.0
2020-11-17,0.0
2020-11-18,0.0
2020-11-19,0.0
2020-11-20,0.0
2020-11-21,0.0
2020-11-22,0.03632075815033447
2020-11-23,0.004471697888184029
2020-11-24,0.0005075309205577647
2020-11-25,0.02164731849147902
2020-11-26,0.012024147317023712
2020-11-27,0.004822344014668824
2020-11-28,8.205676075305593e-05
2020-11-29,0.0008312005628967545
2020-11-30,0.0
2020-12-01,0.0
2020-12-02,0.0
2020-12-03,0.03438234185108913
2020-12-04,0.005681832929712958
2020-12-05,0.0019676324947588437
2020-12-06,0.0034612877878822984
2020-12-07,0.0007947354232277791
2020-12-08,0.9602301573870367
2020-12-09,0.2888749622613817
2020-12-10,0.2037274570910311
2020-12-11,0.0
2020-12-12,
2020-12-13,0.11451066399193585
2020-12-14,0.0
2020-12-15,
2020-12-16,
2020-12-17,0.5859579803198965
2020-12-18,0.026502629448739382
2020-12-19,
2020-12-20,0.08838802381079472
2020-12-21,0.059606287196703814
2020-12-22,0.0
2020-12-23,0.27941910695291644
2020-12-24,0.1930133948724916
2020-12-25,
2020-12-26,0.07117026229676535
2020-12-27,0.044545770670589874
2020-12-28,0.0
2020-12-29,0.026930965604427343
2020-12-30,0.021898716042436286
2020-12-31,0.017330558648327547
2021-01-01,0.014375175193680086
2021-01-02,0.010390280008162011
2021-01-03,0.015898293500516192
2021-01-04,0.013662566912631194
2021-01-05,0.005642119487713701
2021-01-06,0.010164378348715941
2021-01-07,0.009421873875450364
2021-01-08,
2021-01-09,0.027010515212220563
2021-01-10,0.0
2021-01-11,0.0
2021-01-12,0.0
2021-01-13,
2021-01-14,
2021-01-15,
2021-01-16,
2021-01-17,
2021-01-18,0.9593611709125701
2021-01-19,0.8985194746324616
2021-01-20,0.5289085193585613
2021-01-21,0.8747999585983965
2021-01-22,0.2812593256792256
2021-01-23,0.6551743836900983
2021-01-24,0.4882370728757179
2021-01-25,0.42579614055384996
2021-01-26,0.08854043517626772
2021-01-27,
2021-01-28,1.0
2021-01-29,
2021-01-30,1.0
2021-01-31,
2021-02-01,0.6110314820323747
2021-02-02,0.4834792060201524
2021-02-03,0.2955337476378882
2021-02-04,0.14919852889752283
2021-02-05,0.0
2021-02-06,0.38079401568637306
2021-02-07,
2021-02-08,0.11725211451562627
2021-02-09,0.17677205708428603
2021-02-10,0.13632699742366056
2021-02-11,0.1605890681755988
2021-02-12,0.04229049429205467
2021-02-13,0.31144087195379677
2021-02-14,0.22440981347906128
2021-02-15,0.1249768022017943
2021-02-16,
2021-02-17,0.9885388107330667
2021-02-18,0.9953790095049757
2021-02-19,1.0
2021-02-20,0.9930838459870983
2021-02-21,0.9528488433074584
2021-02-22,0.9764219282929935
2021-02-23,0.8757210751899616
2021-02-24,0.8414333840568617
2021-02-25,0.608119836611604
2021-02-26,0.5994748018189793
2021-02-27,0.5290181370956669
2021-02-28,0.6269006316092824
2021-03-01,0.5876420273203116
2021-03-02,0.4732347380126352
2021-03-03,0.4040011672725768
2021-03-04,0.3653985079026979
2021-03-05,0.2951061477636834
2021-03-06,
2021-03-07,
2021-03-08,0.0813460245202007
2021-03-09,0.35344953567775095
2021-03-10,0.26007030987293306
2021-03-11,
2021-03-12,0.6258579807812302
2021-03-13,0.41793500465957545
2021-03-14,0.2605044036412311
2021-03-15,
2021-03-16,0.22966238506352213
2021-03-17,1.0
2021-03-18,0.5204102831907635
2021-03-19,0.12066703293151924
2021-03-20,0.0
2021-03-21,
2021-03-22,
2021-03-23,
2021-03-24,
2021-03-25,
2021-03-26,
2021-03-27,
2021-03-28,0.8419859996859822
2021-03-29,0.4898315273228032
2021-03-30,0.32819139109551115
2021-03-31,
2021-04-01,0.8560216814409124
2021-04-02,0.14740205612670187
2021-04-03,0.0
2021-04-04,0.10350571813929267
2021-04-05,
2021-04-06,0.004849284802226654
2021-04-07,0.05435099117975287
2021-04-08,0.13285254811415323
2021-04-09,1.0
2021-04-10,
2021-04-11,1.0
2021-04-12,0.0
2021-04-13,0.0
2021-04-14,0.12993198227943062
2021-04-15,0.006324364204276077
2021-04-16,0.0
2021-04-17,0.0
2021-04-18,
2021-04-19,0.0
2021-04-20,0.0007568150452852403
2021-04-21,0.007057240976313774
2021-04-22,0.0
2021-04-23,0.004019109657067935
2021-04-24,0.0019528818060662262
2021-04-25,0.0
2021-04-26,0.0
2021-04-27,0.003011094649478339
2021-04-28,0.0003261944424165604
2021-04-29,0.0016995562686986554
2021-04-30,
2021-05-01,0.0002046660834946661
2021-05-02,0.0
2021-05-03,0.00010940862926373134
2021-05-04,0.0
2021-05-05,0.0
2021-05-06,0.0
2021-05-07,0.0
2021-05-08,0.0
2021-05-09,
2021-05-10,0.0
2021-05-11,0.0
2021-05-12,0.0
2021-05-13,0.0
2021-05-14,0.0
2021-05-15,0.0
2021-05-16,0.0
2021-05-17,0.0
2021-05-18,0.0
2021-05-19,0.0
2021-05-20,0.0
2021-05-21,0.0
2021-05-22,0.0
2021-05-23,
2021-05-24,0.0
2021-05-25,0.0
2021-05-26,0.0
2021-05-27,0.0
2021-05-28,0.0
2021-05-29,0.005231198457309316
2021-05-30,0.0
2021-05-31,0.0
2021-06-01,0.0
2021-06-02,0.0
2021-06-03,0.0
2021-06-04,0.0
2021-06-05,0.0
2021-06-06,0.0
2021-06-07,0.0
2021-06-08,0.0
2021-06-09,0.0
2021-06-10,0.0
2021-06-11,0.0
2021-06-12,0.0
2021-06-13,0.0
2021-06-14,0.0
2021-06-15,0.0
2021-06-16,0.0
2021-06-17,0.0
2021-06-18,0.0
2021-06-19,0.0
2021-06-20,0.0
2021-06-21,0.0
2021-06-22,0.0
2021-06-23,0.0
2021-06-24,0.0
2021-06-25,0.0
2021-06-26,0.0
2021-06-27,0.0
2021-06-28,0.0
2021-06-29,0.0
2021-06-30,0.0
2021-07-01,0.0
2021-07-02,0.0
2021-07-03,0.0
2021-07-04,0.0
2021-07-05,0.0
2021-07-06,0.0
2021-07-07,0.0
2021-07-08,0.0
2021-07-09,0.0
2021-07-10,0.0
2021-07-11,0.0
2021-07-12,0.0
2021-07-13,0.0
2021-07-14,0.0
2021-07-15,0.0
2021-07-16,0.0
2021-07-17,0.0
2021-07-18,0.0
2021-07-19,0.0
2021-07-20,0.0
2021-07-21,0.0
2021-07-22,0.0
2021-07-23,0.0
2021-07-24,0.0
2021-07-25,0.0
2021-07-26,0.0
2021-07-27,0.0
2021-07-28,0.0
2021-07-29,0.0
2021-07-30,0.0
2021-07-31,0.0
2021-08-01,0.0
2021-08-02,0.0
2021-08-03,0.0
2021-08-04,0.0
2021-08-05,0.0
2021-08-06,0.0
2021-08-07,0.0
2021-08-08,
2021-08-09,
2021-08-10,0.0
2021-08-11,0.0
2021-08-12,0.0
2021-08-13,0.0
2021-08-14,
2021-08-15,0.0
2021-08-16,0.0
2021-08-17,0.0
2021-08-18,0.0
2021-08-19,0.0
2021-08-20,0.0
2021-08-21,0.0
2021-08-22,0.0
2021-08-23,0.0
2021-08-24,0.0
2021-08-25,0.0
2021-08-26,0.0
2021-08-27,0.0
2021-08-28,0.0
2021-08-29,0.00027415124655496713
2021-08-30,0.0
2021-08-31,0.0
2021-09-01,0.0
2021-09-02,0.0
2021-09-03,0.0
2021-09-04,0.0
2021-09-05,0.0
2021-09-06,0.0
2021-09-07,0.0
2021-09-08,0.0
2021-09-09,0.0
2021-09-10,0.0
2021-09-11,0.0
2021-09-12,0.0
2021-09-13,0.0
2021-09-14,0.0
2021-09-15,0.0
2021-09-16,0.3851357078678353
2021-09-17,
2021-09-18,0.0
2021-09-19,0.0
2021-09-20,0.0
2021-09-21,0.0
2021-09-22,
2021-09-23,
2021-09-24,0.0
2021-09-25,0.0
2021-09-26,0.0
2021-09-27,0.0
2021-09-28,0.0
2021-09-29,0.0
2021-09-30,0.0
2021-10-01,0.0
2021-10-02,0.0
2021-10-03,
2021-10-04,0.0
2021-10-05,0.0
2021-10-06,0.0
2021-10-07,0.0
2021-10-08,0.0
2021-10-09,0.0
2021-10-10,0.0
2021-10-11,0.0
2021-10-12,0.0
2021-10-13,0.0
2021-10-14,0.0
2021-10-15,0.0
2021-10-16,0.0
2021-10-17,0.000773284897058596
2021-10-18,0.011560693641618497
2021-10-19,
2021-10-20,0.0
2021-10-21,0.0
2021-10-22,0.0
2021-10-23,0.0
2021-10-24,0.0
2021-10-25,
2021-10-26,0.006185850890506843
2021-10-27,0.0
2021-10-28,0.0
2021-10-29,1.0
2021-10-30,0.005117170882681154
2021-10-31,0.0
2021-11-01,0.0
2021-11-02,
2021-11-03,
2021-11-04,0.0
2021-11-05,0.0
2021-11-06,0.0
2021-11-07,0.0
2021-11-08,0.0
2021-11-09,0.0
2021-11-10,
2021-11-11,0.1764458750226221
2021-11-12,0.13204774956029489
2021-11-13,0.014443818706391939
2021-11-14,0.012702991304830186
2021-11-15,0.0
2021-11-16,0.0018686146228210788
2021-11-17,0.0
2021-11-18,0.0
2021-11-19,0.0
2021-11-20,
2021-11-21,0.008701937705872128
2021-11-22,0.0
2021-11-23,0.0
2021-11-24,
2021-11-25,1.0
2021-11-26,0.31057446909758485
2021-11-27,
2021-11-28,0.3380260596076082
2021-11-29,
2021-11-30,0.012883051907442156
2021-12-01,0.02499134882386205
2021-12-02,0.23994332810969055
2021-12-03,0.14476890331729425
2021-12-04,0.06503671687686141
2021-12-05,0.11341209223683063
2021-12-06,0.013246989064584425
2021-12-07,0.011552742831447981
2021-12-08,0.0
2021-12-09,0.5487896138250292
2021-12-10,0.07056138674763454
2021-12-11,0.02579259569300018
2021-12-12,0.0018033337875278197
2021-12-13,0.011826113101816731
2021-12-14,0.007721518724527189
2021-12-15,0.02222117271184643
2021-12-16,1.0
2021-12-17,
2021-12-18,1.0
2021-12-19,
2021-12-20,
2021-12-21,0.4461721970767145
2021-12-22,0.9412378776226398
2021-12-23,0.9324823512259731
2021-12-24,0.7438211803498985
2021-12-25,0.37681159420289856
2021-12-26,0.005343511450381681
2021-12-27,0.5612472277365195
2021-12-28,0.46238999943103143
2021-12-29,0.4139600690562677
2021-12-30,0.42726025909017046
2021-12-31,0.44969892068299677
2022-01-01,0.5454545454545454
2022-01-02,
2022-01-03,0.7376544147701042
2022-01-04,
2022-01-05,0.5987764892198051
2022-01-06,0.553315429925567
2022-01-07,
2022-01-08,0.856463290803938
2022-01-09,0.7940711976515178
2022-01-10,0.14159916963121325
2022-01-11,
2022-01-12,
2022-01-13,1.0
2022-01-14,0.9755813940392539
2022-01-15,0.847436332090222
2022-01-16,
2022-01-17,0.9984279267162797
2022-01-18,
2022-01-19,1.0
2022-01-20,0.9710144927536232
2022-01-21,0.9759055581023438
2022-01-22,
2022-01-23,
2022-01-24,0.9917029999349255
2022-01-25,
2022-01-26,1.0
2022-01-27,
2022-01-28,0.9991048024541609
2022-01-29,0.9860563510245278
2022-01-30,0.9911111111111112
2022-01-31,
2022-02-01,0.8333333333333334
2022-02-02,1.0
2022-02-03,
2022-02-04,1.0
2022-02-05,
2022-02-06,0.987010506208214
2022-02-07,0.8186594041532881
2022-02-08,
2022-02-09,0.9793409763513352
2022-02-10,1.0
2022-02-11,0.9843841806209254
2022-02-12,0.8727838971721682
2022-02-13,0.9799214706407282
2022-02-14,0.792248677182866
2022-02-15,0.981866021903001
2022-02-16,1.0
2022-02-17,0.7142228264223175
2022-02-18,0.7871714832028476
2022-02-19,
2022-02-20,0.5351012497693772
2022-02-21,0.28855871582511955
2022-02-22,0.32462544034633506
2022-02-23,0.46297591120279746
2022-02-24,0.8019417475728156
2022-02-25,0.958553433563592
2022-02-26,
2022-02-27,
2022-02-28,0.0
2022-03-01,
2022-03-02,
2022-03-03,
2022-03-04,0.9962318519339466
2022-03-05,0.9616687151282572
2022-03-06,0.2944807037457434
2022-03-07,0.623944661911543
2022-03-08,0.5678442511391207
2022-03-09,
2022-03-10,
2022-03-11,
2022-03-12,0.9976972370317628
2022-03-13,0.8925663099115869
2022-03-14,
2022-03-15,0.8937825421133231
2022-03-16,
2022-03-17,
2022-03-18,
2022-03-19,1.0
2022-03-20,1.0
2022-03-21,
2022-03-22,0.9673309794556704
2022-03-23,1.0
2022-03-24,0.8680542858102385
2022-03-25,0.2312516503828888
2022-03-26,0.30958286752375636
2022-03-27,0.6965087055450707
2022-03-28,0.7058651639049679
2022-03-29,0.5317366318538267
2022-03-30,
2022-03-31,0.09673929229566476
2022-04-01,0.0
2022-04-02,0.17564094633149313
2022-04-03,
2022-04-04,0.12622786712642617
2022-04-05,0.0
2022-04-06,0.01560089008722205
2022-04-07,0.13417622940642504
2022-04-08,0.03147622102080087
2022-04-09,0.08218218310096177
2022-04-10,1.0
2022-04-11,0.03861539234988722
2022-04-12,
2022-04-13,0.006974603923119633
2022-04-14,0.17974337905315732
2022-04-15,0.0
2022-04-16,0.10948777056517589
2022-04-17,
2022-04-18,0.0003010703938000749
2022-04-19,0.0
2022-04-20,0.0
2022-04-21,0.0
2022-04-22,
2022-04-23,0.007528978996059454
2022-04-24,0.005703135979042218
2022-04-25,0.006826076042287329
2022-04-26,0.006692190470036464
2022-04-27,0.005075181119397385
2022-04-28,0.005696719556669338
2022-04-29,0.003976854512271373
2022-04-30,0.001969764799063329
2022-05-01,
2022-05-02,
2022-05-03,
2022-05-04,0.0
2022-05-05,
2022-05-06,1.0
2022-05-07,0.0
2022-05-08,0.0
2022-05-09,0.0
2022-05-10,0.013238846082238319
2022-05-11,0.010738849353283144
2022-05-12,0.0018072511706396087
2022-05-13,0.004654390284099484
2022-05-14,0.0009734488202018246
2022-05-15,0.0
2022-05-16,0.0
2022-05-17,0.0
2022-05-18,0.0019017352655449234
2022-05-19,
2022-05-20,0.0
2022-05-21,0.001979797644780678
2022-05-22,0.0010013095514635306
2022-05-23,0.0
2022-05-24,0.0
2022-05-25,4.2704839098842486e-07
2022-05-26,0.00012480473457716776
2022-05-27,0.0001511474477825344
2022-05-28,0.00037390367876450996
2022-05-29,4.3027686164662697e-07
2022-05-30,0.0003563960014405192
2022-05-31,0.0
2022-06-01,9.071293684247058e-05
2022-06-02,0.0
2022-06-03,0.0
2022-06-04,0.0
2022-06-05,0.0
2022-06-06,0.0
2022-06-07,0.0
2022-06-08,0.0
2022-06-09,0.0
2022-06-10,0.0
2022-06-11,0.0
2022-06-12,0.0
2022-06-13,0.7396014943960149
2022-06-14,0.0
2022-06-15,0.0
2022-06-16,0.0
2022-06-17,0.0
2022-06-18,0.0
2022-06-19,0.0
2022-06-20,0.0
2022-06-21,0.0
2022-06-22,0.0
2022-06-23,0.0
2022-06-24,0.0
2022-06-25,0.0
2022-06-26,0.0
2022-06-27,
2022-06-28,0.0
2022-06-29,0.0
2022-06-30,0.0
2022-07-01,0.0
2022-07-02,0.0
2022-07-03,0.0
2022-07-04,0.0
2022-07-05,0.0
2022-07-06,0.0
2022-07-07,0.0
2022-07-08,0.0
2022-07-09,0.0
2022-07-10,0.0
2022-07-11,0.0
2022-07-12,0.0
2022-07-13,0.0
2022-07-14,0.0
2022-07-15,0.0
2022-07-16,0.0
2022-07-17,0.0
2022-07-18,
2022-07-19,0.0
2022-07-20,0.0
2022-07-21,0.0
2022-07-22,0.0
2022-07-23,0.0
2022-07-24,0.0
2022-07-25,0.0
2022-07-26,0.0
2022-07-27,0.0
2022-07-28,0.0
2022-07-29,0.0
2022-07-30,0.0
2022-07-31,0.0
2022-08-01,0.0
2022-08-02,0.0
2022-08-03,0.0
2022-08-04,0.0
2022-08-05,0.0
2022-08-06,0.0
2022-08-07,0.0
2022-08-08,0.0
2022-08-09,0.0
2022-08-10,0.0
2022-08-11,0.0
2022-08-12,0.0
2022-08-13,0.0
2022-08-14,0.0
2022-08-15,0.0
2022-08-16,0.0
2022-08-17,0.0
2022-08-18,0.0
2022-08-19,0.0
2022-08-20,0.0
2022-08-21,0.0
2022-08-22,0.0
2022-08-23,0.0
2022-08-24,0.0
2022-08-25,0.0
2022-08-26,0.0
2022-08-27,0.0
2022-08-28,0.0
2022-08-29,0.0
2022-08-30,0.0
2022-08-31,0.0
2022-09-01,0.0
2022-09-02,1.2898108169984184e-05
2022-09-03,0.0
2022-09-04,0.0
2022-09-05,0.0
2022-09-06,0.0
2022-09-07,0.0
2022-09-08,0.0
2022-09-09,0.0
2022-09-10,0.0
2022-09-11,0.0
2022-09-12,0.0
2022-09-13,
2022-09-14,0.0
2022-09-15,0.0
2022-09-16,0.0
2022-09-17,0.0
2022-09-18,0.0
2022-09-19,0.0
2022-09-20,0.0
2022-09-21,0.12141734187930829
2022-09-22,0.0
2022-09-23,0.0
2022-09-24,
2022-09-25,0.0
2022-09-26,0.0
2022-09-27,0.0
2022-09-28,0.0
2022-09-29,0.0
2022-09-30,0.0
2022-11-01,0.0
2022-11-02,0.0
2022-11-03,0.0
2022-11-04,0.0
2022-11-05,0.0
2022-11-06,0.0
2022-11-07,
2022-11-08,
2022-11-09,
2022-11-10,0.9303026153635492
2022-11-11,0.00403049286738622
2022-11-12,0.0005072445305771178
2022-11-13,0.0003008448680369848
2022-11-14,0.0015284067658201937
2022-11-15,0.0
2022-11-16,
2022-11-17,0.0
2022-11-18,0.0
2022-11-19,0.0
2022-11-20,0.0
2022-11-21,0.0
2022-11-22,0.0
2022-11-23,0.0002264163005529885
2022-11-24,
2022-11-25,0.0
2022-11-26,0.9444444444444444
2022-11-27,0.3151267667409826
2022-11-28,0.153459192877433
2022-11-29,0.0
2022-11-30,0.01993105877514291
2022-12-01,0.009772714543205578
2022-12-02,0.896551724137931
2022-12-03,0.0
2022-12-04,0.21595789253168537
2022-12-05,0.1493454281454188
2022-12-06,0.001771763673612315
2022-12-07,0.0004680387178561474
2022-12-08,0.0
2022-12-09,0.008713055032422075
2022-12-10,0.004919609655439249
2022-12-11,
2022-12-12,0.6842105263157895
2022-12-13,0.0014730218096276999
2022-12-14,
2022-12-15,0.03147999257839075
2022-12-16,0.02199413489736071
2022-12-17,0.01751360387497661
2022-12-18,0.0069630316454609535
2022-12-19,0.0
2022-12-20,
2022-12-21,0.18856433093879316
2022-12-22,0.03766539384992177
2022-12-23,0.006193671234542794
2022-12-24,0.032229703667333666
2022-12-25,1.0
2022-12-26,
2022-12-27,0.09010129642960979
2022-12-28,
2022-12-29,0.10138701603554416
2022-12-30,0.04760891888869904
2022-12-31,0.03245227325264096
2023-01-01,0.03202030396388225
2023-01-02,0.012270684829667226
2023-01-03,0.020763419908700446
2023-01-04,0.004828929554616809
2023-01-05,0.10312585638609469
2023-01-06,0.0
2023-01-07,0.95
2023-01-08,
2023-01-09,0.5516625970038358
2023-01-10,0.3041614405008084
2023-01-11,0.05404446988266622
2023-01-12,
2023-01-13,0.03138574438596068
2023-01-14,0.02843548020396895
2023-01-15,0.032362745798142044
2023-01-16,0.12300197726895387
2023-01-17,0.008013530332358892
2023-01-18,0.0023106337479385512
2023-01-19,0.02665783416561406
2023-01-20,0.017835985908209617
2023-01-21,0.004893821492193393
2023-01-22,0.010383931700601834
2023-01-23,0.008398795171280561
2023-01-24,0.010046256739425162
2023-01-25,0.004934647307913303
2023-01-26,0.0035930438489674417
2023-01-27,0.008124578212956503
2023-01-28,0.19107599628667415
2023-01-29,0.2894351891576167
2023-01-30,0.13017091375955092
2023-01-31,0.7339924203051733
2023-02-01,
2023-02-02,0.9827321495361323
2023-02-03,0.9165601705455925
2023-02-04,
2023-02-05,0.7652517557957775
2023-02-06,
2023-02-07,1.0
2023-02-08,1.0
2023-02-09,0.9980334999074588
2023-02-10,0.9996774116012909
2023-02-11,0.9927701573747294
2023-02-12,0.9990915087367849
2023-02-13,
2023-02-14,0.9649478832028654
2023-02-15,1.0
2023-02-16,
2023-02-17,0.9678691631199003
2023-02-18,0.9772872720152143
2023-02-19,
2023-02-20,
2023-02-21,0.9566279619608048
2023-02-22,0.936667023017016
2023-02-23,0.5272727272727272
2023-02-24,0.8219938048163525
2023-02-25,0.6495678183659536
2023-02-26,0.7094563110835975
2023-02-27,0.09090909090909091
2023-02-28,
2023-03-01,1.0
2023-03-02,0.0
2023-03-03,0.9095231336928754
2023-03-04,0.1652835254944142
2023-03-05,0.0
2023-03-06,0.14992010845881956
2023-03-07,0.023311360090010676
2023-03-08,0.06454750856838865
2023-03-09,0.026249730893433805
2023-03-10,0.7058823529411765
2023-03-11,0.0
2023-03-12,
2023-03-13,
2023-03-14,
2023-03-15,
2023-03-16,0.0
2023-03-17,0.01084505678438533
2023-03-18,0.03336523998359086
2023-03-19,
2023-03-20,0.4
2023-03-21,
2023-03-22,0.37151263895648606
2023-03-23,0.09341551946108223
2023-03-24,1.0
2023-03-25,0.0
2023-03-26,0.041009882900091395
2023-03-27,0.01544846021815762
2023-03-28,0.015278130029890848
2023-03-29,
2023-03-30,0.983363643035972
2023-03-31,1.0
2023-04-01,1.0
2023-04-02,0.0
2023-04-03,0.0
2023-04-04,0.0
2023-04-05,0.002610725989093472
2023-04-06,0.4
2023-04-07,
2023-04-08,0.17115348830952795
2023-04-09,0.024204283893757346
2023-04-10,0.0
2023-04-11,
2023-04-12,0.0028267191195246962
2023-04-13,0.48573276917159147
2023-04-14,0.0
2023-04-15,0.023681935929315678
2023-04-16,0.0011407917772632283
2023-04-17,0.011759230493440243
2023-04-18,0.0
2023-04-19,0.0005465328030417227
2023-04-20,0.0
2023-04-21,0.012030752404542093
2023-04-22,0.0033912914313927755
2023-04-23,0.006309694660266244
2023-04-24,
2023-04-25,0.01540313208822295
2023-04-26,0.0
2023-04-27,0.006532163862532532
2023-04-28,0.0
2023-04-29,
2023-04-30,0.0
2023-05-01,0.0
2023-05-02,0.015126719307182878
2023-05-03,0.010213089647242008
2023-05-04,0.0074614904188936085
2023-05-05,0.0
2023-05-06,0.0
2023-05-07,0.0031707785470235436
2023-05-08,
2023-05-09,0.0005747077180342049
2023-05-10,
2023-05-11,
2023-05-12,0.0
2023-05-13,
2023-05-14,0.0
2023-05-15,3.2027354066910146e-05
2023-05-16,0.005071632071114194
2023-05-17,0.005706518804353289
2023-05-18,0.00017942293362829077
2023-05-19,0.011302904741368143
2023-05-20,0.0
2023-05-21,0.0
2023-05-22,0.0
2023-05-23,0.0
2023-05-24,0.01349594404778685
2023-05-25,0.0
2023-05-26,0.002031628141085858
2023-05-27,0.0
2023-05-28,
2023-05-29,0.0
2023-05-30,0.0
2023-05-31,0.0
2023-06-01,0.03886604163850604
2023-06-02,0.0
2023-06-03,0.0
2023-06-04,0.0
2023-06-05,0.0
2023-06-06,
2023-06-07,0.0
2023-06-08,0.0
2023-06-09,0.0
2023-06-10,0.0
2023-06-11,0.0
2023-06-12,
2023-06-13,0.0
2023-06-14,0.0
2023-06-15,0.0
2023-06-16,0.0
2023-06-17,0.0
2023-06-18,0.0
2023-06-19,0.0
2023-06-20,0.0
2023-06-21,
2023-06-22,
2023-06-23,0.0
2023-06-24,0.0
2023-06-25,0.0
2023-06-26,0.0
2023-06-27,0.0
2023-06-28,0.0
2023-06-29,0.0
2023-06-30,0.0
2023-07-01,0.0
2023-07-02,0.0
2023-07-03,0.0
2023-07-04,0.0
2023-07-05,0.0
2023-07-06,0.0
2023-07-07,0.0
2023-07-08,0.0
2023-07-09,0.08784033225657592
2023-07-10,
2023-07-11,0.0
2023-07-12,0.0
2023-07-13,0.0
2023-07-14,0.0
2023-07-15,0.0
2023-07-16,0.0
2023-07-17,0.0
2023-07-18,0.0
2023-07-19,0.0
2023-07-20,0.0
2023-07-21,0.0
2023-07-22,0.0
2023-07-23,0.0
2023-07-24,0.0
2023-07-25,0.0
2023-07-26,0.0
2023-07-27,0.0
2023-07-28,0.0
2023-07-29,0.0
2023-07-30,0.0
2023-07-31,0.0
2023-08-01,0.0
2023-08-02,0.0
2023-08-03,0.0
2023-08-04,0.0
2023-08-05,0.0
2023-08-06,0.0
2023-08-07,0.0
2023-08-08,0.0
2023-08-09,0.0
2023-08-10,0.0
2023-08-11,0.0
2023-08-12,0.0
2023-08-13,0.0
2023-08-14,0.0
2023-08-15,0.0
2023-08-16,0.0
2023-08-17,0.0
2023-08-18,0.0
2023-08-19,0.0
2023-08-20,0.0
2023-08-21,0.0
2023-08-22,0.0
2023-08-23,0.0
2023-08-24,0.0
2023-08-25,0.0
2023-08-26,0.0
2023-08-27,0.0
2023-08-28,0.0
2023-08-29,
2023-08-30,0.0
2023-08-31,0.0
2023-09-01,0.0
2023-09-02,0.0
2023-09-03,0.0
2023-09-04,0.0
2023-09-05,0.0
2023-09-06,0.0
2023-09-07,0.0
2023-09-08,0.0
2023-09-09,0.0
2023-09-10,0.0
2023-09-11,0.0
2023-09-12,0.0
2023-09-13,0.0
2023-09-14,0.0
2023-09-15,0.0
2023-09-16,0.0
2023-09-17,0.0
2023-09-18,0.0
2023-09-19,0.0
2023-09-20,0.0
2023-09-21,0.0
2023-09-22,0.0
2023-09-23,0.0
2023-09-24,0.0
2023-09-25,0.0
2023-09-26,0.0
2023-09-27,0.0
2023-09-28,
2023-09-29,0.0017881197984905264
2023-09-30,0.0004620569272524703
2023-10-01,0.0
2023-10-02,
2023-10-03,0.0
2023-10-04,0.0
2023-10-05,0.0
2023-10-06,0.0
2023-10-07,0.0
2023-10-08,0.0
2023-10-09,0.0
2023-10-10,
2023-10-11,0.0
2023-10-12,0.0
2023-10-13,0.0
2023-10-14,0.0
2023-10-15,0.0
2023-10-16,0.0
2023-10-17,0.0
2023-10-18,
2023-10-19,
2023-10-20,0.0
2023-10-21,0.0
2023-10-22,0.0
2023-10-23,0.0
2023-10-24,0.0
2023-10-25,0.0
2023-10-26,
2023-10-27,0.0
2023-10-28,0.0
2023-10-29,0.0
2023-10-30,0.0
2023-10-31,0.0
2023-11-01,0.0
2023-11-02,0.0
2023-11-03,0.0
2023-11-04,0.0
2023-11-05,0.0
2023-11-06,0.0
2023-11-07,0.0
2023-11-08,0.0
2023-11-09,0.0
2023-11-10,0.0
2023-11-11,0.0
2023-11-12,0.0
2023-11-13,0.0
2023-11-14,
2023-11-15,0.0
2023-11-16,0.0
2023-11-17,0.06059380547221598
2023-11-18,
2023-11-19,0.06963127077069158
2023-11-20,
2023-11-21,0.021182287288301724
2023-11-22,0.2946423837051424
2023-11-23,
2023-11-24,0.0021945538227240765
2023-11-25,0.03494155038125247
2023-11-26,0.0
2023-11-27,0.47524188902883147
2023-11-28,0.3769282148234526
2023-11-29,
2023-11-30,0.8523609946912547
2023-12-01,0.009584095032991647
2023-12-02,0.034984023634579704
2023-12-03,0.01299747796759804
2023-12-04,0.011760815877636194
2023-12-05,0.0005146077982253092
2023-12-06,
2023-12-07,0.06651680565891534
2023-12-08,
2023-12-09,0.00034296855730041456
2023-12-10,0.05804934545326922
2023-12-11,
2023-12-12,0.0
2023-12-13,
2023-12-14,0.11592245460941608
2023-12-15,
2023-12-16,0.03336713922994483
2023-12-17,0.9840900110226067
2023-12-18,0.9557227354426998
2023-12-19,0.677759949452541
2023-12-20,0.2922276540362781
2023-12-21,
2023-12-22,0.3157426441260393
2023-12-23,
2023-12-24,
2023-12-25,0.40354216994013226
2023-12-26,0.4985276128896034
2023-12-27,0.36468244939614736
2023-12-28,0.14936859282339357
2023-12-29,0.24419592328670642
2023-12-30,0.1807538672441666
2023-12-31,0.2981767838581361
2024-01-01,0.1126580906159932
2024-01-02,0.8947440836543753
2024-01-03,
2024-01-04,
2024-01-05,0.44536852275320316
2024-01-06,0.4075915434505661
2024-01-07,
2024-01-08,0.04314385736645173
2024-01-09,
2024-01-10,
2024-01-11,1.0
2024-01-12,
2024-01-13,
2024-01-14,0.8563677316921672
2024-01-15,0.5537550552429308
2024-01-16,
2024-01-17,0.25037183631826726
2024-01-18,
2024-01-19,0.29984782809185656
2024-01-20,0.0
2024-01-21,
2024-01-22,
2024-01-23,0.9630032644178455
2024-01-24,0.9578891360664106
2024-01-25,0.5846366946335281
2024-01-26,0.9827930017893417
2024-01-27,0.95
2024-01-28,0.9256613326676305
2024-01-29,1.0
2024-01-30,0.7717167782281446
2024-01-31,0.7416495029999105
2024-02-01,0.7491087823143128
2024-02-02,0.6853133826061596
2024-02-03,0.5704860515226056
2024-02-04,0.1299295266411211
2024-02-05,
2024-02-06,
2024-02-07,0.46087577123689677
2024-02-08,0.0
2024-02-09,
2024-02-10,0.11280727672513018
2024-02-11,0.20140672231085627
2024-02-12,0.0
2024-02-13,0.28370786516853935
2024-02-14,0.09243697478991597
2024-02-15,0.556538175926551
2024-02-16,0.03925839876917076
2024-02-17,0.4432432432432432
2024-02-18,0.9169954195239483
2024-02-19,1.0
2024-02-20,0.2027068186934699
2024-02-21,0.04202806970260397
2024-02-22,1.0
2024-02-23,0.290045379223063
2024-02-24,0.1523466132022595
2024-02-25,0.13916414719665066
2024-02-26,0.0625518351492347
2024-02-27,0.10722591969330938
2024-02-28,0.1090801444981399
2024-02-29,0.08891510545283215
2024-03-01,
2024-03-02,0.010065899214690683
2024-03-03,0.8359517619073961
2024-03-04,0.0
2024-03-05,0.019937135309932085
2024-03-06,
2024-03-07,
2024-03-08,0.1087976325493898
2024-03-09,
2024-03-10,0.5910085054678007
2024-03-11,0.10919513632692268
2024-03-12,0.0
2024-03-13,
2024-03-14,
2024-03-15,0.17553490230809957
2024-03-16,0.013765540914091481
2024-03-17,0.04264509098085038
2024-03-18,0.00040164152065849044
2024-03-19,0.8181818181818182
2024-03-20,0.05261121076874847
2024-03-21,
2024-03-22,1.0
2024-03-23,
2024-03-24,0.42558721637439895
2024-03-25,0.6659662976803221
2024-03-26,0.13188348750246012
2024-03-27,0.0
2024-03-28,0.08216547892485389
2024-03-29,
2024-03-30,0.0650697469721113
2024-03-31,0.06502768733903985
2024-04-01,0.05041955944763787
2024-04-02,0.054775081044300844
2024-04-03,0.01192142773045094
2024-04-04,0.005949453372107367
2024-04-05,0.0
2024-04-06,0.026432021949459275
2024-04-07,0.0
2024-04-08,0.0008877493095977788
2024-04-09,0.0010232107513593461
2024-04-10,0.0
2024-04-11,0.0
2024-04-12,0.0
2024-04-13,1.0
2024-04-14,0.0
2024-04-15,0.006384260930891732
2024-04-16,0.007262160202764834
2024-04-17,0.0020611052746313465
2024-04-18,0.003615315024526411
2024-04-19,0.0025690515547211537
2024-04-20,0.002159818184215514
2024-04-21,0.0
2024-04-22,0.001453267249041166
2024-04-23,0.0004708279355105862
2024-04-24,0.0
2024-04-25,0.0035168251010555466
2024-04-26,0.0
2024-04-27,0.0
2024-04-28,0.0
2024-04-29,0.0
2024-04-30,0.0004771432082456497
2024-05-01,0.002081172058066062
2024-05-02,
2024-05-03,
2024-05-04,0.0
2024-05-05,
2024-05-06,
2024-05-07,0.21904518764360478
2024-05-08,0.005567602253437096
2024-05-09,0.00031638877775764406
2024-05-10,0.0
2024-05-11,0.0
2024-05-12,
2024-05-13,
2024-05-14,0.0
2024-05-15,1.1242384689670843e-05
2024-05-16,0.0
2024-05-17,0.0001279589246833769
2024-05-18,0.0
2024-05-19,0.0
2024-05-20,0.0
2024-05-21,0.0
2024-05-22,0.0
2024-05-23,0.09663135261563394
2024-05-24,0.00019162319938318447
2024-05-25,
2024-05-26,0.0
2024-05-27,0.0
2024-05-28,0.0
2024-05-29,0.0
2024-05-30,0.0
2024-05-31,0.0
2024-06-01,0.0
2024-06-02,0.0
2024-06-03,0.0
2024-06-04,0.0
2024-06-05,0.0
2024-06-06,0.0
2024-06-07,0.0
2024-06-08,0.0
2024-06-09,
2024-06-10,0.0
2024-06-11,0.0
2024-06-12,0.0
2024-06-13,0.0
2024-06-14,0.0
2024-06-15,0.0
2024-06-16,0.0
2024-06-17,0.0
2024-06-18,0.0
2024-06-19,0.0
2024-06-20,0.0
2024-06-21,0.0
2024-06-22,0.0
2024-06-23,0.0
2024-06-24,0.0
2024-06-25,0.0
2024-06-26,0.0
2024-06-27,0.0
2024-06-28,0.0
2024-06-29,0.0
2024-06-30,0.0
2024-07-01,
2024-07-02,0.0
2024-07-03,0.0
2024-07-04,0.0
2024-07-05,0.0
2024-07-06,0.0
2024-07-07,0.0
2024-07-08,0.0
2024-07-09,0.0
2024-07-10,0.0
2024-07-11,0.0
2024-07-12,0.0
2024-07-13,0.0
2024-07-14,0.0
2024-07-15,0.0
2024-07-16,0.0
2024-07-17,0.0
2024-07-18,0.02444096246968321
2024-07-19,0.0
2024-07-20,0.0
2024-07-21,0.0
2024-07-22,0.0
2024-07-23,0.0
2024-07-24,0.0
2024-07-25,0.0
2024-07-26,
2024-07-27,0.0
2024-07-28,0.0
2024-07-29,0.0
2024-07-30,0.0
2024-07-31,0.0
2024-08-01,0.0
2024-08-02,0.0
2024-08-03,0.0
2024-08-04,0.0
2024-08-05,0.0
2024-08-06,0.0
2024-08-07,0.0
2024-08-08,0.0
2024-08-09,0.0
2024-08-10,0.0
2024-08-11,0.0
2024-08-12,0.0
2024-08-13,0.0
2024-08-14,0.0
2024-08-15,0.0
2024-08-16,0.0
2024-08-17,0.0
2024-08-18,0.0
2024-08-19,0.0
2024-08-20,0.0
2024-08-21,0.0
2024-08-22,0.0
2024-08-23,0.0
2024-08-24,
2024-08-25,0.0
2024-08-26,0.0
2024-08-27,0.0
2024-08-28,0.0
2024-08-29,0.0
2024-08-30,0.0
2024-08-31,0.0
2024-09-01,0.0
2024-09-02,0.0013201006900330264
2024-09-03,0.0
2024-09-04,0.0
2024-09-05,0.0
2024-09-06,0.0
2024-09-07,0.0
2024-09-08,0.0
2024-09-09,0.0
2024-09-10,0.0
2024-09-11,0.0
2024-09-12,0.0
2024-09-13,0.0
2024-09-14,0.0
2024-09-15,0.0
2024-09-16,0.0017010187212119254
2024-09-17,0.0
2024-09-18,0.0
2024-09-19,
2024-09-20,0.0
2024-09-21,0.0
2024-09-22,
2024-09-23,0.0
2024-09-24,0.0
2024-09-25,0.0
2024-09-26,0.0
2024-09-27,0.0
2024-09-28,0.0
2024-09-29,0.0
2024-09-30,0.0
2024-10-01,0.0
2024-10-02,
2024-10-03,0.0
2024-10-04,0.0
2024-10-05,0.0
2024-10-06,0.0
2024-10-07,0.0
2024-10-08,0.0
2024-10-09,0.0
2024-10-10,0.0
2024-10-11,0.0
2024-10-12,0.0
2024-10-13,0.0
2024-10-14,0.0
2024-10-15,0.0
2024-10-16,0.0
2024-10-17,0.0
2024-10-18,0.0080865975286223
2024-10-19,0.0
2024-10-20,0.0
2024-10-21,
2024-10-22,0.03177966101694915
2024-10-23,0.17392410892829013
2024-10-24,0.3114569152896758
2024-10-25,0.09525260566992057
2024-10-26,0.03658467840432929
2024-10-27,0.03295697331569367
2024-10-28,0.021026912370879697
2024-10-29,0.007268597275975223
2024-10-30,0.014704184333376178
2024-10-31,0.007100575053782306
2024-11-01,0.008090820505710071
2024-11-02,0.007445282037785407
2024-11-03,0.0
2024-11-04,0.023278240310778343
2024-11-05,0.0
2024-11-06,0.014026415245210378
2024-11-07,0.005921412694508275
2024-11-08,0.002405694915611373
2024-11-09,0.004962139313215808
2024-11-10,0.0
2024-11-11,0.0001333892632173841
2024-11-12,0.002446819214877687
2024-11-13,0.0016758105919519666
2024-11-14,0.0038658330777538437
2024-11-15,0.0
2024-11-16,0.6306020823902219
2024-11-17,0.027793040340064766
2024-11-18,0.9758026253360744
2024-11-19,0.22125813449023862
2024-11-20,0.011642599042852787
2024-11-21,0.006317407340988573
2024-11-22,
2024-11-23,0.0001685064709788904
2024-11-24,
2024-11-25,
2024-11-26,1.0
2024-11-27,0.9730291054893703
2024-11-28,0.9937175538935328
2024-11-29,0.9955663739893941
2024-11-30,0.9922434222348682
2024-12-01,0.9967297528025862
2024-12-02,0.9872923561622278
2024-12-03,0.958840334914655
2024-12-04,
2024-12-05,0.9224897240164416
2024-12-06,0.8243587156837228
2024-12-07,0.9280599217342874
2024-12-08,0.9581101948286624
2024-12-09,0.4544576217800362
2024-12-10,0.5307835789989829
2024-12-11,
2024-12-12,0.3209516705117503
2024-12-13,0.2441321204108828
2024-12-14,0.06287300697487293
2024-12-15,0.8159071032941404
2024-12-16,
2024-12-17,0.7300046761963276
2024-12-18,
2024-12-19,0.49379135140874214
2024-12-20,0.43662145222945975
2024-12-21,0.3813124149415477
2024-12-22,0.23702775228760264
2024-12-23,0.2782096001571292
2024-12-24,0.20736899221570634
2024-12-25,0.6499793131981793
2024-12-26,0.35995142454078716
2024-12-27,0.30158730158730157
2024-12-28,
2024-12-29,0.2976352139668501
2024-12-30,
2024-12-31,0.4375
2025-01-01,0.36619236631895585
2025-01-02,0.3752337168951029
2025-01-03,0.34423700061691936
2025-01-04,0.3157956157272409
2025-01-05,
2025-01-06,0.5704375064671188
2025-01-07,0.42540835828879736
2025-01-08,0.37933512357650834
2025-01-09,0.3036087617257008
2025-01-10,0.3089402911935951
2025-01-11,0.24319282249053542
2025-01-12,0.14604586314180984
2025-01-13,
2025-01-14,0.9680747176803466
2025-01-15,0.28813456007713634
2025-01-16,0.7863764404609476
2025-01-17,0.5257017247210011
2025-01-18,1.0
2025-01-19,0.7578028747433265
2025-01-20,
2025-01-21,0.48869666898172437
2025-01-22,0.22272907991378765
2025-01-23,
2025-01-24,0.2735640437079163
2025-01-25,0.0
2025-01-26,0.6711581383814169
2025-01-27,0.3355615191194036
2025-01-28,0.27141733319891936
2025-01-29,0.26944356906258343
2025-01-30,0.2737399222945359
2025-01-31,0.05369952401170975
2025-02-01,0.2386502181299666
2025-02-02,0.39772668729206284
2025-02-03,0.22153265748427456
2025-02-04,
2025-02-05,
2025-02-06,
2025-02-07,1.0
2025-02-08,0.9332242225859247
2025-02-09,
2025-02-10,0.996764909508085
2025-02-11,1.0
2025-02-12,0.9153170890573185
2025-02-13,1.0
2025-02-14,0.937813591160523
2025-02-15,0.9757262242930062
2025-02-16,0.8938801657754709
2025-02-17,0.8242342003649835
2025-02-18,1.0
2025-02-19,
2025-02-20,0.993845968204169
2025-02-21,1.0
2025-02-22,0.9799907548981261
2025-02-23,1.0
2025-02-24,1.0
2025-02-25,0.9818318619268479
2025-02-26,0.9425420573877006
2025-02-27,0.9218209848127916
2025-02-28,0.9800125411506506
2025-03-01,0.9093986658309816
2025-03-02,0.8055930163256244
2025-03-03,
2025-03-04,0.9555805409514158
2025-03-05,0.6935507142298617
2025-03-06,0.0
2025-03-07,0.6161713362815666
2025-03-08,0.32293198383143945
2025-03-09,0.4534713835276308
2025-03-10,0.43590240947029196
2025-03-11,0.2913746362178368
2025-03-12,0.3113104807163738
2025-03-13,0.29797362008916584
2025-03-14,0.13434949655269002
2025-03-15,0.1358296289025718
2025-03-16,0.11454377326686392
2025-03-17,0.0
2025-03-18,0.0
2025-03-19,1.0
2025-03-20,
2025-03-21,
2025-03-22,
2025-03-23,0.75741290287064
2025-03-24,0.9026600935621787
2025-03-25,0.10393845213226678
2025-03-26,
2025-03-27,0.0857307400423764
2025-03-28,0.0
2025-03-29,0.034499289559926656
2025-03-30,
2025-03-31,0.0
2025-04-01,0.013590454067017806
2025-04-02,
2025-04-03,0.0
2025-04-04,0.0038340419489295593
2025-04-05,0.0
2025-04-06,0.0
2025-04-07,0.0
2025-04-08,0.010969365834847542
2025-04-09,1.0
2025-04-10,
2025-04-11,
2025-04-12,0.9999966793184634
2025-04-13,0.7148790388235999
2025-04-14,
2025-04-15,
2025-04-16,
2025-04-17,0.32675425447355877
2025-04-18,0.13705476334530445
2025-04-19,0.0
2025-04-20,0.010739607818379075
2025-04-21,0.0001206967468203507
2025-04-22,0.0066298935861891254
2025-04-23,0.0
2025-04-24,0.0
2025-04-25,1.584702340077122e-05
2025-04-26,0.019089665464494466
2025-04-27,0.0
2025-04-28,0.015546884526277286
2025-04-29,0.004128482518876631
2025-04-30,0.0
2025-05-01,
2025-05-02,
2025-05-03,0.007974997305744152
2025-05-04,0.049917439849032894
2025-05-05,1.1242235392032565e-05
2025-05-06,0.0012798165137614696
2025-05-07,0.0008317844266436176
2025-05-08,0.0026283381745759475
2025-05-09,0.0012274711418444387
2025-05-10,0.0
2025-05-11,0.0015030931528352402
2025-05-12,
2025-05-13,
2025-05-14,0.0
2025-05-15,0.0
2025-05-16,9.55105580554561e-06
2025-05-17,0.0
2025-05-18,0.0
2025-05-19,0.0
2025-05-20,0.0
2025-05-21,0.0
2025-05-22,0.0
2025-05-23,0.0
2025-05-24,0.0
2025-05-25,0.0
2025-05-26,0.0
2025-05-27,0.0
2025-05-28,0.0
2025-05-29,0.0
2025-05-30,0.0
2025-05-31,0.0
2025-06-01,0.0
2025-06-02,0.0
2025-06-03,
2025-06-04,0.0
2025-06-05,0.0
2025-06-06,0.0
2025-06-07,0.0
2025-06-08,0.0
2025-06-09,0.0
2025-06-10,0.0
2025-06-11,0.0
2025-06-12,0.0
2025-06-13,0.0
2025-06-14,0.0
2025-06-15,0.0
2025-06-16,0.0
2025-06-17,0.0
2025-06-18,0.0
2025-06-19,0.0
2025-06-20,0.0
2025-06-21,0.0
2025-06-22,0.0
2025-06-23,0.0
2025-06-24,0.0
2025-06-25,0.0
2025-06-26,0.0
2025-06-27,0.0
2025-06-28,0.0
2025-06-29,0.0
2025-06-30,0.0
2025-07-01,0.0
2025-07-02,0.0
2025-07-03,0.0
2025-07-04,0.0
2025-07-05,
2025-07-06,0.0
2025-07-07,0.0
2025-07-08,0.0
2025-07-09,0.0
2025-07-10,0.0
2025-07-11,0.0
2025-07-12,0.0
2025-07-13,0.0
2025-07-14,0.0
2025-07-15,0.0
2025-07-16,0.0
2025-07-17,0.0
2025-07-18,0.0
2025-07-19,0.0
2025-07-20,0.0
2025-07-21,0.0
2025-07-22,0.0
2025-07-23,0.0
2025-07-24,0.0
2025-07-25,0.0
2025-07-26,0.0
2025-07-27,0.0
2025-07-28,0.0
2025-07-29,0.0
2025-07-30,0.0
2025-07-31,0.0
2025-08-01,0.0
2025-08-02,0.0
2025-08-03,0.0
2025-08-04,0.0
2025-08-05,0.0
2025-08-06,0.0
2025-08-07,0.0
2025-08-08,0.0
2025-08-09,0.0
2025-08-10,0.0
2025-08-11,0.0
2025-08-12,0.0
2025-08-13,0.0
2025-08-14,0.0
2025-08-15,0.0
2025-08-16,0.0
2025-08-17,0.0
2025-08-18,0.0
2025-08-19,0.0
2025-08-20,0.0
2025-08-21,0.0
2025-08-22,0.0
2025-08-23,0.0
2025-08-24,0.0
2025-08-25,0.0
2025-08-26,0.0
2025-08-27,0.0
2025-08-28,0.0
2025-08-29,0.0
2025-08-30,0.0
2025-08-31,0.0
2025-09-01,0.0
2025-09-02,0.0
2025-09-03,0.0
2025-09-04,0.0
2025-09-05,0.0
2025-09-06,0.0
2025-09-07,0.0
2025-09-08,
2025-09-09,0.0
2025-09-10,0.0
2025-09-11,0.0
2025-09-12,0.0
2025-09-13,0.0
2025-09-14,0.0
2025-09-15,0.0
2025-09-16,0.0
2025-09-17,0.0
2025-09-18,0.0
2025-09-19,0.0
2025-09-20,
2025-09-21,0.0
2025-09-22,0.0
2025-09-23,0.0
2025-09-24,0.0
2025-09-25,0.0
2025-09-26,0.0
2025-09-27,0.0
2025-09-28,0.0
2025-09-29,0.0
2025-09-30,0.0
