Date,T_0,P_0,PET_0,T_1,P_1,PET_1,T_2,P_2,PET_2
2009-09-03,18.1,0.0,3.92,15.1,0.0,3.66,14.9,0.0,3.8
2009-09-04,19.7,0.0,4.46,17.0,0.0,4.22,16.5,0.0,4.42
2009-09-05,19.8,0.0,4.5,17.1,0.0,4.25,16.3,0.0,4.31
2009-09-06,18.3,0.0,3.95,15.3,0.0,3.67,14.9,0.0,3.78
2009-09-07,17.1,0.0,2.45,14.1,0.0,2.3,14.6,0.0,2.78
2009-09-08,19.5,0.0,3.91,16.6,0.2,3.7,17.0,0.0,4.01
2009-09-09,20.4,3.9,3.95,18.0,3.6,3.83,16.7,1.4,4.03
2009-09-10,16.8,1.1,2.74,14.0,1.4,2.44,13.1,2.0,2.47
2009-09-11,17.2,0.0,2.61,14.4,0.0,2.44,13.9,0.0,2.65
2009-09-12,18.1,11.7,3.41,15.8,10.2,3.26,14.8,3.1,3.49
2009-09-13,17.9,7.9,2.79,15.4,6.0,2.6,14.0,5.3,2.71
2009-09-14,17.3,0.0,3.4,14.9,0.0,3.19,13.5,0.0,3.09
2009-09-15,16.8,0.0,2.85,14.0,0.1,2.66,12.7,0.1,2.47
2009-09-16,14.2,0.7,2.35,11.2,0.8,2.14,10.3,0.8,2.2
2009-09-17,12.9,0.1,1.91,10.1,0.1,1.79,8.8,0.0,1.79
2009-09-18,14.0,0.0,3.17,11.2,0.0,2.98,10.6,0.0,3.07
2009-09-19,14.2,0.5,2.13,11.4,0.4,2.19,11.0,1.4,2.66
2009-09-20,13.1,5.4,1.82,10.2,5.5,1.69,9.6,4.1,1.76
2009-09-21,10.8,8.7,1.03,8.2,10.7,0.98,7.7,13.3,1.0
2009-09-22,11.4,4.3,2.01,9.1,4.4,1.88,7.9,6.1,1.92
2009-09-23,10.9,5.4,1.19,8.1,6.2,1.04,6.6,8.0,0.87
2009-09-24,11.2,0.0,2.98,7.9,0.0,2.75,7.4,0.0,2.86
2009-09-25,13.2,0.0,3.26,10.3,0.0,3.07,9.2,0.0,3.07
2009-09-26,13.6,0.0,3.18,11.2,0.0,2.99,10.1,0.0,2.93
2009-09-27,9.2,5.3,0.93,6.3,5.9,0.84,5.1,8.6,0.92
2009-09-28,6.6,5.2,1.34,3.5,5.8,1.18,1.6,7.1,1.17
2009-09-29,9.8,0.0,2.11,7.0,0.2,1.85,5.3,0.9,1.54
2009-09-30,12.1,0.0,3.09,9.7,0.0,2.92,8.2,0.0,2.83
2009-10-01,12.6,0.0,2.45,9.8,0.0,2.17,8.3,0.0,2.04
2009-10-02,13.8,0.0,3.22,11.5,0.0,3.06,9.6,0.0,3.04
2009-10-03,15.5,0.0,3.34,13.3,0.0,3.23,11.1,0.0,3.25
2009-10-04,16.0,0.0,3.44,14.0,0.0,3.29,12.5,0.0,3.25
2009-10-05,15.3,0.1,2.88,12.9,0.1,2.72,12.1,0.2,2.81
2009-10-06,13.0,1.3,1.28,10.1,1.0,1.21,9.3,0.6,1.37
2009-10-07,11.4,0.0,1.56,8.1,0.0,1.36,8.2,0.0,1.44
2009-10-08,13.1,1.3,2.25,10.0,2.4,2.15,9.5,4.3,2.29
2009-10-09,13.1,1.9,2.41,10.5,2.5,2.28,8.9,2.7,2.24
2009-10-10,13.3,0.0,1.92,10.3,0.0,1.78,8.9,0.0,1.79
2009-10-11,14.4,0.0,2.77,11.9,0.0,2.64,9.9,0.0,2.63
2009-10-12,15.0,0.0,3.22,12.6,0.0,3.11,10.5,0.0,3.07
2009-10-13,16.0,0.2,3.45,14.0,0.1,3.3,11.0,0.0,2.96
2009-10-14,14.9,0.0,3.16,12.6,0.0,3.02,10.4,0.0,3.06
2009-10-15,15.1,0.0,2.44,13.0,0.0,2.43,10.8,0.0,2.69
2009-10-16,16.0,0.0,2.89,13.8,0.0,2.82,11.2,0.0,2.8
2009-10-17,16.0,0.0,2.88,13.7,0.0,2.73,11.6,0.0,2.67
2009-10-18,17.3,0.0,3.03,15.1,0.0,2.87,12.3,0.0,2.84
2009-10-19,17.4,0.0,3.14,15.3,0.0,3.05,13.1,0.0,2.91
2009-10-20,17.4,0.2,3.01,15.0,0.2,2.9,13.1,0.0,2.86
2009-10-21,16.3,0.5,2.65,14.3,0.4,2.58,12.4,0.7,2.76
2009-10-22,13.6,0.0,1.3,10.5,0.0,1.23,9.8,0.0,1.6
2009-10-23,15.2,0.0,2.34,12.5,0.0,2.22,10.6,0.0,2.24
2009-10-24,14.6,0.0,2.47,12.3,0.0,2.4,9.5,0.0,2.29
2009-10-25,14.4,0.0,2.35,12.0,0.0,2.27,9.7,0.0,2.22
2009-10-26,14.4,0.0,2.3,12.3,0.0,2.21,9.9,0.0,2.29
2009-10-27,13.3,0.7,2.61,10.8,0.9,2.5,8.3,1.1,2.31
2009-10-28,11.9,5.6,1.28,9.5,4.0,1.25,7.7,0.7,1.37
2009-10-29,9.4,6.4,0.48,6.9,8.0,0.53,6.2,11.9,0.77
2009-10-30,9.0,1.6,0.65,6.1,3.4,0.59,5.4,8.3,0.59
2009-10-31,7.7,0.0,0.57,4.7,0.3,0.52,4.4,0.3,0.59
2009-11-01,5.9,19.7,0.32,3.2,20.8,0.36,4.3,19.0,0.44
2009-11-02,2.2,28.5,0.3,-0.7,31.9,0.3,-0.4,36.5,0.35
2009-11-03,0.7,7.6,0.88,-1.8,9.3,0.79,-3.0,12.7,0.71
2009-11-04,2.4,3.9,0.92,-1.1,2.7,0.8,-1.9,1.8,0.85
2009-11-05,6.7,10.0,1.18,4.4,13.1,1.12,2.0,12.6,0.92
2009-11-06,6.7,0.0,1.54,2.7,0.0,1.32,1.3,0.0,1.21
2009-11-07,9.3,0.0,1.65,4.8,0.0,1.5,1.1,0.0,1.29
2009-11-08,9.8,0.0,2.03,5.3,0.0,1.79,-0.2,0.0,1.33
2009-11-09,10.8,0.0,1.78,7.1,0.0,1.64,2.1,0.5,1.3
2009-11-10,9.7,0.0,1.78,6.2,0.0,1.64,2.1,0.0,1.29
2009-11-11,10.7,0.0,2.15,6.7,0.0,1.86,4.0,0.0,1.67
2009-11-12,9.5,2.0,1.29,7.1,1.9,1.23,4.5,0.6,1.13
2009-11-13,6.6,23.9,0.29,4.2,27.3,0.29,2.6,32.6,0.31
2009-11-14,3.3,10.1,0.36,0.3,11.4,0.38,-1.0,13.1,0.48
2009-11-15,3.3,2.4,0.53,-0.0,2.8,0.45,-2.1,5.7,0.53
2009-11-16,2.8,1.0,0.76,-0.6,0.7,0.66,-3.0,0.0,0.73
2009-11-17,3.2,2.8,0.51,0.4,3.3,0.51,-2.1,3.4,0.58
2009-11-18,2.7,1.9,0.66,-0.5,2.0,0.58,-1.7,0.6,0.64
2009-11-19,3.3,0.0,1.08,-0.3,0.0,0.95,-2.5,0.0,0.89
2009-11-20,3.3,10.7,0.42,0.1,11.2,0.39,-1.8,14.4,0.4
2009-11-21,4.9,19.6,0.27,1.5,20.9,0.26,-0.2,26.1,0.31
2009-11-22,5.6,0.3,1.04,2.1,0.5,0.89,-0.2,1.2,0.84
2009-11-23,3.9,0.0,1.32,0.2,0.0,1.18,-3.4,0.0,0.99
2009-11-24,4.7,0.0,1.29,1.0,0.0,1.19,-2.6,0.0,1.0
2009-11-25,6.0,0.0,1.14,2.7,0.0,1.08,-1.0,0.0,0.96
2009-11-26,4.7,1.0,0.71,1.8,1.0,0.64,-1.1,0.6,0.55
2009-11-27,2.6,0.0,1.02,-0.9,0.0,0.91,-2.4,0.0,0.85
2009-11-28,2.8,0.0,1.21,-0.9,0.0,1.12,-3.5,0.0,1.03
2009-11-29,2.8,0.1,1.27,-0.7,0.0,1.17,-3.1,0.0,0.99
2009-11-30,4.1,1.1,0.8,1.2,1.1,0.77,-1.3,0.6,0.69
2009-12-01,2.8,0.0,1.17,-0.6,0.0,1.06,-3.2,0.0,0.88
2009-12-02,2.2,0.0,1.38,-1.7,0.0,1.22,-4.7,0.0,1.03
2009-12-03,3.4,0.0,1.64,-0.9,0.0,1.36,-4.7,0.0,1.07
2009-12-04,4.3,0.7,1.25,0.3,0.7,1.01,-2.5,0.1,0.78
2009-12-05,4.5,1.1,1.06,1.0,1.3,0.95,-1.7,1.9,0.78
2009-12-06,4.4,0.0,1.03,1.7,0.0,0.99,-1.9,0.0,0.83
2009-12-07,2.9,2.4,0.64,0.3,2.0,0.62,-1.8,2.0,0.65
2009-12-08,2.3,0.8,0.44,-0.6,1.3,0.4,-2.2,1.7,0.47
2009-12-09,1.9,0.0,0.76,-0.1,0.0,0.7,-2.4,0.0,0.63
2009-12-10,1.9,0.0,0.97,-0.9,0.0,0.88,-5.1,0.0,0.68
2009-12-11,4.2,0.0,1.15,0.6,0.0,0.92,-1.5,0.0,0.66
2009-12-12,6.1,2.4,1.15,2.3,2.3,0.91,0.8,2.0,0.7
2009-12-13,4.2,10.1,0.58,1.3,9.7,0.55,0.2,9.1,0.49
2009-12-14,0.7,3.1,0.66,-1.9,2.8,0.59,-4.1,2.2,0.52
2009-12-15,-0.6,0.0,1.02,-4.5,0.0,0.84,-9.6,0.0,0.58
2009-12-16,2.7,0.7,1.09,-1.3,0.8,0.85,-4.9,0.8,0.56
2009-12-17,4.2,2.7,0.92,0.6,2.3,0.79,-1.3,0.7,0.67
2009-12-18,4.1,2.2,0.9,0.9,2.4,0.79,-1.1,1.8,0.67
2009-12-19,3.4,8.1,0.73,0.5,7.5,0.65,-0.8,8.3,0.6
2009-12-20,3.4,0.5,0.8,-0.1,0.1,0.68,-1.1,0.2,0.57
2009-12-21,5.8,17.7,0.82,2.3,16.8,0.72,2.1,15.9,0.59
2009-12-22,1.3,0.6,0.61,-1.6,1.5,0.56,-1.3,3.6,0.54
2009-12-23,1.5,0.0,0.8,-0.8,0.0,0.72,-0.8,0.0,0.72
2009-12-24,2.3,0.1,0.55,-0.2,0.2,0.55,-0.6,0.2,0.59
2009-12-25,1.8,0.0,1.01,-0.5,0.0,0.93,-2.3,0.0,0.82
2009-12-26,5.2,5.7,0.32,2.2,5.6,0.33,0.5,6.3,0.37
2009-12-27,6.4,0.0,1.0,3.7,0.0,0.94,1.0,0.0,0.75
2009-12-28,7.7,0.5,1.11,3.8,0.7,0.91,1.4,0.5,0.74
2009-12-29,5.5,19.8,0.47,2.3,17.7,0.46,1.7,9.1,0.5
2009-12-30,0.6,5.5,0.77,-2.5,7.3,0.68,-2.7,9.2,0.65
2009-12-31,-1.7,0.0,0.92,-4.2,0.0,0.83,-6.3,0.0,0.78
2010-01-01,0.9,0.0,1.01,-2.5,0.0,0.89,-4.5,0.0,0.83
2010-01-02,5.4,9.9,1.08,0.8,9.0,0.75,-0.0,5.9,0.62
2010-01-03,3.4,5.3,0.77,0.8,6.4,0.71,-0.4,6.8,0.74
2010-01-04,0.3,9.7,0.54,-2.4,10.5,0.52,-3.2,9.0,0.57
2010-01-05,-3.2,0.0,0.8,-6.7,0.0,0.72,-10.1,0.0,0.63
2010-01-06,-2.1,0.0,1.02,-5.6,0.0,0.89,-11.1,0.0,0.73
2010-01-07,1.1,0.0,1.01,-2.7,0.0,0.95,-5.8,0.0,0.84
2010-01-08,3.0,0.0,1.13,0.3,0.0,1.1,-2.8,0.0,1.03
2010-01-09,2.2,0.0,1.23,-2.5,0.0,0.95,-5.1,0.0,0.95
2010-01-10,3.9,0.0,1.24,-1.8,0.0,0.91,-3.7,0.0,0.87
2010-01-11,3.0,5.1,1.05,-1.2,4.8,0.9,-2.8,4.3,0.91
2010-01-12,1.4,0.9,0.91,-1.7,1.3,0.77,-3.1,1.7,0.69
2010-01-13,2.5,5.4,0.48,-0.7,6.7,0.44,-1.2,8.9,0.5
2010-01-14,2.9,7.9,0.69,-0.2,7.9,0.59,-0.8,11.2,0.61
2010-01-15,4.0,13.0,0.74,1.0,11.4,0.65,0.0,9.0,0.73
2010-01-16,4.1,10.3,0.44,1.1,9.7,0.45,-0.0,9.4,0.49
2010-01-17,4.8,3.9,0.48,2.0,3.5,0.48,0.4,3.8,0.5
2010-01-18,4.8,2.5,0.89,2.5,2.2,0.83,0.3,1.1,0.75
2010-01-19,5.8,2.6,0.73,3.1,2.1,0.78,0.7,1.9,0.77
2010-01-20,4.5,9.5,0.47,1.7,9.1,0.54,-0.0,4.8,0.6
2010-01-21,3.0,6.7,0.97,0.6,6.0,0.92,-1.3,5.2,0.82
2010-01-22,-0.2,0.0,1.09,-3.1,0.0,0.93,-5.4,0.0,0.79
2010-01-23,3.9,8.1,1.03,0.7,6.2,0.94,-1.7,2.9,0.78
2010-01-24,0.5,21.2,0.44,-2.3,20.4,0.39,-3.2,15.7,0.4
2010-01-25,-5.9,8.1,0.45,-8.6,8.8,0.38,-9.5,9.7,0.36
2010-01-26,-9.9,0.0,0.57,-12.8,0.2,0.5,-14.5,0.8,0.47
2010-01-27,-10.2,0.0,0.79,-14.4,0.0,0.69,-17.4,0.0,0.62
2010-01-28,-3.8,2.2,0.74,-7.8,2.0,0.61,-10.5,1.9,0.54
2010-01-29,-1.3,0.2,1.04,-5.9,0.0,0.79,-6.9,0.0,0.7
2010-01-30,0.8,4.7,0.98,-3.6,4.3,0.78,-4.4,3.6,0.69
2010-01-31,3.3,2.8,1.24,-0.2,1.6,1.06,-1.0,0.3,0.93
2010-02-01,2.0,2.2,1.16,0.1,1.5,1.08,-2.2,0.7,1.01
2010-02-02,1.5,0.0,1.24,-0.9,0.0,1.05,-2.0,0.0,0.95
2010-02-03,2.1,21.8,0.75,-0.9,20.5,0.7,-0.7,17.6,0.81
2010-02-04,-4.6,7.2,0.56,-7.0,7.9,0.5,-8.4,9.1,0.49
2010-02-05,-4.8,4.1,0.61,-7.4,4.7,0.55,-9.0,4.7,0.54
2010-02-06,-2.9,0.0,0.91,-5.6,0.0,0.85,-8.6,0.1,0.85
2010-02-07,-3.5,0.0,1.08,-6.6,0.0,0.93,-10.1,0.0,0.82
2010-02-08,0.2,0.4,1.2,-3.6,0.3,0.93,-5.4,0.1,0.79
2010-02-09,1.2,1.1,1.27,-2.9,1.2,0.98,-4.3,0.9,0.87
2010-02-10,-0.2,0.4,1.17,-2.9,0.2,1.05,-4.8,0.2,0.92
2010-02-11,2.2,0.3,1.16,-2.2,0.1,0.93,-3.0,0.0,0.94
2010-02-12,4.3,4.0,1.33,0.2,2.9,1.11,-0.8,5.4,1.12
2010-02-13,3.6,0.2,1.38,0.1,0.2,1.17,-0.6,0.9,1.15
2010-02-14,4.4,0.0,1.55,1.4,0.0,1.45,-0.2,0.0,1.38
2010-02-15,7.7,0.0,1.9,3.2,0.0,1.45,2.9,0.0,1.46
2010-02-16,7.0,2.0,0.94,4.4,3.3,0.8,2.0,4.6,0.64
2010-02-17,4.9,0.0,1.58,0.7,0.5,1.25,0.7,0.6,1.23
2010-02-18,7.6,0.0,1.89,3.6,0.0,1.57,1.3,0.0,1.39
2010-02-19,5.8,6.0,0.9,2.8,5.2,0.87,0.8,4.7,0.98
2010-02-20,6.8,0.0,1.84,2.9,0.0,1.52,1.3,0.0,1.31
2010-02-21,10.0,7.4,1.68,6.3,6.5,1.44,3.3,6.0,1.27
2010-02-22,3.6,9.9,1.12,0.5,11.8,1.01,-1.6,14.0,1.0
2010-02-23,2.2,0.4,1.2,-0.5,0.2,1.14,-3.1,0.0,1.16
2010-02-24,3.2,1.0,1.66,0.3,0.9,1.53,-2.6,1.2,1.32
2010-02-25,5.6,2.4,1.91,2.4,2.1,1.71,-0.4,2.2,1.39
2010-02-26,5.6,0.1,1.67,2.7,0.0,1.59,-0.7,0.0,1.51
2010-02-27,4.6,0.3,1.81,1.9,0.1,1.75,-1.8,0.0,1.65
2010-02-28,4.4,2.6,1.19,1.7,2.8,1.19,-0.9,1.4,1.26
2010-03-01,5.2,0.4,1.07,2.2,0.3,1.09,0.1,0.0,1.35
2010-03-02,6.0,8.0,1.45,2.4,7.4,1.24,0.2,3.9,1.13
2010-03-03,3.3,19.8,0.5,0.3,18.7,0.51,-0.6,15.5,0.71
2010-03-04,1.7,0.0,1.96,-1.5,0.1,1.78,-4.4,0.0,1.71
2010-03-05,5.5,7.7,1.7,1.9,8.4,1.5,-0.4,7.7,1.35
2010-03-06,7.1,8.3,1.74,4.0,7.3,1.56,1.3,6.3,1.28
2010-03-07,5.8,9.0,1.73,3.0,9.6,1.54,0.8,8.9,1.53
2010-03-08,8.8,2.7,1.81,5.5,2.6,1.52,2.0,3.0,1.15
2010-03-09,12.2,7.3,2.15,8.0,7.0,1.68,5.1,4.1,1.43
2010-03-10,7.5,1.2,1.32,4.6,1.3,1.21,3.0,2.7,1.5
2010-03-11,10.5,0.0,2.32,6.8,0.0,1.95,2.4,0.0,1.5
2010-03-12,12.5,0.4,2.71,9.5,1.5,2.43,4.9,2.0,1.91
2010-03-13,8.3,4.1,1.91,5.7,5.0,1.65,3.0,7.2,1.48
2010-03-14,7.0,5.7,1.79,4.2,7.6,1.64,2.4,9.5,1.47
2010-03-15,3.8,21.5,0.5,0.9,21.1,0.5,1.7,25.5,0.6
2010-03-16,0.4,4.0,1.14,-2.5,3.7,1.07,-3.4,2.9,1.27
2010-03-17,1.2,0.2,2.22,-1.4,0.2,2.13,-4.8,0.0,1.95
2010-03-18,-2.3,0.0,1.26,-4.5,0.3,1.21,-6.8,0.0,1.12
2010-03-19,-0.6,0.0,2.01,-3.2,0.0,1.92,-7.6,0.0,1.68
2010-03-20,2.8,0.0,2.6,-0.4,0.0,2.38,-4.4,0.0,2.13
2010-03-21,5.3,0.0,3.04,2.8,0.0,2.85,-0.5,0.0,2.58
2010-03-22,7.1,0.0,3.05,4.5,0.0,2.87,2.0,0.0,2.49
2010-03-23,8.2,0.0,2.97,6.1,0.0,2.78,2.8,0.0,2.42
2010-03-24,10.8,0.0,3.33,8.1,0.0,3.1,3.2,0.0,2.6
2010-03-25,9.7,3.3,2.56,6.9,3.1,2.48,4.0,0.7,2.52
2010-03-26,7.4,0.1,2.63,4.2,0.0,2.38,2.9,0.1,2.25
2010-03-27,8.1,0.0,2.73,4.6,0.0,2.49,3.3,0.0,2.36
2010-03-28,10.3,0.0,3.52,7.6,0.0,3.28,4.5,0.0,2.67
2010-03-29,8.1,9.4,2.19,6.2,6.2,2.33,4.1,2.1,2.32
2010-03-30,4.6,6.0,1.39,2.3,5.3,1.3,0.3,5.1,1.44
2010-03-31,6.3,0.7,2.33,3.7,0.7,2.16,1.4,0.5,2.04
2010-04-01,8.8,1.1,2.87,6.2,0.9,2.64,4.1,1.2,2.44
2010-04-02,9.0,1.0,2.91,6.7,0.8,2.73,4.5,1.2,2.58
2010-04-03,7.0,5.9,0.83,4.3,5.5,0.85,3.6,6.3,1.18
2010-04-04,6.4,0.0,2.27,3.6,0.0,2.05,2.4,0.0,2.07
2010-04-05,7.5,0.0,3.43,4.5,0.0,3.2,3.7,0.0,3.26
2010-04-06,10.9,0.7,3.95,8.7,0.4,3.81,7.1,0.0,3.74
2010-04-07,8.8,12.9,2.45,6.9,14.0,2.33,3.9,10.5,2.11
2010-04-08,6.4,7.5,2.48,3.8,6.8,2.34,2.1,5.9,2.19
2010-04-09,5.2,5.4,1.79,2.5,5.2,1.66,1.5,5.7,1.72
2010-04-10,5.5,0.6,2.39,2.8,0.5,2.21,1.5,1.1,2.17
2010-04-11,7.5,3.8,2.77,5.4,3.5,2.62,3.4,3.7,2.43
2010-04-12,4.4,21.2,0.77,1.8,18.1,0.96,3.2,18.8,1.69
2010-04-13,3.3,2.1,2.29,0.3,2.6,2.03,-0.4,3.1,2.11
2010-04-14,6.9,0.0,3.56,5.0,0.0,3.42,3.0,0.0,3.27
2010-04-15,9.8,0.8,3.11,7.6,1.0,2.93,5.5,0.9,2.77
2010-04-16,12.2,0.4,4.07,10.1,0.1,3.84,8.2,0.1,3.67
2010-04-17,13.4,3.8,3.77,11.1,3.1,3.55,8.2,2.5,3.3
2010-04-18,10.2,3.1,1.72,7.4,3.2,1.69,6.9,1.8,2.0
2010-04-19,11.6,0.0,3.84,8.6,0.0,3.52,7.3,0.0,3.37
2010-04-20,14.0,6.7,4.15,11.5,5.4,3.97,10.0,1.2,3.92
2010-04-21,11.0,32.1,1.76,8.2,28.8,1.4,6.2,18.5,1.01
2010-04-22,6.8,13.0,0.95,4.1,9.8,1.06,3.6,5.3,1.68
2010-04-23,7.5,0.0,3.53,4.5,0.0,3.18,2.6,0.0,2.9
2010-04-24,9.3,0.0,3.91,6.4,0.0,3.67,4.2,0.0,3.55
2010-04-25,9.8,0.0,4.17,7.1,0.0,3.93,6.1,0.0,3.97
2010-04-26,9.9,0.0,3.8,6.7,0.0,3.53,6.6,0.0,3.73
2010-04-27,7.7,2.2,1.6,4.5,3.7,1.62,5.6,6.1,2.05
2010-04-28,8.4,2.8,1.77,5.3,2.1,1.58,5.9,1.2,1.7
2010-04-29,7.3,0.0,1.77,4.2,0.0,1.49,4.3,0.0,1.48
2010-04-30,8.0,0.0,2.89,5.0,0.0,2.65,4.9,0.0,2.66
2010-05-01,8.6,0.0,2.4,5.4,1.0,2.01,4.2,6.4,1.58
2010-05-02,9.1,0.0,2.52,6.2,0.0,2.27,5.2,0.2,2.27
2010-05-03,10.4,0.0,3.78,7.7,0.0,3.44,6.2,0.0,2.96
2010-05-04,10.7,0.0,4.25,8.1,0.0,3.98,6.9,0.0,3.87
2010-05-05,11.4,0.0,3.72,8.7,0.0,3.36,7.7,0.0,3.23
2010-05-06,12.7,0.0,4.43,10.0,0.0,4.17,9.0,0.0,3.83
2010-05-07,15.1,0.0,4.9,13.0,0.0,4.68,11.7,0.0,4.5
2010-05-08,15.4,1.6,4.16,12.9,1.8,3.95,11.8,2.0,3.74
2010-05-09,16.3,0.4,4.51,13.9,0.4,4.26,12.5,0.0,4.1
2010-05-10,13.5,14.6,3.05,10.9,13.5,2.87,9.6,11.6,2.9
2010-05-11,13.3,0.0,3.85,10.5,0.0,3.67,9.2,0.0,3.74
2010-05-12,14.1,0.0,4.64,11.6,0.0,4.38,10.2,0.0,4.24
2010-05-13,16.2,0.0,4.96,14.0,0.0,4.77,12.4,0.0,4.62
2010-05-14,17.3,1.8,4.77,15.1,1.6,4.57,13.7,0.9,4.47
2010-05-15,17.6,0.1,4.43,15.3,0.4,4.24,14.0,0.2,4.22
2010-05-16,19.6,1.7,4.89,16.9,1.4,4.55,15.4,1.1,4.45
2010-05-17,15.9,2.7,3.74,13.4,3.5,3.45,13.2,4.7,3.48
2010-05-18,14.5,14.5,4.43,12.4,12.9,4.25,11.8,2.0,4.45
2010-05-19,11.1,8.8,2.82,8.8,8.6,2.83,8.1,7.4,3.08
2010-05-20,11.9,2.3,3.53,9.2,2.4,3.36,7.9,2.1,3.28
2010-05-21,11.9,2.4,3.28,9.3,2.6,3.14,7.9,5.3,3.06
2010-05-22,12.4,12.9,3.22,10.1,12.8,3.08,8.7,11.5,3.06
2010-05-23,11.3,8.5,3.15,9.2,7.6,3.09,7.8,6.9,3.28
2010-05-24,11.3,1.2,3.42,8.8,1.4,3.19,7.3,1.9,3.17
2010-05-25,13.0,0.3,4.42,10.8,0.6,4.21,8.9,1.0,3.96
2010-05-26,14.8,0.0,4.71,12.5,0.1,4.51,10.9,0.2,4.41
2010-05-27,16.6,1.4,4.63,14.4,0.7,4.46,12.7,1.3,4.42
2010-05-28,15.5,16.0,3.88,13.1,13.3,3.7,11.6,6.0,3.43
2010-05-29,15.4,0.0,4.92,12.6,0.0,4.65,11.2,0.0,4.57
2010-05-30,16.4,0.0,4.95,13.8,0.0,4.72,12.2,0.0,4.69
2010-05-31,18.0,0.0,5.24,15.9,0.0,5.09,14.4,0.0,4.96
2010-06-01,20.4,0.2,5.22,18.4,0.5,5.09,16.8,0.3,5.22
2010-06-02,21.5,0.2,6.03,19.3,0.4,5.53,16.8,2.1,4.92
2010-06-03,20.2,0.0,5.18,18.2,0.0,5.1,17.7,0.0,5.28
2010-06-04,20.8,0.0,5.38,18.7,0.0,5.34,18.8,0.0,5.91
2010-06-05,21.0,0.5,4.9,18.1,0.5,4.88,19.1,0.0,5.47
2010-06-06,19.5,1.9,4.26,16.2,2.4,3.87,16.7,2.0,4.01
2010-06-07,18.1,6.9,3.47,15.0,5.4,3.2,14.2,4.2,3.41
2010-06-08,16.3,18.9,2.93,13.5,16.3,2.8,12.9,10.4,3.09
2010-06-09,16.8,2.2,3.67,13.8,3.7,3.41,12.6,5.0,3.28
2010-06-10,17.4,0.4,2.99,14.4,1.7,3.11,14.1,4.1,3.8
2010-06-11,17.5,9.1,3.35,14.6,7.5,3.46,14.4,10.1,4.02
2010-06-12,19.4,4.4,4.63,16.8,3.3,4.59,16.7,0.3,5.04
2010-06-13,21.5,0.5,5.31,19.3,0.4,5.22,17.5,1.5,5.36
2010-06-14,22.4,0.0,5.49,20.2,0.0,5.4,20.1,0.0,5.86
2010-06-15,19.9,0.0,4.77,16.7,0.2,4.45,17.1,1.1,4.44
2010-06-16,18.3,1.7,2.69,15.2,1.7,2.45,14.5,6.9,2.69
2010-06-17,18.4,3.1,3.56,15.6,3.0,3.38,14.6,2.9,3.33
2010-06-18,17.8,0.0,4.07,15.0,0.0,3.94,14.1,0.0,4.0
2010-06-19,18.8,0.7,4.93,15.9,0.6,4.71,14.9,1.9,4.59
2010-06-20,19.2,10.3,4.58,16.7,9.4,4.41,15.2,8.1,4.49
2010-06-21,19.2,0.5,5.08,16.8,1.4,4.83,14.7,1.7,4.5
2010-06-22,19.6,1.0,5.07,17.3,1.2,4.93,15.2,1.0,4.9
2010-06-23,18.0,7.0,4.19,15.4,7.2,4.12,14.4,6.4,4.46
2010-06-24,14.8,14.9,2.05,12.2,14.3,1.89,11.3,11.8,1.95
2010-06-25,16.4,2.5,3.95,13.9,2.3,3.74,12.5,1.4,3.71
2010-06-26,16.6,8.6,3.8,14.0,7.9,3.63,13.0,5.3,3.85
2010-06-27,17.4,1.4,3.99,14.4,1.6,3.67,13.5,2.0,3.76
2010-06-28,17.9,3.2,3.87,14.9,3.1,3.52,14.2,2.9,3.66
2010-06-29,17.0,6.1,2.92,14.0,5.8,2.77,13.4,3.8,3.07
2010-06-30,18.2,0.0,4.81,15.4,0.0,4.57,14.3,0.0,4.59
2010-07-01,19.1,1.5,4.85,16.5,1.4,4.58,15.0,0.4,4.52
2010-07-02,19.2,0.7,4.22,16.4,1.0,3.92,15.4,0.0,4.05
2010-07-03,18.6,0.0,3.73,15.7,0.0,3.61,15.3,0.0,4.18
2010-07-04,19.2,0.0,4.46,16.0,0.0,4.02,16.0,0.0,4.13
2010-07-05,20.0,0.0,4.92,16.6,0.0,4.56,16.4,0.0,4.67
2010-07-06,20.9,0.0,5.58,17.7,0.0,5.28,17.1,0.0,5.39
2010-07-07,20.9,0.0,4.45,17.7,0.0,4.23,17.8,0.0,4.76
2010-07-08,22.1,0.0,4.53,18.6,0.0,4.25,19.1,0.0,4.65
2010-07-09,22.3,0.2,3.94,19.0,0.1,3.92,20.1,0.0,4.75
2010-07-10,22.6,0.0,4.42,19.3,0.0,4.49,20.6,0.0,5.48
2010-07-11,23.0,0.0,4.8,19.6,0.0,4.74,20.4,0.0,5.37
2010-07-12,23.3,0.0,5.23,19.9,0.0,4.88,20.4,0.0,5.16
2010-07-13,23.1,0.0,5.6,19.9,0.0,5.3,20.0,0.0,5.54
2010-07-14,20.2,1.1,4.05,16.9,0.8,3.76,16.9,0.7,4.03
2010-07-15,19.0,1.0,3.57,16.0,1.1,3.39,15.7,1.0,3.7
2010-07-16,18.8,1.7,3.64,15.8,2.3,3.37,15.6,0.8,3.69
2010-07-17,18.4,0.6,2.96,15.5,0.7,2.6,15.1,1.5,2.54
2010-07-18,19.0,0.8,3.73,16.0,0.5,3.39,15.3,1.1,3.58
2010-07-19,20.1,0.0,4.84,17.1,0.0,4.35,16.2,0.0,4.45
2010-07-20,20.2,0.0,5.44,17.2,0.2,5.02,16.8,0.2,4.94
2010-07-21,20.3,0.0,4.67,17.2,0.0,3.98,16.6,0.1,3.68
2010-07-22,19.9,1.2,3.32,16.8,1.0,3.0,16.5,0.3,3.04
2010-07-23,19.7,1.5,3.48,16.7,1.9,3.17,16.3,1.1,3.38
2010-07-24,18.4,1.1,2.88,15.3,1.6,2.66,15.0,1.2,3.03
2010-07-25,19.5,0.0,5.41,16.6,0.0,5.06,16.0,0.0,4.97
2010-07-26,22.2,0.0,5.88,19.6,0.0,5.55,18.9,0.0,5.5
2010-07-27,24.8,0.0,6.2,22.3,0.0,5.91,21.4,0.0,5.88
2010-07-28,24.4,0.0,5.27,20.9,0.0,4.96,21.9,0.0,5.53
2010-07-29,21.1,0.0,2.73,17.7,0.0,2.65,20.0,0.0,3.82
2010-07-30,23.4,0.0,4.71,20.0,0.0,4.57,21.6,0.1,5.16
2010-07-31,25.4,0.0,5.62,21.8,0.0,5.32,22.6,0.0,5.65
2010-08-01,25.4,0.0,6.46,22.8,0.0,6.05,22.2,0.0,6.04
2010-08-02,25.5,0.0,6.05,22.7,0.0,5.76,21.8,0.0,5.9
2010-08-03,23.9,0.0,5.18,20.4,0.0,4.77,20.2,0.0,4.85
2010-08-04,24.2,0.0,5.84,21.1,0.0,5.47,20.3,0.0,5.37
2010-08-05,25.4,0.0,6.21,23.0,0.0,5.95,21.4,0.0,5.89
2010-08-06,26.9,1.1,5.52,24.2,1.3,5.13,23.1,0.0,5.35
2010-08-07,27.2,0.9,5.74,24.5,1.0,5.38,23.6,0.0,5.36
2010-08-08,26.5,0.4,5.75,23.3,0.6,5.34,22.5,1.6,5.2
2010-08-09,24.2,0.0,5.67,21.0,0.0,5.19,21.0,0.0,5.2
2010-08-10,23.6,0.0,5.35,20.5,0.0,4.87,20.3,0.0,4.79
2010-08-11,23.7,0.0,5.81,20.9,0.0,5.39,20.0,0.0,5.28
2010-08-12,23.9,0.0,5.99,21.3,0.0,5.61,20.1,0.0,5.5
2010-08-13,23.4,0.0,5.74,20.6,0.0,5.33,19.6,0.0,5.22
2010-08-14,23.0,0.0,5.22,19.9,0.0,4.76,19.7,0.0,4.71
2010-08-15,22.4,0.0,4.5,19.2,0.0,3.93,18.6,0.2,3.7
2010-08-16,21.8,0.0,4.42,18.7,0.0,4.09,17.6,0.0,4.19
2010-08-17,22.0,0.0,4.59,19.1,0.0,4.24,17.6,0.0,4.08
2010-08-18,22.7,0.1,5.32,20.0,0.0,5.03,18.7,0.0,5.03
2010-08-19,22.8,0.0,5.26,19.8,0.0,4.9,18.8,0.0,4.93
2010-08-20,22.4,0.0,5.14,19.3,0.0,4.84,18.9,0.0,5.04
2010-08-21,18.5,0.1,2.8,15.5,0.1,2.59,15.3,0.1,2.88
2010-08-22,17.4,0.0,3.64,14.4,0.0,3.41,14.4,0.0,3.86
2010-08-23,18.2,0.0,3.86,14.8,0.0,3.62,15.8,0.0,4.11
2010-08-24,19.5,0.0,3.82,15.9,0.0,3.59,17.1,0.0,4.16
2010-08-25,20.1,0.0,4.64,16.6,0.0,4.23,16.9,0.0,4.27
2010-08-26,18.5,0.1,3.46,15.4,0.0,3.04,14.9,0.9,2.93
2010-08-27,19.1,0.0,3.89,16.0,0.0,3.54,15.4,0.0,3.63
2010-08-28,22.3,0.0,5.06,19.4,0.0,4.79,18.8,0.0,4.91
2010-08-29,24.4,0.0,5.55,22.0,0.0,5.31,21.1,0.0,5.44
2010-08-30,23.8,0.4,4.98,20.8,0.6,4.58,20.8,0.6,4.73
2010-08-31,25.2,0.0,4.79,22.6,0.0,4.41,22.0,0.0,4.56
2010-09-01,25.9,0.0,6.55,23.5,0.0,6.3,21.0,0.0,6.53
2010-09-02,19.5,1.1,3.2,17.1,0.5,3.1,17.2,0.5,3.67
2010-09-03,17.4,0.0,2.01,14.2,0.0,1.95,15.2,0.0,2.63
2010-09-04,19.6,0.0,3.76,16.0,0.0,3.52,17.2,0.0,3.95
2010-09-05,21.1,0.0,4.72,17.7,0.0,4.33,18.3,0.0,4.42
2010-09-06,19.1,0.0,3.66,15.4,0.0,3.35,16.8,0.0,3.77
2010-09-07,19.2,0.0,3.39,15.7,0.4,3.14,16.5,1.1,3.43
2010-09-08,17.8,0.0,2.79,14.7,0.0,2.42,14.6,0.0,2.35
2010-09-09,18.6,0.0,3.65,15.2,0.0,3.26,15.4,0.0,3.45
2010-09-10,17.9,0.0,3.63,14.2,0.0,3.23,15.1,0.0,3.42
2010-09-11,19.6,0.0,3.9,16.0,0.0,3.62,17.1,0.0,3.89
2010-09-12,22.5,0.0,4.32,19.8,0.0,4.19,19.6,0.0,4.55
2010-09-13,19.4,4.5,2.49,16.7,3.0,2.59,16.6,0.6,3.56
2010-09-14,16.9,3.5,2.72,14.1,2.7,2.5,13.2,0.2,2.57
2010-09-15,17.2,0.0,2.91,14.5,0.0,2.71,13.6,0.0,2.97
2010-09-16,18.3,0.0,3.95,15.6,0.0,3.71,14.7,0.0,3.75
2010-09-17,19.0,0.6,4.04,16.4,0.3,3.75,15.9,0.0,3.82
2010-09-18,17.7,0.2,3.31,14.3,0.2,2.94,14.3,0.1,2.97
2010-09-19,17.8,0.0,3.88,14.5,0.0,3.6,14.4,0.0,3.65
2010-09-20,20.3,0.0,4.24,17.8,0.0,3.99,16.9,0.0,4.03
2010-09-21,20.9,0.7,3.99,18.5,0.5,3.75,19.0,0.0,4.15
2010-09-22,18.6,0.7,2.84,15.4,1.5,2.61,16.4,2.7,2.9
2010-09-23,16.7,0.0,2.1,13.4,0.0,1.97,14.1,0.0,2.43
2010-09-24,18.6,0.0,3.32,15.5,0.0,3.13,16.2,0.0,3.33
2010-09-25,20.8,0.0,3.96,18.3,0.0,3.88,15.9,0.5,3.78
2010-09-26,20.5,0.0,3.8,17.6,0.0,3.52,15.8,0.0,3.4
2010-09-27,21.1,0.0,4.03,18.9,0.0,3.8,17.4,0.0,3.72
2010-09-28,19.5,0.0,3.39,16.9,0.2,3.2,16.5,0.0,3.39
2010-09-29,19.4,0.0,3.54,16.8,0.0,3.32,15.7,0.0,3.24
2010-09-30,19.6,3.3,3.93,16.8,3.6,3.55,15.3,5.4,3.44
2010-10-01,16.1,1.9,2.48,13.2,1.9,2.38,13.2,2.6,2.58
2010-10-02,15.2,6.1,2.25,12.1,5.7,2.16,11.9,2.1,2.33
2010-10-03,12.9,12.6,1.96,10.1,13.0,1.78,9.5,10.1,1.79
2010-10-04,10.6,0.2,1.45,7.8,0.2,1.38,7.9,0.2,1.69
2010-10-05,9.8,0.0,1.63,6.9,0.0,1.43,6.3,0.0,1.49
2010-10-06,9.3,0.0,1.91,6.3,0.0,1.59,5.6,0.0,1.36
2010-10-07,8.8,7.6,1.0,5.9,5.3,1.0,6.6,1.7,1.31
2010-10-08,9.2,38.5,0.63,6.9,30.3,0.76,7.5,18.9,1.02
2010-10-09,8.9,14.5,1.26,6.4,13.1,1.15,6.4,15.7,1.27
2010-10-10,8.9,0.4,2.49,6.4,0.5,2.33,5.2,1.9,2.41
2010-10-11,8.7,0.0,2.44,6.9,0.0,2.26,4.8,0.2,2.03
2010-10-12,8.7,0.0,1.93,6.6,0.0,1.86,4.8,0.0,1.87
2010-10-13,11.4,1.5,1.12,8.5,1.2,1.0,6.9,3.3,0.86
2010-10-14,12.8,18.4,0.59,10.0,18.1,0.6,8.9,22.9,0.61
2010-10-15,15.0,19.6,1.98,12.3,22.5,1.74,11.2,23.4,1.51
2010-10-16,13.2,27.6,1.71,10.8,28.5,1.58,10.0,14.6,1.45
2010-10-17,12.6,9.4,1.96,10.3,9.1,1.83,9.1,8.0,1.67
2010-10-18,13.4,0.0,2.44,11.1,0.0,2.34,8.8,0.0,2.19
2010-10-19,15.3,0.4,2.61,12.5,0.3,2.45,10.8,0.7,2.39
2010-10-20,15.7,3.7,2.27,13.0,3.3,2.34,12.1,2.3,2.63
2010-10-21,15.5,0.0,2.33,13.7,0.0,2.15,12.1,0.0,2.05
2010-10-22,11.6,0.4,0.88,8.6,0.4,0.84,8.3,0.4,1.03
2010-10-23,9.8,0.0,0.95,6.4,0.0,0.87,6.9,0.0,1.14
2010-10-24,10.9,0.0,1.46,7.9,0.0,1.47,7.9,0.0,1.7
2010-10-25,12.0,0.0,2.1,9.7,0.0,2.0,8.5,0.0,2.03
2010-10-26,11.5,0.0,1.95,9.2,0.0,1.86,8.5,0.2,1.97
2010-10-27,12.1,0.0,1.94,9.7,0.0,1.87,8.3,0.0,1.81
2010-10-28,11.8,5.3,1.2,9.4,4.4,1.21,8.0,4.5,1.34
2010-10-29,10.3,23.7,0.8,7.4,21.4,0.77,7.3,13.9,0.88
2010-10-30,4.4,6.4,0.62,1.3,6.6,0.57,1.3,3.8,0.66
2010-10-31,5.4,0.0,1.67,2.3,0.0,1.54,1.3,0.0,1.57
2010-11-01,6.5,0.0,1.85,3.5,0.0,1.72,2.0,0.0,1.72
2010-11-02,7.1,0.0,1.8,3.8,0.0,1.65,3.1,0.0,1.69
2010-11-03,7.7,0.0,1.86,4.9,0.0,1.75,4.6,0.0,1.81
2010-11-04,8.6,0.0,1.95,5.9,0.0,1.85,5.8,0.0,1.93
2010-11-05,9.5,0.0,1.87,7.1,0.0,1.76,6.3,0.0,1.77
2010-11-06,9.0,0.0,1.83,6.4,0.0,1.73,5.9,0.0,1.75
2010-11-07,9.2,0.0,1.9,6.8,0.0,1.9,4.7,0.0,1.86
2010-11-08,8.8,0.0,2.02,6.4,0.0,1.97,3.5,0.0,1.82
2010-11-09,8.8,0.0,2.16,6.0,0.0,2.03,3.5,0.0,1.81
2010-11-10,9.4,0.0,2.1,6.5,0.0,1.99,4.3,0.0,1.78
2010-11-11,9.8,0.0,1.86,6.9,0.0,1.77,5.2,0.0,1.78
2010-11-12,9.4,0.0,1.8,7.3,0.0,1.73,6.7,0.0,1.82
2010-11-13,9.4,0.0,1.55,6.8,0.0,1.49,5.6,0.0,1.53
2010-11-14,10.0,0.0,1.71,7.7,0.0,1.69,5.9,0.0,1.69
2010-11-15,10.6,0.0,1.7,8.0,0.0,1.62,6.6,0.0,1.63
2010-11-16,11.1,0.0,1.89,8.4,0.0,1.78,6.8,0.0,1.7
2010-11-17,10.6,0.0,1.91,7.9,0.0,1.82,5.5,0.0,1.71
2010-11-18,9.7,0.0,1.85,7.1,0.0,1.76,4.6,0.0,1.61
2010-11-19,10.0,0.0,1.56,7.6,0.0,1.55,6.2,0.0,1.48
2010-11-20,9.5,0.0,1.58,7.4,0.0,1.49,6.1,0.0,1.46
2010-11-21,8.8,0.0,1.43,6.4,0.0,1.37,5.7,0.0,1.41
2010-11-22,7.4,0.0,0.87,4.8,0.0,0.86,3.5,0.0,0.96
2010-11-23,7.0,0.0,1.53,3.8,0.0,1.37,2.6,0.0,1.34
2010-11-24,9.1,1.0,1.8,5.0,0.4,1.53,3.6,0.0,1.4
2010-11-25,10.3,5.0,1.44,7.6,3.9,1.37,6.2,3.5,1.23
2010-11-26,8.4,4.3,0.73,5.7,4.6,0.68,4.4,4.9,0.75
2010-11-27,9.3,0.0,1.5,6.3,0.0,1.35,4.7,0.0,1.27
2010-11-28,9.1,0.0,1.43,6.6,0.0,1.38,4.7,0.0,1.33
2010-11-29,9.5,0.0,1.65,6.3,0.0,1.5,4.6,0.0,1.39
2010-11-30,9.9,0.0,1.65,6.6,0.0,1.4,4.9,0.0,1.27
2010-12-01,9.2,0.0,1.64,6.5,0.0,1.53,4.4,0.0,1.4
2010-12-02,9.2,0.0,1.32,6.3,0.0,1.24,5.0,0.0,1.17
2010-12-03,9.2,0.3,0.92,6.5,0.0,0.9,5.8,0.0,1.0
2010-12-04,10.8,0.0,1.66,7.6,0.0,1.52,6.1,0.0,1.42
2010-12-05,9.9,0.0,1.71,6.9,0.0,1.58,4.9,0.0,1.44
2010-12-06,6.4,0.0,0.44,3.1,0.1,0.42,3.3,0.0,0.69
2010-12-07,7.4,0.0,1.06,4.2,0.0,1.01,3.1,0.0,1.01
2010-12-08,5.2,0.0,1.23,2.7,0.0,1.18,1.4,0.0,1.13
2010-12-09,5.0,0.0,1.35,1.8,0.0,1.21,0.6,0.0,1.17
2010-12-10,6.1,2.0,1.54,2.3,0.1,1.27,1.1,0.0,1.05
2010-12-11,6.2,6.4,0.64,3.6,5.2,0.66,1.9,3.1,0.48
2010-12-12,2.6,12.3,0.33,0.2,11.1,0.29,-0.3,17.9,0.38
2010-12-13,-0.9,5.5,0.45,-3.3,5.0,0.41,-4.8,7.0,0.49
2010-12-14,1.2,9.7,0.57,-2.5,6.4,0.47,-3.4,8.7,0.42
2010-12-15,2.9,12.0,0.42,-0.7,11.2,0.39,-1.0,12.1,0.46
2010-12-16,3.8,2.2,0.93,-0.2,1.1,0.71,-0.4,0.8,0.66
2010-12-17,4.9,2.7,1.05,0.6,2.9,0.75,0.1,2.2,0.66
2010-12-18,2.9,6.4,0.55,0.5,5.2,0.48,-1.0,5.1,0.53
2010-12-19,1.3,0.0,0.88,-0.5,0.0,0.78,-3.2,0.0,0.72
2010-12-20,1.7,0.0,0.89,-1.5,0.0,0.74,-4.0,0.0,0.71
2010-12-21,2.2,0.0,1.04,-1.1,0.0,0.9,-3.6,0.0,0.78
2010-12-22,2.1,0.0,1.02,-1.2,0.0,0.92,-5.0,0.0,0.83
2010-12-23,1.8,0.0,1.05,-1.0,0.0,0.97,-4.3,0.0,0.88
2010-12-24,0.8,0.0,1.06,-2.6,0.0,0.97,-5.9,0.0,0.91
2010-12-25,1.8,0.0,1.17,-2.0,0.0,1.06,-6.7,0.0,0.86
2010-12-26,4.0,0.1,1.22,0.4,0.1,1.1,-3.8,0.0,0.89
2010-12-27,4.9,0.0,1.12,1.3,0.0,1.04,-1.8,0.0,0.92
2010-12-28,5.8,0.0,1.14,1.9,0.0,0.93,-0.9,0.0,0.85
2010-12-29,5.8,0.0,1.28,2.7,0.0,1.19,-1.6,0.0,0.95
2010-12-30,4.2,0.4,0.97,2.0,0.4,0.91,-2.7,0.1,0.73
2010-12-31,1.4,8.4,0.37,-1.4,7.9,0.33,-2.7,8.1,0.38
2011-01-01,-0.3,0.3,0.59,-3.1,0.4,0.56,-4.7,0.8,0.59
2011-01-02,-3.7,0.0,0.86,-5.9,0.0,0.79,-9.6,0.0,0.63
2011-01-03,-1.7,0.0,0.86,-4.9,0.0,0.76,-9.1,0.0,0.63
2011-01-04,0.9,6.5,0.5,-2.0,5.8,0.49,-3.2,3.0,0.54
2011-01-05,1.0,4.2,0.43,-2.1,4.2,0.37,-2.2,2.7,0.44
2011-01-06,1.7,2.5,0.73,-0.7,1.3,0.71,-3.3,0.0,0.7
2011-01-07,0.2,15.5,0.26,-2.6,16.1,0.24,-4.0,14.2,0.3
2011-01-08,-1.6,4.1,0.45,-5.1,3.0,0.41,-5.3,2.5,0.45
2011-01-09,-0.7,0.0,0.67,-3.8,0.0,0.61,-5.8,0.0,0.64
2011-01-10,-2.0,0.0,0.93,-5.1,0.0,0.83,-10.7,0.0,0.67
2011-01-11,-2.5,0.0,1.0,-5.5,0.0,0.87,-12.1,0.0,0.66
2011-01-12,-5.4,0.0,0.96,-7.1,0.0,0.93,-14.0,0.0,0.68
2011-01-13,-5.0,0.0,1.01,-6.7,0.0,0.98,-12.7,0.0,0.71
2011-01-14,-3.8,0.0,1.02,-5.1,0.0,1.01,-11.2,0.0,0.71
2011-01-15,-1.3,0.0,0.75,-3.8,0.0,0.7,-8.5,0.0,0.69
2011-01-16,0.4,0.0,0.96,-1.9,0.0,0.9,-6.3,0.0,0.77
2011-01-17,0.1,0.0,0.73,-2.9,0.0,0.69,-8.8,0.0,0.68
2011-01-18,1.4,0.0,0.81,-1.6,0.0,0.75,-4.7,0.0,0.79
2011-01-19,0.3,0.0,0.89,-2.5,0.0,0.79,-5.6,0.0,0.75
2011-01-20,-2.1,0.0,0.97,-4.7,0.0,0.87,-8.7,0.0,0.75
2011-01-21,-2.2,0.0,1.08,-4.2,0.0,1.04,-8.1,0.0,0.89
2011-01-22,-2.1,0.0,1.14,-4.1,0.0,1.08,-7.7,0.0,0.92
2011-01-23,-0.8,0.3,1.15,-3.6,0.2,1.04,-7.9,0.0,0.89
2011-01-24,2.0,3.9,0.75,-1.5,2.4,0.69,-3.6,0.7,0.71
2011-01-25,2.6,2.0,0.95,-0.3,1.0,0.82,-1.1,0.0,0.75
2011-01-26,3.1,12.0,0.83,0.2,11.7,0.72,-1.1,13.2,0.73
2011-01-27,0.4,9.6,0.82,-2.1,9.1,0.7,-3.0,9.4,0.66
2011-01-28,-2.8,0.0,0.92,-4.8,0.0,0.85,-7.1,0.0,0.77
2011-01-29,-1.3,9.4,0.46,-4.1,9.6,0.45,-7.5,9.6,0.43
2011-01-30,-1.3,6.0,0.64,-4.5,7.6,0.56,-5.4,8.7,0.53
2011-01-31,-4.2,6.4,0.58,-7.0,7.2,0.52,-8.0,7.0,0.5
2011-02-01,-6.0,1.0,0.69,-8.5,1.5,0.63,-10.3,0.9,0.6
2011-02-02,-7.2,0.0,0.75,-9.3,0.0,0.69,-12.0,0.3,0.62
2011-02-03,-7.2,0.0,0.94,-9.8,0.3,0.83,-11.3,1.2,0.73
2011-02-04,-6.0,0.0,1.14,-8.6,0.0,1.01,-11.2,0.0,0.78
2011-02-05,-6.6,0.0,1.06,-9.9,0.0,0.98,-11.9,0.0,0.83
2011-02-06,-5.5,0.0,1.23,-9.0,0.0,1.1,-11.2,0.0,0.93
2011-02-07,-0.2,0.1,0.82,-3.1,0.1,0.76,-5.6,0.4,0.64
2011-02-08,1.4,1.8,0.67,-1.1,2.4,0.56,-3.2,3.3,0.51
2011-02-09,0.8,0.7,1.29,-2.3,0.8,1.13,-3.8,0.9,1.01
2011-02-10,-0.9,1.3,0.97,-3.9,1.4,0.89,-6.4,1.5,0.84
2011-02-11,-3.6,1.7,0.9,-6.5,2.1,0.78,-9.4,2.0,0.7
2011-02-12,-2.8,0.0,1.42,-6.3,0.0,1.22,-10.8,0.0,1.01
2011-02-13,-0.6,1.9,0.95,-3.6,2.1,0.83,-7.1,2.3,0.69
2011-02-14,-0.7,7.0,0.85,-3.6,6.9,0.75,-6.0,6.8,0.74
2011-02-15,-0.0,7.3,0.87,-2.8,7.2,0.84,-4.0,6.6,0.92
2011-02-16,-3.0,0.1,1.05,-5.9,0.2,0.99,-7.6,0.1,1.02
2011-02-17,-1.9,0.0,1.21,-5.2,0.0,1.1,-8.6,0.0,1.0
2011-02-18,0.3,0.0,1.47,-2.2,0.0,1.37,-6.2,0.0,1.12
2011-02-19,1.7,0.4,1.12,-1.9,0.1,0.93,-4.5,0.7,0.87
2011-02-20,2.5,9.2,0.81,-0.1,9.2,0.83,-2.2,7.6,0.95
2011-02-21,0.6,1.4,1.25,-2.5,1.4,1.12,-3.6,1.3,1.14
2011-02-22,1.0,0.1,1.46,-2.1,0.2,1.31,-4.9,0.8,1.16
2011-02-23,2.5,4.4,1.12,-0.4,4.3,1.1,-2.8,2.2,1.13
2011-02-24,3.1,0.2,1.79,1.3,0.2,1.74,-1.4,0.0,1.52
2011-02-25,4.2,2.7,1.65,1.8,3.8,1.49,-1.2,3.1,1.35
2011-02-26,2.2,15.9,0.57,-0.5,14.8,0.62,-1.4,11.9,0.97
2011-02-27,2.6,0.2,1.37,-0.3,0.3,1.29,-2.2,0.0,1.36
2011-02-28,2.7,2.7,1.49,0.1,2.1,1.43,-2.4,0.0,1.42
2011-03-01,2.2,0.0,1.02,-0.6,0.0,0.98,-2.2,0.0,1.25
2011-03-02,1.7,1.3,0.96,-1.2,1.5,0.97,-2.8,1.5,1.26
2011-03-03,-0.9,1.2,1.1,-3.8,1.2,1.0,-5.3,1.6,1.12
2011-03-04,0.3,0.0,1.75,-2.8,0.0,1.61,-5.7,0.0,1.52
2011-03-05,1.1,0.0,2.06,-1.6,0.0,1.96,-5.2,0.0,1.77
2011-03-06,0.4,6.4,1.17,-2.4,5.5,1.08,-4.5,5.6,1.14
2011-03-07,-0.0,23.4,0.55,-3.0,22.9,0.53,-2.0,20.1,0.78
2011-03-08,-3.3,6.8,0.86,-6.9,5.1,0.8,-4.4,6.0,1.01
2011-03-09,2.8,7.9,1.57,0.2,7.7,1.49,-0.3,4.2,1.61
2011-03-10,0.8,9.3,1.38,-1.5,8.3,1.28,-3.6,5.2,1.31
2011-03-11,-0.9,1.8,1.13,-3.7,2.0,1.09,-4.9,1.4,1.19
2011-03-12,0.5,0.0,1.67,-2.2,0.0,1.49,-4.6,0.0,1.5
2011-03-13,2.1,0.0,1.98,-0.8,0.0,1.74,-3.8,0.0,1.54
2011-03-14,4.3,0.0,2.49,1.5,0.0,2.38,-2.2,0.0,2.16
2011-03-15,4.9,0.0,2.77,2.8,0.0,2.63,-0.3,0.0,2.33
2011-03-16,5.4,0.0,2.82,3.5,0.0,2.69,0.7,0.0,2.41
2011-03-17,6.3,0.0,2.72,4.8,0.0,2.66,1.5,0.0,2.38
2011-03-18,6.3,1.5,1.46,4.2,1.2,1.36,0.8,0.9,1.2
2011-03-19,7.6,5.3,1.92,5.3,4.7,1.77,2.6,2.1,1.84
2011-03-20,6.3,4.9,2.03,4.3,5.2,1.9,1.4,2.5,1.87
2011-03-21,3.8,24.6,0.52,1.0,25.8,0.48,0.8,24.5,0.61
2011-03-22,0.5,2.6,0.93,-2.5,2.3,0.82,-3.0,0.2,0.91
2011-03-23,-1.0,1.5,1.15,-3.8,2.1,1.05,-4.6,0.8,1.18
2011-03-24,0.5,0.0,1.9,-2.4,0.0,1.66,-4.6,0.0,1.57
2011-03-25,2.9,0.6,1.66,0.1,0.6,1.51,-2.4,0.0,1.55
2011-03-26,4.6,0.0,3.07,2.7,0.0,2.86,-0.3,0.0,2.56
2011-03-27,6.5,0.5,2.86,4.3,0.3,2.73,0.8,0.0,2.49
2011-03-28,6.5,1.5,2.22,4.0,1.5,2.03,1.6,0.5,2.0
2011-03-29,6.7,0.0,2.7,4.0,0.0,2.55,0.5,0.0,2.34
2011-03-30,7.9,1.9,2.89,5.2,1.2,2.71,1.1,0.0,2.47
2011-03-31,7.5,5.2,2.59,4.8,4.2,2.53,1.4,2.6,2.44
2011-04-01,8.6,0.3,2.47,6.0,0.7,2.45,2.5,0.6,2.34
2011-04-02,10.1,0.7,2.74,8.1,0.7,2.84,3.5,0.4,2.3
2011-04-03,10.3,3.8,2.97,7.9,3.8,2.73,3.8,1.7,2.15
2011-04-04,8.3,11.4,2.26,5.6,13.5,2.12,2.6,7.7,1.84
2011-04-05,7.0,0.7,1.37,4.1,0.6,1.24,1.9,0.7,1.23
2011-04-06,6.3,0.4,1.58,3.6,0.6,1.59,1.4,1.0,1.72
2011-04-07,5.6,0.0,1.87,2.8,0.2,1.78,0.3,0.2,1.67
2011-04-08,7.9,0.4,3.36,5.2,0.5,2.99,1.6,0.3,2.4
2011-04-09,8.5,12.0,2.79,5.7,12.9,2.54,2.9,13.7,2.17
2011-04-10,5.3,15.0,1.18,2.5,15.4,1.01,1.1,15.6,0.95
2011-04-11,2.3,3.0,1.84,0.0,3.8,1.73,-2.0,3.0,1.82
2011-04-12,0.1,3.7,1.58,-2.6,3.1,1.3,-5.2,2.8,1.07
2011-04-13,2.9,0.4,2.38,0.2,0.5,2.19,-3.6,0.0,2.01
2011-04-14,8.1,0.2,3.96,4.9,0.0,3.54,0.3,0.0,2.74
2011-04-15,8.6,8.7,2.25,6.1,7.1,2.1,2.8,1.7,1.92
2011-04-16,8.0,5.5,2.17,5.6,7.1,2.0,3.0,9.0,1.77
2011-04-17,7.6,2.6,1.74,5.0,3.0,1.77,4.2,6.5,2.04
2011-04-18,11.5,3.5,2.68,9.2,3.2,2.66,6.0,1.3,2.43
2011-04-19,12.9,2.5,2.72,10.8,2.0,2.66,6.7,3.7,2.23
2011-04-20,9.4,4.8,3.11,7.4,4.0,2.9,4.7,2.3,2.54
2011-04-21,4.5,2.5,1.31,1.3,3.4,1.11,1.4,2.2,1.19
2011-04-22,4.7,0.0,2.59,1.3,0.0,2.31,2.6,0.0,2.61
2011-04-23,4.2,6.6,0.88,0.8,5.9,0.8,2.7,6.5,1.14
2011-04-24,7.0,1.5,2.11,4.2,3.4,1.96,4.2,4.4,2.18
2011-04-25,6.3,0.5,1.33,3.2,0.2,1.3,4.1,1.7,1.81
2011-04-26,7.2,0.0,1.83,3.9,0.0,1.7,3.4,0.6,1.97
2011-04-27,10.7,0.0,4.08,8.1,0.0,3.85,6.6,0.0,3.67
2011-04-28,12.5,15.2,3.65,10.0,12.3,3.44,8.1,4.5,3.36
2011-04-29,11.7,24.7,2.12,9.5,22.7,2.27,8.3,15.1,2.18
2011-04-30,10.8,5.7,2.31,8.0,7.0,2.21,6.8,6.6,2.41
2011-05-01,11.9,0.0,3.3,9.1,0.0,3.12,7.7,0.4,3.06
2011-05-02,11.1,8.1,2.64,8.6,7.7,2.45,7.0,5.9,2.35
2011-05-03,12.2,3.3,3.75,9.6,4.1,3.58,7.8,3.8,3.19
2011-05-04,15.1,4.9,4.31,12.3,3.5,3.85,10.1,5.4,3.45
2011-05-05,11.8,16.8,2.54,9.3,13.8,2.41,8.3,9.4,2.34
2011-05-06,8.6,2.8,0.94,5.7,4.0,0.89,5.3,3.9,1.09
2011-05-07,2.8,13.2,1.01,-0.3,14.6,0.87,0.2,16.0,0.94
2011-05-08,6.2,0.0,3.33,3.0,0.0,3.02,1.0,0.0,2.73
2011-05-09,8.5,0.1,3.89,6.1,0.0,3.77,4.2,0.0,3.78
2011-05-10,9.7,1.3,3.12,6.9,1.6,3.06,6.3,3.2,3.41
2011-05-11,11.3,16.4,3.07,8.9,15.6,3.01,8.4,10.5,3.08
2011-05-12,11.0,8.1,3.06,8.6,7.7,2.9,7.6,9.1,2.98
2011-05-13,9.3,9.3,2.3,6.7,9.1,2.11,5.5,10.0,2.23
2011-05-14,9.3,2.3,2.22,6.4,3.2,1.92,5.4,4.8,1.82
2011-05-15,9.4,0.6,2.25,6.6,0.9,2.22,5.6,1.2,2.38
2011-05-16,11.7,0.4,4.1,9.3,0.4,3.86,7.6,0.6,3.63
2011-05-17,13.2,0.9,4.35,10.8,1.0,4.17,8.7,3.0,4.08
2011-05-18,14.6,0.2,4.48,12.4,0.0,4.29,10.7,0.0,4.28
2011-05-19,14.0,12.0,2.58,11.8,11.0,2.48,10.3,11.2,2.46
2011-05-20,12.7,11.8,3.5,10.3,11.2,3.23,9.1,8.0,3.05
2011-05-21,11.8,5.8,3.0,9.5,4.9,2.81,7.8,7.0,2.75
2011-05-22,11.4,6.4,2.43,8.7,5.8,2.3,7.5,6.2,2.48
2011-05-23,11.9,2.4,2.15,8.9,2.9,1.83,7.5,2.5,1.64
2011-05-24,13.6,0.0,2.79,10.8,0.0,2.46,9.3,0.3,2.24
2011-05-25,14.1,0.0,3.16,11.4,0.0,2.87,9.9,0.0,2.7
2011-05-26,14.4,0.0,3.53,11.7,0.0,3.22,10.4,0.0,3.1
2011-05-27,14.0,0.0,3.46,11.1,0.0,3.33,10.7,0.0,3.67
2011-05-28,15.3,12.5,3.39,12.8,11.8,3.29,12.3,6.3,3.42
2011-05-29,15.4,4.3,4.25,13.0,9.4,3.92,11.1,4.4,3.51
2011-05-30,15.1,8.7,3.75,12.8,9.1,3.63,11.5,10.3,3.6
2011-05-31,17.6,3.3,4.41,15.1,3.3,4.31,14.6,0.0,4.75
2011-06-01,17.1,7.1,3.71,14.8,7.1,3.65,13.0,4.0,3.55
2011-06-02,14.9,11.3,2.4,12.1,11.6,2.4,11.3,10.3,2.89
2011-06-03,15.5,6.0,3.41,12.9,5.3,3.25,11.7,3.8,3.33
2011-06-04,15.3,4.9,3.22,12.7,5.9,3.16,11.9,5.0,3.35
2011-06-05,15.6,0.4,3.77,12.7,1.0,3.42,11.5,3.7,3.2
2011-06-06,14.9,0.0,4.45,11.8,0.0,4.13,10.9,0.0,4.14
2011-06-07,16.2,0.0,5.01,13.0,0.0,4.71,12.2,0.0,4.66
2011-06-08,17.1,0.0,5.32,14.3,0.0,5.01,13.0,0.0,4.92
2011-06-09,17.9,0.0,5.5,15.3,0.0,5.25,13.7,0.0,5.24
2011-06-10,18.4,2.7,5.14,15.8,2.3,4.91,14.3,2.1,4.62
2011-06-11,14.4,19.5,2.44,11.9,16.8,2.5,10.9,8.9,2.91
2011-06-12,14.4,5.0,3.7,11.8,3.4,3.54,10.6,5.0,3.38
2011-06-13,14.8,1.2,2.98,11.8,2.0,2.86,10.9,4.6,3.06
2011-06-14,13.4,6.9,1.35,10.4,8.1,1.33,10.1,8.6,1.48
2011-06-15,15.7,0.5,3.97,12.8,2.1,3.71,11.8,3.5,3.52
2011-06-16,17.1,2.5,4.59,14.3,1.3,4.35,13.8,0.4,4.29
2011-06-17,17.2,1.0,3.0,14.2,0.8,2.75,14.2,0.5,3.14
2011-06-18,16.2,1.8,2.36,13.1,2.3,2.41,13.2,0.4,2.88
2011-06-19,16.2,5.1,3.07,13.4,4.6,2.94,13.0,1.3,3.12
2011-06-20,17.1,0.0,4.7,14.3,0.0,4.29,12.9,0.0,3.77
2011-06-21,16.4,0.0,4.36,13.5,0.0,3.93,12.6,0.0,4.03
2011-06-22,14.4,0.0,3.26,11.2,0.0,2.95,11.5,0.0,3.42
2011-06-23,14.4,0.0,3.72,10.8,0.0,3.34,11.2,0.0,3.81
2011-06-24,15.2,0.0,4.81,11.4,0.0,4.41,11.9,0.0,4.76
2011-06-25,17.9,0.0,5.51,14.4,0.0,5.11,14.8,0.0,5.29
2011-06-26,17.3,0.5,5.07,14.0,0.0,4.7,14.8,0.0,5.0
2011-06-27,13.5,8.6,2.37,10.3,9.8,2.14,10.4,7.0,2.13
2011-06-28,12.6,3.1,2.44,9.5,2.5,2.03,9.5,2.3,2.17
2011-06-29,15.6,0.0,4.24,12.9,0.0,4.0,12.9,0.0,4.08
2011-06-30,15.8,4.3,3.32,12.9,4.0,3.01,12.3,2.6,3.03
2011-07-01,16.7,0.0,4.94,14.3,0.0,4.65,12.6,0.0,4.53
2011-07-02,17.5,0.0,5.11,15.0,0.3,4.87,13.5,0.2,4.75
2011-07-03,18.1,0.0,4.95,15.1,0.0,4.76,13.9,0.0,4.96
2011-07-04,18.8,0.0,5.34,16.0,0.0,5.08,15.0,0.0,5.14
2011-07-05,18.1,0.0,3.93,14.8,0.1,3.76,14.6,0.2,4.27
2011-07-06,20.4,0.0,5.61,17.5,0.0,5.41,17.5,0.0,5.64
2011-07-07,20.7,0.0,4.38,17.4,0.3,4.06,17.6,0.5,4.43
2011-07-08,19.5,0.0,4.51,15.5,0.0,4.06,16.4,0.0,4.44
2011-07-09,19.7,0.0,4.11,15.7,0.0,3.81,16.3,0.0,4.45
2011-07-10,18.1,0.0,3.02,14.4,0.0,2.62,14.9,0.0,3.13
2011-07-11,17.9,0.0,4.77,14.4,0.0,4.29,14.5,0.0,4.52
2011-07-12,18.3,0.0,4.31,14.6,0.0,3.85,15.1,0.0,4.21
2011-07-13,19.6,0.0,3.49,16.4,0.2,3.36,16.4,1.2,3.98
2011-07-14,20.9,1.3,3.49,17.7,1.4,3.54,17.8,1.0,4.22
2011-07-15,20.2,2.2,3.41,16.9,1.7,3.05,17.0,0.2,3.42
2011-07-16,18.9,1.6,3.18,15.7,1.7,2.68,15.1,4.6,2.58
2011-07-17,18.4,1.4,2.77,15.6,1.4,2.6,15.0,0.1,2.83
2011-07-18,20.8,0.0,4.44,17.6,0.0,3.99,16.7,1.3,3.94
2011-07-19,19.5,2.8,3.75,16.5,2.3,3.5,16.1,1.9,3.63
2011-07-20,19.9,1.6,3.82,16.9,1.2,3.59,15.9,2.0,3.51
2011-07-21,22.5,0.0,5.62,19.6,0.0,5.32,18.1,0.0,5.16
2011-07-22,21.9,2.7,4.96,19.2,1.3,4.66,18.8,0.9,4.79
2011-07-23,19.3,0.7,3.11,16.0,1.1,2.97,16.0,1.1,3.45
2011-07-24,19.9,0.0,4.41,16.8,0.0,4.14,16.6,0.0,4.36
2011-07-25,22.9,1.5,5.55,20.2,1.4,5.28,19.4,0.2,5.36
2011-07-26,25.1,0.0,6.19,22.5,0.0,5.96,21.4,0.0,6.24
2011-07-27,24.6,0.0,6.06,21.8,0.0,5.66,20.9,0.0,5.72
2011-07-28,22.2,0.0,4.24,18.4,0.0,3.51,19.7,0.0,3.88
2011-07-29,24.8,0.0,5.1,21.3,0.0,4.81,24.3,0.0,5.49
2011-07-30,27.4,0.0,6.12,24.8,0.0,6.0,25.1,0.0,6.7
2011-07-31,24.1,0.1,4.48,20.6,0.1,4.23,21.5,0.0,4.71
2011-08-01,24.6,0.0,5.71,21.1,0.0,5.29,21.8,0.0,5.45
2011-08-02,23.1,0.0,3.89,19.5,0.0,3.74,21.3,0.0,4.65
2011-08-03,19.5,0.0,2.19,16.1,0.0,2.13,17.7,0.0,3.11
2011-08-04,18.1,0.3,2.0,15.1,0.2,1.98,15.7,0.0,2.43
2011-08-05,17.6,0.3,2.12,14.4,0.1,1.96,14.7,0.0,2.15
2011-08-06,17.0,0.0,2.37,13.8,0.0,2.29,14.8,0.0,2.98
2011-08-07,17.2,0.0,2.43,13.8,0.0,2.3,14.7,0.0,3.12
2011-08-08,18.4,0.0,4.77,14.7,0.0,4.3,15.7,0.0,4.65
2011-08-09,19.7,0.0,4.82,15.9,0.0,4.42,17.3,0.0,4.91
2011-08-10,20.8,0.0,4.58,17.2,0.0,4.28,18.6,0.0,4.9
2011-08-11,23.2,0.0,5.48,19.7,0.0,5.07,20.7,0.0,5.26
2011-08-12,19.4,4.1,2.46,16.1,4.2,2.27,16.9,1.9,2.97
2011-08-13,18.4,2.1,3.14,15.4,2.6,2.85,14.9,2.7,2.76
2011-08-14,19.0,1.1,4.02,15.8,1.3,3.69,15.2,1.1,3.78
2011-08-15,19.8,0.0,4.69,16.7,0.0,4.28,16.2,0.1,4.22
2011-08-16,19.5,0.4,4.77,16.2,0.3,4.44,15.9,0.0,4.55
2011-08-17,19.0,0.0,4.97,15.8,0.0,4.58,15.1,0.0,4.66
2011-08-18,17.9,0.0,3.61,14.6,0.0,3.27,13.9,0.0,3.73
2011-08-19,16.8,1.1,1.78,14.0,0.8,1.83,14.4,0.4,2.58
2011-08-20,17.2,0.1,2.31,14.3,0.0,2.25,15.1,0.2,2.92
2011-08-21,17.5,0.0,2.44,14.4,0.0,2.36,14.6,0.0,3.07
2011-08-22,18.2,0.0,4.18,15.1,0.0,3.69,15.1,0.0,3.65
2011-08-23,17.4,0.0,3.56,14.3,0.0,3.15,14.5,0.0,3.47
2011-08-24,17.2,0.0,3.9,13.7,0.0,3.52,14.0,0.0,3.85
2011-08-25,16.4,0.0,4.0,12.9,0.0,3.66,13.5,0.0,4.01
2011-08-26,16.9,0.0,3.11,13.8,0.0,2.95,13.7,0.0,3.49
2011-08-27,17.7,0.0,3.75,14.6,0.0,3.54,14.8,0.0,3.94
2011-08-28,18.2,0.0,4.1,14.6,0.0,3.7,15.5,0.0,4.09
2011-08-29,21.7,0.0,4.93,18.6,0.0,4.67,18.8,0.0,5.05
2011-08-30,24.2,0.0,5.76,22.0,0.0,5.65,20.9,0.0,6.01
2011-08-31,20.9,2.0,3.47,18.2,1.5,3.41,18.3,0.2,3.79
2011-09-01,19.2,0.2,3.27,16.1,0.1,3.03,15.9,0.1,3.33
2011-09-02,17.1,0.0,3.21,13.9,0.0,2.72,13.7,0.0,2.72
2011-09-03,16.5,0.0,2.46,13.5,0.0,2.41,13.3,0.3,2.61
2011-09-04,16.2,0.0,3.42,12.9,0.0,3.08,12.8,0.0,3.28
2011-09-05,16.1,0.0,3.66,13.1,0.0,3.3,12.5,0.0,3.29
2011-09-06,15.7,0.0,3.78,12.4,0.0,3.45,12.0,0.0,3.62
2011-09-07,15.5,0.0,3.77,12.1,0.0,3.45,12.8,0.0,3.76
2011-09-08,17.7,0.0,4.3,14.6,0.0,3.98,14.9,0.0,4.15
2011-09-09,18.9,0.0,4.83,16.1,0.0,4.46,15.4,0.0,4.45
2011-09-10,16.5,0.1,2.95,13.7,0.1,2.69,12.9,0.0,2.65
2011-09-11,15.7,0.0,2.95,12.5,0.0,2.6,12.0,0.0,2.76
2011-09-12,16.3,0.0,3.87,12.9,0.0,3.52,12.5,0.0,3.57
2011-09-13,16.1,0.0,4.11,12.6,0.0,3.77,12.9,0.0,3.88
2011-09-14,16.5,0.0,3.99,13.0,0.0,3.61,13.8,0.0,3.88
2011-09-15,17.4,0.0,3.87,14.0,0.0,3.59,15.2,0.0,3.83
2011-09-16,17.2,0.0,3.29,13.9,0.0,2.95,14.0,0.0,3.14
2011-09-17,16.5,0.0,3.58,13.5,0.0,3.23,13.3,0.0,3.29
2011-09-18,16.9,0.0,2.8,13.8,0.0,2.68,14.0,0.0,3.12
2011-09-19,18.0,0.6,3.39,15.1,0.5,3.24,15.3,0.6,3.4
2011-09-20,18.1,0.4,3.37,15.1,0.3,3.03,14.4,0.2,2.98
2011-09-21,18.6,0.0,3.87,15.8,0.0,3.6,14.8,0.0,3.5
2011-09-22,19.3,0.0,3.44,17.0,0.0,3.35,16.3,0.0,3.68
2011-09-23,17.7,5.1,2.4,15.5,3.9,2.35,13.8,3.6,2.55
2011-09-24,14.7,2.7,1.48,11.8,2.7,1.45,11.0,2.8,1.65
2011-09-25,14.4,0.0,2.51,11.6,0.0,2.25,10.4,0.2,2.2
2011-09-26,13.1,0.0,1.78,10.2,0.0,1.7,9.9,0.0,2.05
2011-09-27,13.3,0.0,2.76,10.0,0.0,2.51,9.9,0.0,2.64
2011-09-28,14.0,0.0,3.11,10.7,0.0,2.9,10.4,0.0,3.02
2011-09-29,13.7,0.0,2.92,10.7,0.0,2.72,10.3,0.0,2.82
2011-09-30,10.2,2.6,1.61,7.5,3.0,1.61,6.8,2.9,1.96
2011-10-01,8.4,1.5,1.52,5.6,2.5,1.39,4.3,1.2,1.52
2011-10-02,11.0,0.0,3.01,8.3,0.0,2.77,6.6,0.0,2.75
2011-10-03,9.7,1.0,1.45,6.9,1.3,1.31,5.4,1.5,1.34
2011-10-04,11.4,0.0,2.99,8.6,0.0,2.8,7.3,0.0,2.8
2011-10-05,12.6,0.0,3.16,10.0,0.0,2.93,8.6,0.0,2.86
2011-10-06,13.3,0.0,3.07,10.7,0.0,2.88,9.4,0.0,2.83
2011-10-07,14.2,0.0,3.19,11.9,0.0,3.0,10.4,0.0,2.93
2011-10-08,14.9,0.0,3.2,13.0,0.0,3.06,11.0,0.0,3.07
2011-10-09,16.3,0.3,3.59,13.9,0.2,3.43,12.0,0.2,3.31
2011-10-10,17.0,0.9,2.2,14.3,0.5,2.25,14.2,0.5,2.73
2011-10-11,19.7,0.2,4.3,17.1,0.3,3.93,15.3,0.1,3.66
2011-10-12,16.7,8.6,2.7,14.9,5.6,2.71,13.0,3.3,2.76
2011-10-13,12.4,8.9,2.02,10.0,8.4,1.89,8.1,6.5,1.68
2011-10-14,12.0,0.0,2.25,9.6,0.0,2.13,7.8,0.0,2.11
2011-10-15,12.3,0.1,2.06,9.6,0.1,1.92,9.3,0.2,2.07
2011-10-16,11.5,9.1,1.43,9.0,10.3,1.41,8.7,6.9,1.68
2011-10-17,13.6,1.4,2.2,11.3,0.9,2.16,10.0,0.0,2.35
2011-10-18,11.7,16.6,2.01,9.8,14.3,2.07,9.5,4.8,2.35
2011-10-19,5.8,1.6,1.56,3.2,2.3,1.37,1.7,3.1,1.28
2011-10-20,6.2,0.0,1.5,3.6,0.0,1.28,1.4,0.0,1.18
2011-10-21,8.2,0.0,2.24,5.3,0.0,2.07,4.5,0.0,2.11
2011-10-22,9.4,0.0,1.86,6.2,0.0,1.73,5.7,0.0,1.9
2011-10-23,9.3,0.0,1.06,6.2,0.0,1.05,6.3,0.0,1.42
2011-10-24,10.1,0.0,1.57,7.0,0.0,1.54,7.4,0.0,1.77
2011-10-25,9.3,0.0,1.0,6.6,0.0,1.03,6.8,0.2,1.43
2011-10-26,6.5,0.0,0.68,3.5,0.0,0.61,3.3,0.0,0.7
2011-10-27,3.6,0.0,0.72,0.6,0.0,0.65,0.7,0.0,0.78
2011-10-28,4.7,0.1,0.52,1.8,0.2,0.5,1.4,0.7,0.73
2011-10-29,4.2,0.0,0.57,1.3,0.0,0.53,1.3,0.4,0.8
2011-10-30,4.2,0.3,0.61,1.3,0.4,0.59,0.9,1.1,0.8
2011-10-31,5.0,0.0,0.9,2.1,0.0,0.86,1.7,0.0,1.05
2011-11-01,6.4,0.0,1.72,3.6,0.0,1.59,2.7,0.0,1.6
2011-11-02,5.8,0.0,1.68,3.6,0.0,1.59,2.7,0.0,1.68
2011-11-03,4.5,15.5,0.37,1.8,16.8,0.37,0.5,12.7,0.46
2011-11-04,3.5,10.4,0.43,0.3,10.9,0.42,-0.8,10.5,0.5
2011-11-05,3.8,1.5,0.51,0.7,2.0,0.44,-0.5,2.5,0.51
2011-11-06,2.9,3.1,0.52,-0.0,3.4,0.52,-1.3,1.9,0.63
2011-11-07,0.6,0.1,0.81,-2.8,0.2,0.68,-4.4,0.1,0.74
2011-11-08,0.9,0.0,1.34,-2.8,0.0,1.21,-6.8,0.0,1.1
2011-11-09,2.1,0.0,1.71,-1.2,0.0,1.52,-6.3,0.0,1.24
2011-11-10,2.1,2.6,0.77,-0.9,2.1,0.72,-3.9,2.0,0.68
2011-11-11,2.2,2.0,0.76,-0.4,2.6,0.74,-2.5,2.3,0.73
2011-11-12,-2.3,3.0,0.73,-5.2,3.2,0.66,-7.4,2.5,0.67
2011-11-13,-2.2,0.0,0.7,-4.9,0.0,0.64,-8.9,0.0,0.68
2011-11-14,-0.5,0.0,0.93,-4.1,0.0,0.87,-8.3,0.0,0.85
2011-11-15,0.7,0.6,0.69,-2.5,0.8,0.68,-6.1,0.9,0.69
2011-11-16,2.1,4.5,0.41,-1.1,5.6,0.35,-2.0,5.9,0.41
2011-11-17,2.1,1.2,0.53,-1.1,1.3,0.53,-1.7,0.2,0.72
2011-11-18,1.8,0.0,0.55,-1.2,0.0,0.55,-2.6,0.0,0.67
2011-11-19,2.5,0.0,0.69,-0.9,0.0,0.66,-2.5,0.0,0.8
2011-11-20,2.9,0.1,0.67,-0.5,0.0,0.64,-2.0,0.0,0.74
2011-11-21,2.9,0.0,0.81,-0.5,0.0,0.74,-2.5,0.0,0.76
2011-11-22,2.3,0.0,1.19,-1.0,0.0,1.1,-5.8,0.0,0.94
2011-11-23,1.5,0.0,0.89,-1.2,0.0,0.81,-4.4,0.0,0.74
2011-11-24,-0.6,2.5,0.58,-3.9,2.9,0.51,-5.3,2.7,0.52
2011-11-25,-1.6,0.0,0.94,-5.2,0.0,0.83,-8.6,0.0,0.75
2011-11-26,-0.0,0.0,1.12,-3.5,0.0,1.01,-7.8,0.0,0.88
2011-11-27,-0.2,0.0,1.11,-3.3,0.0,1.02,-6.9,0.0,0.9
2011-11-28,0.9,0.0,1.15,-1.9,0.0,1.03,-6.3,0.0,0.84
2011-11-29,1.2,0.0,1.02,-1.5,0.0,0.9,-5.0,0.0,0.7
2011-11-30,0.4,0.0,1.06,-2.5,0.0,0.91,-7.1,0.0,0.7
2011-12-01,0.5,0.0,1.01,-2.2,0.0,0.92,-6.0,0.1,0.74
2011-12-02,0.2,0.0,1.14,-2.6,0.0,1.02,-7.8,0.0,0.79
2011-12-03,0.5,0.0,1.2,-2.7,0.0,1.08,-6.8,0.0,0.88
2011-12-04,1.1,0.0,1.34,-2.5,0.0,1.22,-5.8,0.0,1.04
2011-12-05,2.0,0.0,1.54,-1.3,0.0,1.4,-5.9,0.0,1.09
2011-12-06,1.7,0.0,1.55,-1.6,0.0,1.41,-6.7,0.0,1.07
2011-12-07,3.2,0.0,1.6,-0.2,0.0,1.46,-5.7,0.0,1.0
2011-12-08,3.8,4.4,1.02,0.3,4.0,0.91,-2.4,3.4,0.69
2011-12-09,0.3,15.2,0.39,-2.4,15.5,0.35,-3.2,13.1,0.35
2011-12-10,-1.7,0.7,0.54,-4.4,1.3,0.46,-5.6,1.4,0.46
2011-12-11,-3.3,0.0,0.79,-6.1,0.0,0.71,-7.7,0.0,0.66
2011-12-12,0.2,0.0,1.03,-2.3,0.0,0.97,-7.3,0.0,0.84
2011-12-13,-1.1,0.0,0.95,-2.9,0.0,0.92,-9.0,0.0,0.72
2011-12-14,0.6,0.0,0.88,-1.6,0.0,0.88,-5.7,0.0,0.74
2011-12-15,1.1,0.0,1.03,-0.9,0.0,0.96,-5.4,0.0,0.86
2011-12-16,-1.0,0.0,0.98,-3.9,0.0,0.87,-8.0,0.0,0.74
2011-12-17,1.0,0.9,0.71,-2.9,0.8,0.59,-4.5,1.0,0.49
2011-12-18,1.0,0.0,0.87,-3.8,0.0,0.72,-4.6,0.0,0.64
2011-12-19,1.3,0.0,0.8,-2.8,0.0,0.72,-4.5,0.0,0.7
2011-12-20,4.2,0.0,1.41,-1.2,0.0,1.02,-2.8,0.0,0.95
2011-12-21,5.1,2.3,1.32,1.9,1.6,1.23,-1.1,1.3,1.03
2011-12-22,3.5,1.4,1.07,0.9,0.5,1.01,-3.4,0.0,0.8
2011-12-23,3.4,1.0,0.96,0.8,0.8,0.83,-2.1,0.3,0.64
2011-12-24,2.3,16.2,0.48,-0.5,15.0,0.43,-1.2,12.1,0.45
2011-12-25,-1.5,4.2,0.38,-4.6,5.3,0.36,-4.8,4.8,0.41
2011-12-26,-1.7,0.1,0.51,-4.8,0.1,0.46,-6.4,0.0,0.52
2011-12-27,-0.1,0.0,0.55,-3.6,0.0,0.5,-7.1,0.0,0.54
2011-12-28,0.7,0.0,0.72,-2.7,0.0,0.64,-5.7,0.0,0.66
2011-12-29,0.3,0.0,0.88,-3.0,0.0,0.79,-7.3,0.0,0.65
2011-12-30,-2.9,0.0,0.92,-5.2,0.0,0.87,-9.9,0.0,0.65
2011-12-31,-1.1,0.0,0.76,-3.4,0.0,0.72,-6.3,0.0,0.66
2012-01-01,-0.2,1.0,0.67,-2.8,1.0,0.59,-4.6,0.8,0.58
2012-01-02,0.0,6.1,0.56,-2.9,6.5,0.52,-4.3,5.3,0.52
2012-01-03,-1.2,0.0,0.82,-4.1,0.0,0.75,-8.2,0.0,0.64
2012-01-04,-1.1,0.0,0.97,-3.4,0.0,0.91,-8.5,0.0,0.77
2012-01-05,-2.3,0.0,0.96,-4.5,0.0,0.9,-9.7,0.0,0.71
2012-01-06,-0.7,0.0,0.93,-3.6,0.0,0.83,-6.8,0.0,0.67
2012-01-07,1.6,0.0,0.96,-1.8,0.0,0.77,-2.9,0.0,0.67
2012-01-08,3.8,0.0,1.14,-0.2,0.2,0.88,-0.9,0.1,0.74
2012-01-09,1.2,5.5,0.67,-1.0,6.4,0.62,-2.4,5.3,0.63
2012-01-10,0.1,3.5,0.47,-2.1,2.8,0.46,-4.3,2.1,0.5
2012-01-11,2.9,0.5,0.94,0.7,0.1,0.88,-2.1,0.0,0.77
2012-01-12,0.8,7.2,0.4,-1.8,6.5,0.41,-4.9,2.3,0.52
2012-01-13,0.2,0.0,0.67,-2.2,0.0,0.64,-5.2,0.2,0.65
2012-01-14,-1.9,0.0,0.96,-4.1,0.0,0.83,-9.1,0.0,0.65
2012-01-15,-0.5,18.6,0.29,-3.1,20.1,0.3,-4.3,23.3,0.39
2012-01-16,-1.8,27.5,0.33,-4.2,27.8,0.32,-2.9,26.4,0.39
2012-01-17,-6.4,0.5,0.51,-8.2,2.8,0.43,-8.9,7.4,0.37
2012-01-18,-14.0,0.0,0.47,-14.3,0.0,0.51,-15.3,0.0,0.59
2012-01-19,-15.4,0.0,0.49,-16.5,0.0,0.48,-18.4,0.0,0.45
2012-01-20,-16.5,0.0,0.44,-17.9,0.0,0.42,-19.6,0.0,0.4
2012-01-21,-9.3,0.5,0.56,-13.7,0.3,0.44,-16.2,1.0,0.37
2012-01-22,-2.6,1.6,0.71,-7.3,1.3,0.56,-8.8,0.7,0.51
2012-01-23,-3.1,1.6,0.88,-5.7,1.7,0.81,-7.5,2.2,0.7
2012-01-24,-7.9,0.0,0.8,-9.3,0.0,0.8,-10.3,0.0,0.72
2012-01-25,-2.0,4.5,0.69,-6.1,3.6,0.56,-7.5,3.5,0.51
2012-01-26,0.3,1.3,0.99,-4.1,1.2,0.81,-4.6,1.6,0.76
2012-01-27,0.8,4.4,0.95,-1.8,3.6,0.94,-3.2,3.1,0.84
2012-01-28,-3.2,3.4,0.54,-6.3,3.1,0.48,-7.3,3.1,0.52
2012-01-29,-8.4,0.0,0.77,-11.3,0.0,0.68,-12.0,0.0,0.68
2012-01-30,-9.8,2.4,0.56,-12.3,2.6,0.49,-11.8,4.1,0.47
2012-01-31,-6.3,11.3,0.45,-9.9,11.4,0.39,-9.3,11.5,0.42
2012-02-01,-9.6,0.0,0.68,-12.2,0.0,0.59,-13.2,0.8,0.58
2012-02-02,-11.8,0.0,0.7,-14.6,0.0,0.66,-15.0,0.0,0.7
2012-02-03,-8.6,0.0,0.95,-11.0,0.0,0.96,-11.5,0.0,0.95
2012-02-04,-6.9,0.0,0.93,-9.6,0.0,0.88,-10.1,0.0,0.89
2012-02-05,-7.1,0.0,1.08,-9.5,0.0,1.08,-8.4,0.0,1.22
2012-02-06,-7.4,0.0,1.11,-10.0,0.0,1.07,-9.5,0.0,1.13
2012-02-07,-2.8,6.7,0.87,-6.7,5.3,0.74,-8.0,7.1,0.67
2012-02-08,-2.5,8.3,0.54,-5.9,7.5,0.52,-6.1,6.8,0.62
2012-02-09,-6.4,3.6,0.75,-9.2,4.3,0.67,-6.8,4.7,0.74
2012-02-10,-7.0,4.2,0.66,-10.2,4.3,0.58,-10.0,3.9,0.61
2012-02-11,-9.3,0.0,0.94,-11.8,0.0,0.87,-12.5,0.0,0.83
2012-02-12,-10.5,0.0,1.02,-12.1,0.0,1.01,-11.9,0.0,1.08
2012-02-13,-7.2,0.0,1.3,-8.9,0.0,1.33,-10.5,0.0,1.2
2012-02-14,-4.5,0.0,1.36,-7.8,0.0,1.24,-10.1,0.0,1.03
2012-02-15,-1.4,5.9,1.23,-4.0,4.6,1.15,-6.4,5.1,1.02
2012-02-16,-1.8,0.0,1.23,-4.0,0.0,1.13,-6.5,0.3,1.05
2012-02-17,-3.8,17.4,0.54,-6.5,16.5,0.49,-7.6,16.8,0.48
2012-02-18,-4.4,11.7,0.63,-7.2,11.3,0.57,-8.5,10.1,0.59
2012-02-19,-5.5,1.3,0.91,-7.8,2.1,0.84,-9.8,2.1,0.8
2012-02-20,-6.7,0.0,1.28,-8.5,0.0,1.19,-9.6,0.0,1.11
2012-02-21,-9.9,0.0,1.2,-10.6,0.0,1.23,-10.4,0.0,1.26
2012-02-22,-8.6,0.0,1.39,-9.6,0.0,1.36,-9.6,0.0,1.32
2012-02-23,-8.7,0.0,1.44,-9.9,0.0,1.4,-9.1,0.0,1.45
2012-02-24,-9.3,0.0,1.35,-11.0,0.0,1.36,-9.5,0.0,1.46
2012-02-25,-6.1,2.6,1.15,-9.2,2.3,1.05,-9.2,1.9,1.07
2012-02-26,-0.6,3.8,1.39,-3.0,3.5,1.25,-5.6,3.6,1.04
2012-02-27,1.2,2.2,1.33,-2.4,2.2,1.11,-3.9,3.3,0.99
2012-02-28,2.0,2.2,1.59,-0.8,2.4,1.41,-2.1,1.2,1.25
2012-02-29,-3.1,17.5,0.81,-6.2,17.6,0.76,-4.0,20.2,0.89
2012-03-01,-4.9,9.8,0.92,-7.5,9.8,0.88,-7.9,8.6,0.91
2012-03-02,-5.0,3.5,0.88,-7.4,3.6,0.78,-9.4,3.3,0.73
2012-03-03,-3.5,10.5,0.86,-6.3,10.4,0.77,-7.6,10.3,0.71
2012-03-04,-5.2,7.6,0.99,-7.6,7.7,0.93,-9.5,8.5,0.89
2012-03-05,-5.9,1.0,1.37,-7.9,1.1,1.25,-10.7,0.6,1.13
2012-03-06,-3.4,4.7,0.84,-6.5,4.4,0.76,-8.1,4.5,0.74
2012-03-07,-1.3,0.5,1.38,-3.9,0.4,1.3,-5.4,0.3,1.2
2012-03-08,-2.2,0.0,1.63,-4.8,0.0,1.5,-6.2,0.0,1.48
2012-03-09,-2.0,4.3,0.88,-4.8,3.9,0.83,-5.4,3.8,0.91
2012-03-10,-3.3,0.0,1.26,-6.0,0.0,1.16,-8.3,0.0,1.13
2012-03-11,-4.4,0.0,1.64,-7.5,0.0,1.46,-8.6,0.0,1.52
2012-03-12,0.1,6.4,1.66,-4.4,5.5,1.39,-5.0,4.7,1.37
2012-03-13,2.1,2.7,1.85,-1.2,2.0,1.71,-2.8,0.0,1.48
2012-03-14,2.0,3.9,1.51,-0.5,3.5,1.5,-1.6,4.8,1.56
2012-03-15,-0.9,7.3,1.43,-3.7,6.5,1.35,-4.9,4.3,1.31
2012-03-16,-5.7,1.9,1.22,-8.2,2.0,1.1,-10.0,2.0,0.99
2012-03-17,-5.3,1.6,1.2,-7.8,2.1,1.08,-10.1,2.0,0.98
2012-03-18,-4.7,0.0,2.01,-7.5,0.0,1.83,-7.8,0.0,1.8
2012-03-19,-1.9,0.0,2.36,-4.8,0.0,2.19,-2.8,0.0,2.39
2012-03-20,1.3,0.0,2.77,-1.6,0.0,2.57,-0.9,0.0,2.62
2012-03-21,2.7,0.0,1.91,0.0,0.0,1.77,-1.3,0.0,1.7
2012-03-22,1.4,1.6,1.57,-1.6,1.7,1.44,-3.1,1.9,1.45
2012-03-23,1.9,0.5,1.5,-0.9,0.7,1.41,-2.4,0.4,1.51
2012-03-24,1.7,0.0,2.58,-0.7,0.0,2.43,-1.4,0.0,2.21
2012-03-25,1.9,0.0,2.6,-0.2,0.0,2.57,-0.3,0.0,2.41
2012-03-26,3.0,2.3,2.63,0.2,2.2,2.48,-0.5,1.3,2.36
2012-03-27,-1.3,1.6,1.49,-4.2,1.7,1.35,-5.0,1.0,1.33
2012-03-28,-2.2,0.6,1.7,-5.1,0.8,1.59,-5.2,0.6,1.61
2012-03-29,-0.0,0.0,2.09,-2.5,0.0,2.04,-3.2,0.3,2.01
2012-03-30,1.5,0.2,2.61,-1.3,0.0,2.35,-3.3,0.0,2.15
2012-03-31,3.1,6.6,1.95,0.3,6.8,1.73,-1.7,7.4,1.52
2012-04-01,4.1,2.3,2.19,0.7,1.2,1.93,-0.5,0.5,1.81
2012-04-02,3.2,4.8,1.77,0.6,4.2,1.9,0.1,2.6,2.19
2012-04-03,4.2,0.0,2.84,1.1,0.0,2.57,-0.2,0.0,2.41
2012-04-04,6.7,0.0,3.55,4.4,0.0,3.43,1.8,0.0,3.17
2012-04-05,8.2,0.0,3.65,6.4,0.0,3.6,3.5,0.0,3.17
2012-04-06,8.4,0.0,3.37,6.5,0.0,3.37,3.6,0.0,3.07
2012-04-07,10.0,0.4,3.13,8.0,0.5,2.98,3.9,0.0,2.83
2012-04-08,8.7,0.6,3.27,7.2,0.3,3.12,3.5,0.8,2.84
2012-04-09,9.7,1.7,3.15,7.5,2.0,2.82,3.8,0.6,2.58
2012-04-10,9.2,0.0,3.69,7.3,0.0,3.44,2.7,0.0,2.98
2012-04-11,8.2,2.5,2.48,6.3,4.3,2.41,2.6,11.9,2.2
2012-04-12,5.8,4.9,2.35,3.8,2.3,2.25,1.0,1.0,2.38
2012-04-13,7.4,0.0,3.53,5.3,0.0,3.39,1.2,0.0,3.12
2012-04-14,10.5,0.0,4.09,7.5,0.0,3.85,3.0,0.0,3.34
2012-04-15,10.7,8.0,2.47,7.7,6.3,2.41,3.7,2.1,2.2
2012-04-16,8.1,11.3,1.87,5.5,10.5,1.68,1.9,9.1,1.38
2012-04-17,10.1,0.0,3.72,7.5,0.0,3.45,3.6,0.0,2.86
2012-04-18,13.3,0.0,5.44,10.1,0.2,4.79,5.6,0.0,3.63
2012-04-19,11.6,6.0,3.35,8.7,6.7,3.01,4.7,6.3,2.42
2012-04-20,10.3,0.0,3.55,7.9,0.0,3.19,4.1,0.0,2.53
2012-04-21,11.6,1.2,4.21,9.2,1.1,3.95,5.2,0.7,3.19
2012-04-22,10.0,2.3,3.17,7.6,2.2,2.92,4.1,2.0,2.49
2012-04-23,9.8,0.0,3.46,6.9,0.0,3.14,4.4,0.0,2.74
2012-04-24,11.8,0.0,4.3,9.5,0.0,4.03,7.1,0.0,3.87
2012-04-25,13.1,0.0,4.6,10.9,0.0,4.35,8.8,0.0,4.14
2012-04-26,14.0,0.0,4.69,11.6,0.0,4.46,9.6,0.0,4.29
2012-04-27,14.3,0.2,4.59,11.7,0.4,4.33,9.8,0.3,4.24
2012-04-28,13.7,0.3,4.52,11.0,0.7,4.18,8.7,1.3,3.84
2012-04-29,14.2,0.0,4.91,11.6,0.0,4.55,9.9,0.0,4.3
2012-04-30,14.5,0.0,5.06,12.0,0.0,4.68,10.3,0.0,4.49
2012-05-01,14.6,0.0,4.94,11.8,0.0,4.58,10.7,0.0,4.53
2012-05-02,15.3,0.1,5.01,12.6,0.0,4.65,11.8,0.0,4.67
2012-05-03,14.0,4.3,3.08,11.3,4.6,2.98,10.3,9.7,3.12
2012-05-04,13.9,8.7,3.25,11.0,9.9,2.82,9.4,11.1,2.34
2012-05-05,13.1,7.6,2.88,10.0,7.7,2.58,8.8,10.3,2.44
2012-05-06,12.1,9.8,1.82,9.4,6.6,1.75,8.4,6.8,1.67
2012-05-07,12.5,5.3,2.1,9.4,5.2,1.71,7.6,7.9,1.27
2012-05-08,13.1,0.2,3.02,10.0,0.8,2.49,8.3,3.9,2.26
2012-05-09,14.7,0.4,4.21,11.8,1.3,3.86,10.1,3.3,3.58
2012-05-10,16.3,1.6,4.3,13.8,1.3,4.17,11.9,2.6,4.22
2012-05-11,16.1,3.9,3.89,13.3,2.6,3.78,11.9,2.7,4.02
2012-05-12,14.3,6.8,3.72,11.7,6.2,3.61,10.6,3.9,3.81
2012-05-13,13.6,9.2,3.12,10.5,9.6,3.0,9.3,9.6,3.24
2012-05-14,12.2,10.3,2.39,9.4,9.9,2.28,8.4,7.3,2.55
2012-05-15,14.8,2.1,3.65,12.1,2.8,3.48,10.2,4.6,3.28
2012-05-16,16.0,0.9,4.43,13.3,1.0,4.02,11.2,0.7,3.65
2012-05-17,14.9,4.1,3.87,12.4,4.9,3.59,10.4,5.0,3.29
2012-05-18,16.2,1.5,5.09,13.8,1.2,4.77,11.4,0.6,4.48
2012-05-19,17.3,1.1,5.04,15.1,0.5,4.65,12.2,0.1,3.94
2012-05-20,13.8,14.1,2.42,11.7,12.7,2.51,10.3,11.5,2.9
2012-05-21,12.0,9.0,2.28,9.2,8.9,1.92,8.5,11.1,1.9
2012-05-22,14.3,0.0,3.07,11.6,0.0,3.06,10.5,0.0,3.41
2012-05-23,13.1,3.3,3.38,10.5,3.2,3.3,9.7,1.6,3.36
2012-05-24,13.5,4.9,3.67,11.0,5.8,3.54,9.8,4.9,3.39
2012-05-25,13.0,11.7,3.5,10.6,11.9,3.24,8.8,12.1,2.91
2012-05-26,12.7,6.1,3.61,10.2,8.0,3.37,8.5,6.2,2.95
2012-05-27,13.9,7.0,3.36,11.3,7.6,3.19,9.8,9.2,3.12
2012-05-28,14.6,10.2,3.93,12.1,11.0,3.65,10.6,6.4,3.58
2012-05-29,15.5,4.5,4.09,13.1,7.8,3.8,11.2,10.3,3.43
2012-05-30,14.9,12.2,3.53,12.6,10.3,3.35,11.6,13.9,3.39
2012-05-31,14.2,6.6,3.63,11.5,7.2,3.46,10.6,11.0,3.65
2012-06-01,12.7,10.1,2.43,10.1,9.0,2.32,9.1,7.3,2.48
2012-06-02,14.7,0.0,4.62,12.3,0.0,4.45,10.5,0.0,4.26
2012-06-03,17.2,0.0,5.24,14.9,0.0,4.95,13.3,0.0,4.89
2012-06-04,16.8,14.0,4.28,14.1,11.5,4.18,13.5,4.8,4.39
2012-06-05,17.7,0.0,4.67,15.2,0.3,4.43,13.7,0.7,4.26
2012-06-06,18.9,1.6,4.94,16.6,1.3,4.76,15.2,0.9,4.66
2012-06-07,15.5,9.6,1.76,12.9,9.2,1.8,12.8,3.1,2.61
2012-06-08,13.4,1.8,1.96,10.3,1.3,1.68,9.6,0.8,1.69
2012-06-09,15.3,0.0,4.01,12.0,0.0,3.54,11.7,0.0,3.59
2012-06-10,18.4,0.0,5.23,15.2,0.0,4.98,15.6,0.0,5.2
2012-06-11,20.9,0.0,5.76,18.2,0.0,5.46,17.6,0.0,5.42
2012-06-12,21.2,0.0,5.98,18.4,0.0,5.59,17.1,0.0,5.44
2012-06-13,20.6,0.0,6.02,17.3,0.0,5.6,16.4,0.0,5.54
2012-06-14,22.6,0.7,5.56,20.1,0.6,5.22,19.1,0.3,5.17
2012-06-15,22.0,0.0,5.29,18.8,0.2,4.83,18.5,0.9,4.75
2012-06-16,19.1,0.0,3.98,15.9,0.0,3.71,15.6,0.0,4.08
2012-06-17,17.7,0.0,4.8,14.2,0.0,4.23,14.1,0.0,4.17
2012-06-18,16.4,0.0,4.55,12.7,0.0,4.17,12.1,0.0,4.36
2012-06-19,17.5,0.0,4.66,13.9,0.0,4.32,13.8,0.0,4.73
2012-06-20,18.3,0.0,5.01,14.8,0.0,4.65,14.6,0.0,4.97
2012-06-21,18.8,0.0,5.03,15.3,0.0,4.61,15.0,0.0,4.83
2012-06-22,19.1,0.0,5.16,15.7,0.4,4.77,15.8,0.5,4.94
2012-06-23,19.6,0.2,5.11,16.1,0.4,4.64,16.1,0.8,4.5
2012-06-24,19.4,0.0,4.45,16.1,0.1,3.98,15.1,0.4,4.12
2012-06-25,19.5,1.3,4.02,16.4,2.2,3.58,15.0,3.9,3.63
2012-06-26,19.7,1.2,4.36,16.4,1.5,3.88,15.2,1.0,3.71
2012-06-27,18.9,1.3,4.11,15.8,0.8,3.81,14.9,0.0,3.96
2012-06-28,15.1,4.6,2.43,12.1,6.3,2.17,11.6,6.8,2.25
2012-06-29,15.0,0.1,3.84,12.0,0.0,3.49,10.7,0.0,3.39
2012-06-30,14.7,0.2,3.67,11.6,0.1,3.34,10.1,0.3,3.32
2012-07-01,14.0,2.1,3.44,11.1,2.4,2.99,9.6,0.3,3.03
2012-07-02,12.7,2.8,2.71,9.8,2.4,2.58,8.7,0.7,2.91
2012-07-03,13.7,5.0,2.55,11.1,2.8,2.72,10.1,0.8,3.34
2012-07-04,15.0,3.8,2.62,12.3,3.5,2.45,11.1,1.2,2.75
2012-07-05,16.4,0.9,3.19,13.6,0.9,2.91,12.3,1.0,2.99
2012-07-06,17.6,0.0,3.67,14.7,0.0,3.43,13.3,0.0,3.58
2012-07-07,17.8,0.5,4.03,14.9,0.5,3.72,13.5,0.0,3.75
2012-07-08,18.0,4.3,4.0,14.9,3.2,3.76,14.0,1.3,3.95
2012-07-09,17.3,4.3,2.61,14.4,3.9,2.6,14.0,2.8,3.09
2012-07-10,18.1,1.2,4.11,15.3,1.1,3.68,14.2,0.8,3.78
2012-07-11,18.1,0.0,5.34,15.0,0.0,5.02,14.2,0.0,5.15
2012-07-12,18.7,0.0,5.0,15.2,0.0,4.65,14.4,0.0,4.86
2012-07-13,19.4,0.0,5.35,15.9,0.0,4.99,15.6,0.0,5.2
2012-07-14,19.4,0.0,4.95,15.9,0.0,4.41,15.8,0.0,4.42
2012-07-15,20.0,0.0,5.41,16.3,0.0,4.93,16.4,0.0,5.12
2012-07-16,22.0,0.0,5.91,18.2,0.0,5.42,18.2,0.0,5.53
2012-07-17,20.8,0.0,5.45,17.3,0.0,4.9,17.7,0.0,5.09
2012-07-18,21.1,0.0,5.26,17.4,0.0,4.78,17.4,0.0,5.07
2012-07-19,21.3,0.0,4.99,17.8,0.0,4.53,18.0,0.0,4.74
2012-07-20,22.1,0.0,5.67,18.4,0.0,5.28,19.0,0.0,5.55
2012-07-21,22.0,0.0,5.74,18.3,0.0,5.26,19.2,0.0,5.54
2012-07-22,23.6,0.7,5.3,20.4,0.5,5.06,22.2,1.3,5.47
2012-07-23,27.0,0.0,5.91,24.2,0.0,5.71,24.1,0.0,6.21
2012-07-24,25.2,0.0,5.64,21.7,0.2,5.28,22.8,0.0,5.84
2012-07-25,25.2,0.0,6.13,21.7,0.0,5.61,22.5,0.1,5.67
2012-07-26,27.1,0.0,5.89,23.9,0.2,5.49,23.8,0.3,5.53
2012-07-27,27.0,0.0,6.44,23.8,0.1,5.98,23.4,0.3,5.82
2012-07-28,24.8,0.0,6.27,21.3,0.0,5.58,20.8,0.3,5.43
2012-07-29,23.6,0.0,5.57,19.9,0.0,5.21,19.8,0.0,5.45
2012-07-30,22.3,0.7,5.03,19.0,0.7,4.71,18.6,0.7,4.83
2012-07-31,22.3,0.0,5.06,19.1,0.2,4.62,18.5,0.7,4.57
2012-08-01,22.1,2.3,4.66,18.9,1.9,4.39,18.4,1.3,4.46
2012-08-02,23.3,0.7,5.21,20.0,0.6,4.79,19.3,1.3,4.74
2012-08-03,23.1,3.3,4.5,19.8,2.2,4.2,19.8,1.0,4.58
2012-08-04,22.4,1.2,4.25,19.3,0.8,4.01,19.1,0.7,4.34
2012-08-05,20.1,0.2,2.12,16.8,0.1,1.86,16.9,0.2,2.34
2012-08-06,19.2,4.4,2.89,16.2,4.1,2.54,16.0,3.7,2.44
2012-08-07,19.5,2.4,3.17,16.6,2.7,2.89,16.3,1.5,3.16
2012-08-08,19.6,1.4,2.62,16.7,0.9,2.54,17.0,0.2,3.11
2012-08-09,19.9,2.6,3.2,16.8,1.6,2.85,16.8,0.7,2.9
2012-08-10,19.6,1.8,3.63,16.6,1.8,3.31,16.2,0.7,3.37
2012-08-11,20.4,1.1,3.67,17.3,0.6,3.52,17.1,0.7,3.84
2012-08-12,22.3,0.0,5.14,19.3,0.0,4.79,19.2,0.0,4.89
2012-08-13,21.2,0.8,3.91,18.2,1.1,3.66,18.1,0.9,3.97
2012-08-14,20.6,0.1,3.87,17.4,0.1,3.5,17.6,0.9,3.81
2012-08-15,19.9,0.0,3.4,16.5,0.0,2.96,17.2,0.0,3.32
2012-08-16,19.1,0.0,3.29,15.7,0.0,2.67,16.0,0.1,2.9
2012-08-17,18.0,0.0,4.69,14.9,0.0,4.28,14.6,0.0,4.42
2012-08-18,17.4,0.0,3.12,14.4,0.0,2.91,14.7,0.0,3.52
2012-08-19,16.0,1.0,1.81,13.1,0.6,1.8,13.5,0.0,2.58
2012-08-20,15.6,0.9,3.03,12.6,1.1,2.68,11.9,0.1,2.55
2012-08-21,15.8,0.1,2.97,12.8,0.0,2.74,12.2,0.0,3.19
2012-08-22,17.7,0.1,4.1,14.7,0.1,3.83,13.7,0.0,4.15
2012-08-23,18.1,0.0,4.46,14.3,0.0,4.02,15.2,0.0,4.4
2012-08-24,18.1,0.0,4.75,14.5,0.0,4.34,16.2,0.0,4.73
2012-08-25,20.4,0.0,4.93,17.0,0.0,4.65,18.7,0.0,5.1
2012-08-26,22.7,0.0,5.11,19.6,0.0,4.8,20.9,0.0,5.17
2012-08-27,24.6,0.0,5.32,22.2,0.0,4.94,22.5,0.0,5.33
2012-08-28,21.6,0.8,3.86,18.6,0.9,3.71,19.5,0.4,4.61
2012-08-29,17.0,0.8,2.6,13.9,0.5,2.17,13.9,0.0,2.21
2012-08-30,15.3,0.0,3.18,11.7,0.0,2.53,12.7,0.0,2.69
2012-08-31,15.7,0.0,2.24,12.2,0.0,2.12,13.9,0.0,2.98
2012-09-01,15.5,0.0,2.08,12.2,0.0,1.84,12.9,0.0,2.29
2012-09-02,16.4,0.0,2.66,13.0,0.0,2.54,13.5,0.0,3.17
2012-09-03,17.4,0.0,3.59,13.6,0.0,3.22,14.5,0.0,3.58
2012-09-04,19.9,0.0,4.3,16.4,0.0,4.03,17.5,0.0,4.33
2012-09-05,20.3,0.0,4.31,16.7,0.0,3.95,17.5,0.0,4.23
2012-09-06,20.6,0.0,4.38,17.3,0.0,4.15,17.9,0.0,4.46
2012-09-07,19.4,0.0,4.72,16.7,0.0,4.41,16.7,0.0,4.53
2012-09-08,16.9,0.0,3.62,13.7,0.0,3.38,13.4,0.0,3.66
2012-09-09,15.2,0.3,1.99,12.2,0.2,1.96,12.1,0.0,2.44
2012-09-10,13.4,0.2,1.38,10.7,0.1,1.4,10.6,0.0,1.56
2012-09-11,14.7,0.0,2.84,11.5,0.0,2.61,12.4,0.0,3.02
2012-09-12,17.9,0.0,4.09,14.9,0.0,3.88,15.4,0.0,4.14
2012-09-13,20.8,0.0,4.39,18.6,0.0,4.28,17.7,0.0,4.62
2012-09-14,20.2,0.0,4.18,17.8,0.0,3.91,16.7,0.4,3.98
2012-09-15,20.2,0.0,4.36,17.6,0.0,4.14,15.7,0.0,4.11
2012-09-16,19.7,0.0,4.46,17.0,0.0,4.13,16.1,0.0,4.11
2012-09-17,19.9,0.0,4.14,17.1,0.0,3.84,17.5,0.0,4.04
2012-09-18,20.4,0.0,4.04,17.3,0.0,3.77,17.6,0.0,3.94
2012-09-19,20.8,0.7,3.8,18.0,0.8,3.59,18.5,0.0,3.89
2012-09-20,20.1,0.4,3.26,17.0,0.8,2.98,17.1,0.9,3.21
2012-09-21,19.8,1.8,3.16,17.5,2.1,2.97,16.3,1.1,3.06
2012-09-22,17.1,4.9,2.64,14.4,6.7,2.45,13.6,8.9,2.58
2012-09-23,15.4,0.0,2.88,12.4,0.0,2.57,11.5,0.0,2.52
2012-09-24,16.3,0.0,3.55,13.0,0.0,3.27,12.2,0.0,3.27
2012-09-25,18.3,0.0,3.9,15.7,0.0,3.66,14.7,0.0,3.71
2012-09-26,18.8,0.0,3.98,16.1,0.0,3.72,14.3,0.0,3.63
2012-09-27,18.5,0.0,4.05,16.0,0.0,3.73,14.5,0.0,3.61
2012-09-28,18.2,0.0,3.85,15.9,0.0,3.58,15.0,0.0,3.56
2012-09-29,19.5,0.0,3.8,17.1,0.0,3.61,16.2,0.0,3.9
2012-09-30,19.8,0.0,3.57,17.1,0.0,3.36,16.4,0.0,3.57
2012-10-01,19.4,0.0,3.79,16.7,0.0,3.53,15.9,0.0,3.54
2012-10-02,19.9,0.0,3.26,17.4,0.0,3.03,16.5,0.0,3.07
2012-10-03,19.6,0.8,3.39,17.4,1.0,3.35,15.7,1.7,3.45
2012-10-04,16.3,3.7,2.63,13.9,3.2,2.49,12.3,1.3,2.44
2012-10-05,15.6,0.2,2.6,12.7,0.2,2.32,11.2,0.3,2.25
2012-10-06,15.2,0.0,2.67,12.2,0.0,2.47,11.3,0.0,2.52
2012-10-07,16.3,0.6,2.75,13.9,0.7,2.76,11.9,1.5,2.78
2012-10-08,15.7,1.9,2.45,13.2,2.9,2.35,10.4,10.3,2.19
2012-10-09,11.6,5.1,1.38,8.7,6.0,1.29,8.3,6.0,1.45
2012-10-10,13.3,1.6,2.25,10.8,1.8,2.09,9.5,3.6,1.93
2012-10-11,13.3,21.9,0.96,11.2,21.2,1.16,9.8,15.4,1.36
2012-10-12,12.4,2.3,1.56,10.0,2.5,1.41,8.2,2.3,1.34
2012-10-13,13.1,0.0,2.17,10.8,0.0,2.07,9.0,0.0,2.1
2012-10-14,14.2,0.0,2.73,12.1,0.0,2.64,9.7,0.0,2.61
2012-10-15,14.9,0.0,2.76,12.9,0.0,2.66,10.7,0.0,2.58
2012-10-16,15.8,0.0,2.86,13.7,0.0,2.71,11.8,0.0,2.59
2012-10-17,15.8,0.0,2.86,13.4,0.0,2.71,11.3,0.0,2.63
2012-10-18,15.0,0.0,2.54,12.1,0.0,2.37,10.8,0.0,2.38
2012-10-19,13.5,0.0,1.58,10.6,0.0,1.53,9.9,0.0,1.8
2012-10-20,13.9,2.6,2.06,11.3,2.1,1.98,9.5,0.6,2.01
2012-10-21,14.1,1.0,2.78,11.7,0.8,2.59,8.5,0.2,2.15
2012-10-22,14.3,0.0,2.66,11.8,0.0,2.41,8.7,0.1,2.02
2012-10-23,12.2,5.0,1.21,10.1,4.4,1.23,8.1,2.7,1.4
2012-10-24,12.4,4.2,1.88,10.1,3.0,1.74,8.1,0.9,1.73
2012-10-25,11.6,6.9,1.62,9.3,6.6,1.48,6.8,3.6,1.34
2012-10-26,11.8,0.0,1.5,9.0,0.0,1.35,6.9,1.1,1.3
2012-10-27,11.0,0.0,2.09,8.9,0.0,2.01,6.3,0.0,1.9
2012-10-28,11.3,0.0,2.38,8.9,0.0,2.28,6.7,0.0,2.16
2012-10-29,13.1,0.0,2.38,10.2,0.0,2.24,8.3,0.0,2.09
2012-10-30,14.1,0.0,2.46,11.1,0.0,2.24,8.9,0.0,1.96
2012-10-31,12.6,2.3,1.61,10.3,1.9,1.5,7.9,0.3,1.52
2012-11-01,12.5,1.7,1.87,10.4,1.5,1.72,7.9,1.3,1.55
2012-11-02,12.1,0.1,1.36,9.4,0.1,1.28,7.0,0.0,1.22
2012-11-03,11.7,2.7,1.46,9.1,3.8,1.43,7.4,3.0,1.49
2012-11-04,11.0,0.5,1.3,8.6,0.3,1.23,7.1,0.2,1.14
2012-11-05,11.2,0.0,1.99,8.9,0.0,1.93,6.7,0.0,1.83
2012-11-06,12.3,0.0,2.19,9.6,0.0,2.07,7.2,0.0,1.95
2012-11-07,13.1,0.0,1.77,10.2,0.0,1.61,7.8,0.0,1.52
2012-11-08,8.3,25.9,0.36,5.1,22.8,0.39,6.6,17.4,0.53
2012-11-09,7.8,34.2,0.29,4.9,35.9,0.3,6.4,34.8,0.36
2012-11-10,7.0,15.4,0.3,4.2,17.2,0.29,4.5,16.8,0.33
2012-11-11,7.1,12.2,0.38,4.2,12.2,0.4,3.3,12.5,0.45
2012-11-12,7.8,2.7,0.37,4.9,3.2,0.35,4.3,3.7,0.43
2012-11-13,8.0,0.0,0.47,4.7,0.0,0.45,4.9,0.0,0.65
2012-11-14,8.9,0.0,0.71,5.6,0.0,0.64,5.2,0.1,0.77
2012-11-15,9.4,0.0,1.38,6.1,0.0,1.31,5.7,0.0,1.34
2012-11-16,8.9,0.0,1.56,6.4,0.0,1.48,4.7,0.0,1.53
2012-11-17,8.7,0.0,1.55,6.4,0.0,1.49,3.8,0.0,1.5
2012-11-18,8.1,0.0,1.5,5.6,0.0,1.45,3.2,0.0,1.42
2012-11-19,8.0,0.0,1.38,5.3,0.0,1.33,4.0,0.0,1.38
2012-11-20,8.3,0.0,1.25,5.0,0.0,1.19,3.5,0.0,1.27
2012-11-21,7.7,0.0,1.37,4.8,0.0,1.3,2.8,0.0,1.26
2012-11-22,6.5,3.7,0.97,4.2,2.8,0.98,2.2,0.3,1.09
2012-11-23,6.8,9.6,0.54,3.9,7.1,0.58,2.3,4.4,0.73
2012-11-24,6.4,5.2,0.37,3.4,6.2,0.35,2.0,10.7,0.41
2012-11-25,5.0,1.6,0.49,2.0,1.9,0.45,0.8,2.3,0.51
2012-11-26,5.0,0.1,0.59,2.2,0.1,0.55,1.0,0.0,0.58
2012-11-27,5.7,0.0,1.16,2.6,0.0,1.07,1.3,0.0,1.04
2012-11-28,4.6,0.0,1.41,1.6,0.0,1.31,0.4,0.0,1.28
2012-11-29,5.1,0.0,1.25,1.6,0.0,1.12,0.5,0.0,1.07
2012-11-30,6.9,0.0,1.43,3.1,0.0,1.27,1.8,0.0,1.15
2012-12-01,7.5,0.0,1.44,3.8,0.0,1.32,2.2,0.0,1.21
2012-12-02,7.9,0.6,1.3,4.8,0.5,1.23,2.8,0.2,1.17
2012-12-03,8.3,3.7,1.34,4.4,3.7,1.11,2.7,2.0,0.96
2012-12-04,7.0,18.1,1.02,4.1,16.5,0.89,2.0,12.3,0.66
2012-12-05,1.4,15.4,0.41,-1.4,13.9,0.34,-2.5,10.5,0.31
2012-12-06,-3.2,0.9,0.53,-6.4,0.9,0.47,-6.3,1.0,0.48
2012-12-07,1.1,6.0,0.75,-1.9,4.8,0.66,-2.1,2.8,0.63
2012-12-08,1.2,6.3,0.44,-1.4,7.0,0.4,-2.9,6.5,0.46
2012-12-09,-1.1,0.0,0.76,-4.1,0.0,0.63,-6.7,0.0,0.56
2012-12-10,2.2,0.9,0.79,-1.2,0.5,0.66,-1.8,0.0,0.66
2012-12-11,3.6,5.2,0.43,0.9,5.1,0.43,-0.5,3.5,0.47
2012-12-12,2.1,0.3,0.86,-1.0,0.1,0.74,-0.9,0.0,0.7
2012-12-13,2.3,9.3,0.41,-0.9,8.3,0.39,-1.5,4.2,0.47
2012-12-14,-1.1,2.0,0.55,-3.8,2.1,0.5,-5.4,2.2,0.5
2012-12-15,-1.0,0.0,0.71,-4.3,0.0,0.62,-9.4,0.0,0.56
2012-12-16,-0.8,0.0,0.76,-3.7,0.0,0.68,-9.5,0.0,0.59
2012-12-17,0.5,4.1,0.57,-2.8,3.6,0.51,-5.1,5.1,0.47
2012-12-18,2.2,14.3,0.49,-1.5,13.6,0.44,-2.8,17.5,0.41
2012-12-19,3.8,10.1,0.71,0.0,9.0,0.58,-0.3,9.2,0.53
2012-12-20,3.1,2.7,0.68,0.1,3.9,0.6,-0.6,3.5,0.57
2012-12-21,2.4,4.3,0.55,-0.1,4.9,0.52,-1.5,5.8,0.51
2012-12-22,2.4,2.1,0.64,-0.2,1.7,0.61,-1.7,0.6,0.65
2012-12-23,2.6,7.0,0.46,0.1,6.3,0.46,-1.1,6.2,0.5
2012-12-24,2.0,12.1,0.35,-1.0,13.0,0.32,-1.1,14.7,0.38
2012-12-25,1.8,0.0,0.8,-1.4,0.0,0.76,-3.4,0.0,0.75
2012-12-26,1.8,0.0,1.0,-1.3,0.0,0.94,-5.1,0.0,0.83
2012-12-27,0.2,0.0,0.95,-2.4,0.0,0.96,-7.0,0.0,0.89
2012-12-28,0.6,0.0,0.87,-2.0,0.0,0.87,-6.3,0.0,0.73
2012-12-29,2.6,0.0,0.86,-0.2,0.0,0.84,-4.3,0.0,0.77
2012-12-30,1.7,2.1,0.46,-1.3,2.3,0.45,-3.6,0.8,0.53
2012-12-31,-1.0,0.0,0.88,-4.1,0.0,0.8,-8.1,0.0,0.69
2013-01-01,-2.1,0.0,0.96,-4.0,0.0,0.98,-10.1,0.0,0.73
2013-01-02,-1.6,0.0,0.96,-3.4,0.0,0.96,-8.8,0.0,0.75
2013-01-03,-1.7,0.0,0.91,-4.0,0.0,0.85,-9.6,0.0,0.67
2013-01-04,-1.5,0.0,0.8,-3.9,0.0,0.74,-10.0,0.0,0.63
2013-01-05,-1.1,7.9,0.5,-3.5,8.3,0.46,-7.0,8.4,0.42
2013-01-06,-1.7,0.9,0.6,-3.8,1.6,0.55,-6.2,3.0,0.47
2013-01-07,-2.6,19.7,0.28,-5.2,23.1,0.25,-6.4,27.3,0.25
2013-01-08,-6.2,6.6,0.39,-8.6,7.3,0.36,-9.8,7.9,0.38
2013-01-09,-6.8,7.1,0.34,-9.4,6.6,0.34,-10.7,5.5,0.4
2013-01-10,-5.8,4.0,0.48,-8.1,3.9,0.41,-10.6,2.6,0.38
2013-01-11,-10.4,0.0,0.54,-12.9,0.0,0.49,-12.9,0.0,0.52
2013-01-12,-5.3,0.0,0.69,-10.8,0.0,0.51,-10.6,0.0,0.48
2013-01-13,-1.2,2.4,0.66,-5.7,2.0,0.52,-6.9,2.0,0.47
2013-01-14,-0.4,0.1,0.71,-3.2,0.3,0.69,-5.1,0.5,0.66
2013-01-15,-5.0,0.0,0.74,-7.8,0.0,0.65,-8.0,0.0,0.71
2013-01-16,-5.4,0.0,0.98,-10.0,0.0,0.83,-11.0,0.0,0.77
2013-01-17,-1.8,1.0,1.05,-6.7,0.6,0.87,-8.2,0.0,0.9
2013-01-18,-0.5,0.0,0.96,-5.3,0.0,0.74,-7.0,0.0,0.67
2013-01-19,0.0,2.8,1.32,-4.7,1.4,0.99,-5.9,1.7,0.98
2013-01-20,0.5,3.8,0.99,-3.0,4.0,0.89,-4.6,3.6,0.79
2013-01-21,0.7,0.0,1.0,-3.6,0.0,0.85,-4.1,0.0,0.76
2013-01-22,2.1,0.0,1.11,-3.1,0.0,0.83,-3.4,0.0,0.76
2013-01-23,2.4,7.5,0.85,-0.9,4.7,0.81,-2.2,4.0,0.83
2013-01-24,2.2,1.3,0.98,-0.4,1.4,0.91,-2.1,1.8,0.85
2013-01-25,3.0,4.3,1.03,0.1,3.8,0.84,-0.8,6.3,0.79
2013-01-26,3.7,0.0,1.05,0.7,0.0,0.84,0.1,0.0,0.75
2013-01-27,3.6,5.6,0.7,0.9,5.7,0.61,-0.4,6.9,0.58
2013-01-28,1.5,2.5,0.85,-0.4,2.6,0.82,-2.1,2.1,0.83
2013-01-29,0.5,13.4,0.46,-2.0,12.5,0.41,-3.3,6.2,0.47
2013-01-30,-0.8,2.7,0.59,-3.5,2.7,0.55,-4.1,1.5,0.64
2013-01-31,0.0,2.0,0.8,-3.0,3.2,0.67,-3.9,4.5,0.64
2013-02-01,-0.2,1.0,0.82,-2.8,0.8,0.76,-5.3,0.5,0.77
2013-02-02,-0.3,0.0,1.25,-2.3,0.0,1.16,-6.5,0.0,0.94
2013-02-03,-0.0,0.0,1.33,-3.3,0.0,1.15,-6.3,0.0,1.03
2013-02-04,2.6,0.0,1.32,-1.5,0.0,1.16,-4.2,0.0,1.1
2013-02-05,3.5,0.0,1.51,0.3,0.0,1.4,-3.4,0.0,1.15
2013-02-06,3.4,0.1,1.3,0.1,0.5,1.07,-1.9,1.5,1.04
2013-02-07,3.6,0.0,1.3,0.6,0.3,1.16,-1.0,1.3,1.11
2013-02-08,3.9,0.0,1.55,0.3,0.0,1.27,-0.2,0.0,1.16
2013-02-09,6.2,1.3,1.52,2.5,0.8,1.27,1.2,0.0,1.1
2013-02-10,5.0,0.0,1.55,2.5,0.0,1.31,-0.6,0.0,1.22
2013-02-11,3.6,9.8,1.0,1.1,7.7,0.89,-1.0,2.7,0.97
2013-02-12,2.0,3.1,0.96,-0.8,2.5,0.81,-2.3,1.1,0.81
2013-02-13,1.6,0.0,1.59,-1.3,0.0,1.37,-3.4,0.0,1.23
2013-02-14,3.3,0.0,2.07,-0.5,0.0,1.66,-2.7,0.0,1.5
2013-02-15,3.7,1.5,1.47,0.4,2.0,1.25,-1.3,2.4,1.25
2013-02-16,1.3,4.3,0.73,-1.3,4.4,0.7,-2.4,5.1,0.83
2013-02-17,0.8,3.1,0.78,-1.7,3.6,0.76,-3.1,3.7,0.87
2013-02-18,-0.1,4.4,0.87,-2.6,5.0,0.8,-4.6,4.1,0.85
2013-02-19,0.5,0.0,1.19,-1.9,0.0,1.07,-5.3,0.0,1.0
2013-02-20,-0.6,13.9,0.74,-3.1,12.3,0.68,-5.7,9.3,0.69
2013-02-21,0.9,2.0,1.53,-1.6,2.2,1.41,-3.9,2.2,1.26
2013-02-22,0.7,0.2,1.19,-2.1,0.3,1.02,-3.9,0.2,0.97
2013-02-23,3.7,5.7,1.2,0.8,4.9,1.16,-1.3,4.0,1.23
2013-02-24,3.9,1.3,1.27,1.9,1.1,1.24,-0.1,0.0,1.21
2013-02-25,3.0,0.0,1.89,1.3,0.0,1.77,-0.9,0.0,1.57
2013-02-26,4.1,0.0,2.17,1.4,0.0,1.95,-1.6,0.0,1.7
2013-02-27,4.5,4.6,1.87,1.0,4.8,1.56,-1.0,3.1,1.58
2013-02-28,3.1,3.1,1.06,-0.1,4.3,0.86,-1.3,6.6,0.85
2013-03-01,0.8,1.2,1.05,-2.3,1.6,0.95,-3.7,1.7,1.02
2013-03-02,2.0,0.0,1.97,-0.9,0.0,1.61,-4.1,0.0,1.42
2013-03-03,3.3,2.2,1.33,0.0,1.9,1.16,-1.8,1.0,1.2
2013-03-04,1.8,16.5,0.63,-0.8,14.1,0.58,-1.3,8.6,0.68
2013-03-05,-3.2,2.1,1.04,-5.7,2.2,0.93,-7.3,1.7,0.91
2013-03-06,-3.6,0.0,1.42,-6.2,0.3,1.26,-8.4,0.0,1.22
2013-03-07,0.0,0.0,2.17,-2.8,0.0,1.98,-7.5,0.0,1.78
2013-03-08,0.8,0.0,1.9,-2.1,0.0,1.68,-5.1,0.0,1.64
2013-03-09,3.9,2.4,1.78,0.6,1.6,1.54,-2.1,0.2,1.51
2013-03-10,4.7,2.2,2.18,1.3,1.6,1.94,-1.5,0.8,1.94
2013-03-11,6.5,2.5,2.1,2.6,2.1,1.69,0.7,2.4,1.59
2013-03-12,8.5,3.3,1.93,3.9,6.0,1.57,3.0,9.2,1.74
2013-03-13,9.3,3.7,2.62,6.6,4.9,2.31,3.4,8.1,1.85
2013-03-14,8.9,0.0,2.63,5.5,0.0,2.4,2.1,0.0,1.93
2013-03-15,12.9,0.0,3.97,8.4,0.0,3.19,5.3,0.0,2.56
2013-03-16,11.3,9.1,2.21,8.0,6.4,1.91,5.2,5.2,1.77
2013-03-17,2.2,17.6,0.54,-0.4,14.7,0.61,-2.1,6.6,1.0
2013-03-18,-2.0,0.6,1.4,-4.8,0.8,1.26,-6.4,0.8,1.26
2013-03-19,2.0,0.0,2.45,-1.2,0.0,2.14,-4.8,0.0,1.94
2013-03-20,6.2,0.8,2.44,3.9,0.6,2.48,0.9,0.0,2.18
2013-03-21,7.9,0.0,3.26,5.5,0.0,3.08,1.1,0.0,2.55
2013-03-22,9.6,0.5,3.24,6.2,0.4,2.77,2.6,0.2,2.09
2013-03-23,4.2,8.9,1.68,1.7,9.4,1.63,-0.9,9.4,1.51
2013-03-24,2.1,1.0,2.07,-0.2,0.8,1.93,-3.3,0.7,1.71
2013-03-25,6.5,0.0,3.16,3.8,0.0,2.95,-1.1,0.0,2.39
2013-03-26,9.7,0.0,2.85,6.0,0.0,2.4,2.2,0.0,1.8
2013-03-27,9.2,11.5,2.49,6.2,12.3,2.14,2.6,10.0,1.76
2013-03-28,6.9,10.2,1.46,4.4,11.3,1.43,1.3,10.1,1.36
2013-03-29,6.0,2.5,1.8,3.4,3.3,1.71,2.0,2.5,1.68
2013-03-30,8.0,0.3,3.06,5.7,0.2,2.91,1.6,0.1,2.46
2013-03-31,11.3,0.0,4.06,8.5,0.0,3.75,2.8,0.0,2.86
2013-04-01,13.0,1.4,3.75,10.1,2.3,3.45,4.5,0.7,2.67
2013-04-02,12.0,4.6,2.87,9.3,6.1,2.46,4.4,10.0,1.74
2013-04-03,11.9,0.0,3.9,9.3,0.0,3.66,4.8,0.0,2.91
2013-04-04,13.0,1.6,3.46,10.5,1.2,3.31,6.5,0.0,2.79
2013-04-05,9.7,1.1,1.27,6.6,1.2,1.2,4.7,0.7,1.25
2013-04-06,12.4,0.0,4.19,9.5,0.0,3.83,6.7,0.0,3.26
2013-04-07,16.3,0.0,5.17,13.3,0.0,4.62,11.0,0.0,4.05
2013-04-08,16.5,0.5,5.79,13.8,0.7,5.28,11.6,1.3,4.65
2013-04-09,8.1,5.5,1.75,5.7,5.2,1.66,4.5,3.6,1.95
2013-04-10,6.7,2.9,1.41,4.1,2.7,1.57,4.2,3.5,2.01
2013-04-11,7.8,3.5,3.0,5.3,4.5,2.8,3.7,3.5,2.56
2013-04-12,6.7,5.9,2.41,4.3,6.2,2.33,2.7,4.8,2.33
2013-04-13,8.8,0.0,3.84,6.2,0.0,3.62,4.4,0.0,3.4
2013-04-14,10.5,2.4,3.8,8.3,3.1,3.59,6.6,2.3,3.3
2013-04-15,10.3,3.0,2.56,8.2,3.8,2.57,6.1,2.1,2.62
2013-04-16,7.8,18.3,1.57,5.5,16.7,1.7,4.8,12.7,1.81
2013-04-17,4.5,9.4,0.83,1.9,9.0,0.83,2.1,5.4,0.99
2013-04-18,5.7,0.7,1.66,2.8,0.5,1.6,2.6,0.2,1.74
2013-04-19,8.0,1.5,2.54,5.0,2.6,2.45,4.4,6.1,2.68
2013-04-20,7.0,0.2,1.68,4.0,0.3,1.48,3.6,3.5,1.47
2013-04-21,6.0,0.6,1.53,3.1,0.9,1.35,2.3,0.0,1.43
2013-04-22,6.4,0.8,2.0,3.4,1.4,1.8,2.2,2.5,1.85
2013-04-23,7.3,1.6,2.81,4.4,1.9,2.56,2.7,1.8,2.54
2013-04-24,8.0,0.0,3.73,5.1,0.0,3.42,2.9,0.0,3.21
2013-04-25,10.0,0.0,3.68,7.2,0.0,3.33,4.9,0.0,3.09
2013-04-26,11.3,0.1,3.79,8.8,0.0,3.47,6.7,0.4,3.16
2013-04-27,13.3,0.0,4.5,11.0,0.0,4.32,9.5,0.0,4.2
2013-04-28,16.1,0.0,4.94,13.9,0.0,4.71,11.8,0.0,4.54
2013-04-29,16.5,0.0,4.67,14.3,0.0,4.52,12.5,0.0,4.35
2013-04-30,15.3,0.0,4.88,12.7,0.0,4.56,11.4,0.0,4.51
2013-05-01,16.0,0.6,4.61,13.5,0.7,4.35,11.8,0.6,4.32
2013-05-02,16.4,0.0,4.84,13.7,0.1,4.46,12.5,0.9,4.19
2013-05-03,16.4,0.3,4.82,13.6,0.6,4.51,11.6,1.9,4.35
2013-05-04,16.0,2.2,4.29,13.6,2.4,3.99,11.6,1.9,3.87
2013-05-05,15.1,0.0,4.62,12.3,0.0,4.29,10.7,0.0,4.08
2013-05-06,14.3,0.1,4.27,11.4,0.0,3.86,10.2,0.4,3.56
2013-05-07,14.1,0.0,4.32,10.8,0.2,3.97,9.8,0.6,3.91
2013-05-08,14.8,0.0,4.53,11.5,0.0,4.16,10.2,0.2,4.0
2013-05-09,15.8,0.0,5.01,12.9,0.0,4.68,12.2,0.6,4.52
2013-05-10,15.5,2.7,2.94,12.9,8.7,2.79,10.8,17.1,2.68
2013-05-11,13.8,9.9,2.5,11.1,11.2,2.45,9.5,12.2,2.52
2013-05-12,12.4,18.4,2.07,10.0,15.9,1.83,8.3,10.0,1.76
2013-05-13,13.3,13.2,3.17,10.9,12.9,3.06,9.3,4.6,2.98
2013-05-14,12.6,4.6,3.56,10.4,3.4,3.44,8.3,3.3,3.3
2013-05-15,12.2,4.3,3.68,9.8,5.5,3.6,7.9,5.9,3.48
2013-05-16,13.0,4.4,3.08,10.2,4.0,2.93,8.6,4.1,2.98
2013-05-17,13.7,0.0,3.5,11.1,0.0,3.41,9.6,0.0,3.51
2013-05-18,14.2,8.4,3.33,11.6,7.3,3.17,10.4,5.0,3.02
2013-05-19,13.1,4.1,3.56,10.5,3.8,3.3,9.1,1.8,3.24
2013-05-20,13.1,0.0,3.49,10.0,0.0,3.18,8.6,0.0,3.16
2013-05-21,14.6,0.1,4.35,11.4,0.1,3.99,10.1,0.1,3.84
2013-05-22,16.0,0.0,5.08,13.2,0.0,4.76,11.7,0.0,4.61
2013-05-23,18.7,0.0,5.46,16.4,0.0,5.28,14.7,0.0,5.22
2013-05-24,19.7,6.7,4.74,17.1,4.7,4.56,15.5,2.0,4.56
2013-05-25,16.7,1.3,4.37,13.9,3.3,3.98,12.6,9.0,3.63
2013-05-26,16.4,0.1,4.8,13.6,0.0,4.5,11.8,0.0,4.26
2013-05-27,16.1,0.4,4.94,13.6,0.3,4.77,11.3,0.1,4.74
2013-05-28,14.7,0.2,4.37,11.7,0.0,4.12,10.6,0.0,4.26
2013-05-29,16.8,0.0,5.4,14.3,0.0,5.15,12.4,0.0,4.91
2013-05-30,18.8,0.0,5.06,16.5,0.2,4.98,14.2,0.3,4.92
2013-05-31,19.7,0.0,5.86,17.5,0.0,5.58,15.0,0.0,5.16
2013-06-01,16.7,3.8,4.53,14.0,3.3,4.17,13.0,1.7,4.03
2013-06-02,17.8,0.9,5.41,15.1,0.8,4.98,13.6,0.7,4.79
2013-06-03,17.5,0.6,5.49,15.0,0.6,5.09,13.4,0.1,4.77
2013-06-04,16.3,0.0,4.92,13.6,0.0,4.56,12.0,0.0,4.43
2013-06-05,16.5,2.1,4.64,13.8,1.8,4.41,12.4,1.0,4.4
2013-06-06,15.2,3.8,3.69,12.6,4.1,3.47,10.9,3.0,3.48
2013-06-07,13.9,4.0,3.94,11.0,3.8,3.52,9.5,1.0,3.28
2013-06-08,15.0,0.2,4.77,12.3,0.6,4.54,10.6,0.7,4.34
2013-06-09,14.7,6.6,3.51,11.9,7.2,3.42,10.9,9.8,3.68
2013-06-10,13.2,5.9,1.94,10.1,4.0,1.68,9.3,5.0,1.84
2013-06-11,15.7,0.0,4.0,12.7,0.0,3.46,11.0,0.0,2.81
2013-06-12,18.4,0.1,5.51,15.7,0.0,5.29,14.1,0.0,5.13
2013-06-13,19.6,3.7,5.31,17.4,2.6,5.16,17.2,0.0,5.42
2013-06-14,19.2,2.5,4.53,16.5,1.8,4.33,16.5,0.0,4.85
2013-06-15,18.4,0.4,4.49,15.3,0.5,4.14,15.2,0.3,4.43
2013-06-16,17.9,0.0,4.7,15.0,0.2,4.39,13.9,1.1,4.14
2013-06-17,17.0,0.3,3.81,14.0,0.5,3.6,12.6,0.8,3.69
2013-06-18,15.5,9.9,2.09,12.8,8.8,1.97,11.9,3.9,2.29
2013-06-19,16.6,4.6,3.05,13.8,4.2,2.95,12.8,7.3,3.14
2013-06-20,15.0,0.2,3.25,12.2,0.0,2.85,11.2,0.0,2.83
2013-06-21,14.1,0.2,3.81,11.1,0.1,3.61,9.8,0.0,3.91
2013-06-22,15.2,0.0,5.04,11.8,0.0,4.65,11.8,0.0,4.89
2013-06-23,18.1,0.0,5.6,15.0,0.0,5.21,14.7,0.0,5.32
2013-06-24,18.9,0.0,5.66,15.9,0.0,5.28,15.1,0.0,5.26
2013-06-25,19.3,0.0,5.39,16.6,0.0,5.1,15.2,0.0,5.14
2013-06-26,19.0,0.0,5.77,15.9,0.0,5.35,15.3,0.0,5.38
2013-06-27,19.3,0.0,5.85,15.8,0.0,5.4,15.9,0.0,5.51
2013-06-28,20.7,0.0,6.08,17.3,0.0,5.68,16.7,0.0,5.72
2013-06-29,20.9,0.0,6.07,17.8,0.0,5.68,17.0,0.0,5.75
2013-06-30,24.2,0.0,6.49,21.5,0.0,6.08,20.4,0.0,6.16
2013-07-01,20.6,2.4,3.96,17.6,2.0,3.86,18.2,3.3,4.43
2013-07-02,17.7,0.0,3.55,15.0,0.1,3.32,13.5,1.2,3.38
2013-07-03,16.9,0.0,3.17,14.1,0.0,2.88,12.9,0.1,2.82
2013-07-04,18.3,0.0,5.14,15.3,0.0,4.62,14.7,0.0,4.59
2013-07-05,19.0,0.0,5.63,15.9,0.0,5.22,15.1,0.0,5.29
2013-07-06,19.3,0.0,5.31,16.2,0.0,4.93,15.5,0.0,5.08
2013-07-07,20.0,0.0,5.65,16.8,0.0,5.28,16.4,0.0,5.4
2013-07-08,20.6,0.0,5.88,17.2,0.0,5.45,16.7,0.0,5.53
2013-07-09,20.6,0.0,5.69,17.4,0.0,5.28,16.3,0.0,5.29
2013-07-10,19.6,0.0,4.8,16.7,0.0,4.47,16.3,0.0,4.75
2013-07-11,19.6,0.0,5.02,16.5,0.0,4.55,16.1,0.0,4.68
2013-07-12,19.3,0.0,5.78,16.2,0.0,5.4,15.2,0.0,5.39
2013-07-13,19.8,0.0,5.9,16.8,0.0,5.49,15.8,0.0,5.49
2013-07-14,20.4,0.0,5.57,17.2,0.0,5.2,16.2,0.0,5.3
2013-07-15,20.9,0.0,5.71,17.6,0.0,5.26,16.8,0.0,5.29
2013-07-16,20.4,0.0,5.22,17.0,0.0,4.79,17.4,0.0,5.06
2013-07-17,19.0,0.0,3.62,15.7,0.0,3.35,17.1,0.0,3.99
2013-07-18,17.7,2.0,3.23,14.6,2.2,3.02,15.3,1.7,3.45
2013-07-19,17.5,2.7,3.12,14.5,3.0,2.81,13.8,4.8,2.92
2013-07-20,18.6,0.0,5.17,15.4,0.0,4.79,15.3,0.0,5.0
2013-07-21,17.7,0.1,2.92,14.8,0.0,2.84,15.2,0.0,3.63
2013-07-22,16.4,0.5,2.26,13.6,0.1,2.33,13.5,0.0,2.79
2013-07-23,15.8,0.0,2.51,12.7,0.0,2.43,13.0,0.0,2.87
2013-07-24,17.4,0.0,5.04,14.1,0.0,4.66,14.2,0.0,4.7
2013-07-25,17.6,0.0,5.73,14.5,0.0,5.31,13.4,0.0,5.17
2013-07-26,17.6,0.0,5.35,14.7,0.0,4.88,13.0,0.0,4.69
2013-07-27,16.2,2.8,3.44,13.1,1.6,3.25,12.2,0.2,3.5
2013-07-28,15.7,0.7,3.07,12.8,1.0,2.76,11.9,1.2,2.84
2013-07-29,16.8,1.1,3.94,13.9,0.8,3.58,12.6,0.0,3.65
2013-07-30,17.6,0.0,5.11,14.6,0.0,4.69,12.7,0.0,4.66
2013-07-31,18.3,0.0,5.69,15.3,0.0,5.35,14.1,0.0,5.43
2013-08-01,18.5,0.0,5.64,15.4,0.0,5.27,14.5,0.0,5.37
2013-08-02,18.0,0.0,5.43,14.7,0.0,5.03,13.8,0.0,5.09
2013-08-03,18.2,0.0,4.7,15.0,0.0,4.36,14.1,0.0,4.59
2013-08-04,17.5,0.0,4.03,14.5,0.0,3.7,13.3,0.0,3.81
2013-08-05,16.7,0.1,3.41,13.9,0.1,3.19,13.1,0.0,3.53
2013-08-06,17.6,0.0,4.98,14.2,0.0,4.62,14.4,0.0,4.95
2013-08-07,17.7,0.0,4.9,14.4,0.0,4.57,14.4,0.0,4.8
2013-08-08,17.4,0.1,3.63,14.2,0.0,3.33,13.4,0.0,3.66
2013-08-09,18.5,0.0,4.67,15.4,0.0,4.33,14.6,0.0,4.48
2013-08-10,18.7,0.0,5.01,15.5,0.0,4.71,15.5,0.0,4.95
2013-08-11,21.1,0.0,5.44,18.1,0.0,5.14,18.5,0.0,5.43
2013-08-12,21.3,0.0,5.06,18.2,0.1,4.56,18.1,1.5,4.48
2013-08-13,20.5,0.0,5.38,17.4,0.0,5.01,16.6,0.0,5.02
2013-08-14,19.9,0.0,5.42,16.7,0.0,5.04,16.0,0.0,5.08
2013-08-15,20.0,0.0,4.37,16.7,0.0,4.19,16.6,0.0,4.54
2013-08-16,19.9,1.0,3.01,16.7,0.4,2.8,16.8,0.0,3.36
2013-08-17,20.3,1.4,3.46,17.4,0.4,3.2,17.3,0.2,3.62
2013-08-18,19.1,1.3,3.32,16.2,1.7,3.08,16.0,2.0,3.3
2013-08-19,18.5,1.4,3.54,15.6,1.9,3.1,14.7,2.7,3.1
2013-08-20,18.5,0.0,4.13,15.6,0.0,3.97,14.9,0.0,4.28
2013-08-21,18.6,0.0,4.11,15.5,0.0,3.79,15.0,0.0,3.98
2013-08-22,19.7,0.0,4.85,16.7,0.0,4.6,16.9,0.0,4.87
2013-08-23,20.9,0.0,4.8,17.8,0.0,4.46,18.1,0.0,4.64
2013-08-24,19.2,0.7,3.82,16.1,1.0,3.67,15.7,1.3,3.86
2013-08-25,19.2,0.0,4.98,16.3,0.0,4.62,15.3,0.0,4.45
2013-08-26,19.5,0.0,4.89,16.5,0.0,4.52,15.5,0.0,4.54
2013-08-27,19.7,0.0,5.16,16.5,0.0,4.81,15.7,0.0,4.72
2013-08-28,20.4,0.0,5.21,17.0,0.0,4.8,16.6,0.0,4.79
2013-08-29,22.2,0.0,5.57,19.5,0.0,5.2,18.7,0.0,5.14
2013-08-30,22.5,0.0,5.2,19.5,0.0,4.83,19.4,0.0,4.97
2013-08-31,19.6,1.2,3.1,16.5,2.5,3.04,17.2,1.2,3.49
2013-09-01,15.4,3.8,1.75,12.2,4.0,1.57,13.6,1.5,1.89
2013-09-02,17.0,0.0,2.84,13.9,0.0,2.75,14.9,0.0,3.3
2013-09-03,18.4,0.0,4.04,15.4,0.0,3.69,14.8,0.0,3.72
2013-09-04,15.4,9.9,3.03,12.6,10.1,2.94,12.4,6.6,3.46
2013-09-05,12.7,0.0,3.03,10.1,0.0,2.75,8.4,0.0,2.7
2013-09-06,14.0,0.0,3.57,11.4,0.0,3.38,10.5,0.0,3.61
2013-09-07,15.4,0.0,4.03,12.6,0.0,3.76,11.7,0.0,3.86
2013-09-08,15.3,0.0,3.64,12.3,0.0,3.37,11.8,0.0,3.55
2013-09-09,12.9,0.2,2.5,9.9,0.2,2.25,9.3,0.2,2.41
2013-09-10,14.8,0.0,3.97,11.8,0.0,3.69,11.2,0.0,3.73
2013-09-11,16.2,0.0,4.05,13.5,0.0,3.81,12.9,0.0,3.89
2013-09-12,17.7,0.0,4.27,15.1,0.0,4.02,13.9,0.0,4.02
2013-09-13,20.4,0.0,4.84,18.2,0.0,4.52,16.8,0.0,4.33
2013-09-14,22.2,0.0,5.45,19.6,0.0,5.06,18.8,0.0,5.15
2013-09-15,18.0,0.4,3.42,14.7,0.5,3.13,15.2,0.4,3.39
2013-09-16,17.2,0.0,3.85,14.2,0.0,3.59,13.6,0.0,3.59
2013-09-17,15.3,5.8,2.27,13.0,7.8,2.24,12.0,5.8,2.65
2013-09-18,17.2,0.3,3.1,14.4,2.9,2.74,11.8,5.8,2.38
2013-09-19,17.9,7.1,3.0,14.9,10.8,2.69,12.8,10.4,2.45
2013-09-20,17.5,4.8,2.94,14.9,5.7,2.76,13.4,4.9,2.68
2013-09-21,14.5,10.0,1.24,11.5,12.0,1.2,11.9,12.2,1.62
2013-09-22,10.7,0.0,0.74,7.8,0.1,0.7,7.9,0.0,0.8
2013-09-23,11.0,0.0,1.82,8.1,0.0,1.53,6.5,0.0,1.2
2013-09-24,12.5,0.0,3.25,10.1,0.0,2.95,7.3,0.0,2.73
2013-09-25,14.9,0.0,3.08,12.3,0.0,2.66,9.4,0.0,2.34
2013-09-26,15.1,0.0,3.43,12.6,0.0,3.21,10.5,0.0,3.03
2013-09-27,15.7,0.0,3.76,12.6,0.0,3.46,11.5,0.0,3.49
2013-09-28,13.3,0.0,1.76,10.0,0.1,1.72,9.3,0.1,2.1
2013-09-29,13.6,0.1,2.87,10.9,0.1,2.61,9.5,0.5,2.47
2013-09-30,15.6,0.0,3.55,13.2,0.0,3.29,11.0,0.0,3.11
2013-10-01,18.1,0.0,4.69,15.4,0.0,4.29,12.9,0.0,3.93
2013-10-02,14.8,15.4,2.17,12.2,13.3,2.06,11.1,4.8,2.32
2013-10-03,9.7,34.4,0.42,6.7,34.7,0.46,6.6,24.9,0.61
2013-10-04,4.2,7.5,0.84,1.2,7.8,0.79,1.0,5.5,0.92
2013-10-05,4.2,0.1,1.72,1.4,0.4,1.51,0.1,0.6,1.43
2013-10-06,3.7,1.9,1.28,0.9,2.4,1.14,-0.3,1.3,1.17
2013-10-07,4.1,0.0,1.48,1.4,0.0,1.28,0.3,0.0,1.26
2013-10-08,6.6,0.0,2.16,3.2,0.0,1.92,2.1,0.0,1.91
2013-10-09,9.2,0.0,2.67,6.2,0.0,2.49,5.7,0.0,2.57
2013-10-10,12.3,0.0,2.9,9.7,0.0,2.76,9.3,0.0,2.9
2013-10-11,13.5,0.0,3.01,11.1,0.0,2.88,10.6,0.0,2.93
2013-10-12,12.2,0.0,2.76,9.6,0.0,2.56,8.6,0.0,2.59
2013-10-13,9.5,0.0,1.52,6.5,0.0,1.34,5.3,0.0,1.44
2013-10-14,9.9,0.0,1.31,6.9,0.0,1.23,6.2,0.0,1.5
2013-10-15,12.6,0.0,2.45,9.8,0.0,2.34,8.8,0.0,2.45
2013-10-16,12.3,0.0,2.9,10.3,0.0,2.79,8.3,0.0,2.85
2013-10-17,13.9,0.0,3.94,10.8,0.0,3.42,8.9,0.0,3.17
2013-10-18,15.1,6.8,3.56,11.7,6.1,3.11,10.1,3.8,2.98
2013-10-19,9.0,6.1,1.43,6.2,7.4,1.28,4.5,8.7,1.08
2013-10-20,6.2,0.2,1.33,3.5,0.2,1.23,2.2,0.2,1.26
2013-10-21,8.9,0.0,2.14,5.9,0.0,1.99,5.3,0.0,1.98
2013-10-22,10.2,0.0,2.45,7.4,0.0,2.28,7.4,0.0,2.28
2013-10-23,9.7,0.0,2.23,7.0,0.0,2.04,6.3,0.0,2.01
2013-10-24,8.3,0.4,1.28,5.4,0.2,1.2,4.1,0.2,1.33
2013-10-25,9.3,0.0,1.99,6.3,0.0,1.88,5.1,0.0,1.96
2013-10-26,8.8,0.0,1.4,5.3,0.0,1.15,4.8,0.0,1.21
2013-10-27,8.7,0.0,1.75,5.1,0.0,1.63,4.1,0.0,1.69
2013-10-28,8.8,0.0,2.15,6.1,0.0,2.01,5.1,0.0,1.99
2013-10-29,10.2,0.0,2.18,7.9,0.0,2.06,7.1,0.0,2.05
2013-10-30,11.5,0.0,2.23,9.2,0.0,2.11,8.3,0.0,2.08
2013-10-31,11.3,0.0,2.15,9.2,0.0,2.02,7.9,0.0,2.0
2013-11-01,10.5,0.0,1.85,7.9,0.0,1.73,7.0,0.0,1.77
2013-11-02,10.4,0.0,2.02,8.2,0.0,1.91,6.9,0.0,1.88
2013-11-03,9.7,0.0,2.08,7.7,0.0,1.98,6.1,0.0,1.98
2013-11-04,9.9,0.0,2.22,7.4,0.0,2.14,5.8,0.0,2.08
2013-11-05,9.9,0.0,2.04,7.1,0.0,1.82,4.8,0.0,1.66
2013-11-06,11.1,0.0,2.51,8.4,0.0,2.24,5.7,0.0,1.82
2013-11-07,11.6,5.8,1.8,9.2,3.6,1.66,7.1,0.7,1.63
2013-11-08,7.1,4.7,0.48,4.0,6.1,0.44,4.0,6.4,0.47
2013-11-09,7.0,0.0,0.59,3.4,0.0,0.57,3.8,0.0,0.81
2013-11-10,8.8,0.0,1.66,6.5,0.0,1.52,5.2,0.0,1.4
2013-11-11,9.3,0.0,1.65,6.6,0.0,1.5,5.0,0.0,1.25
2013-11-12,8.3,0.0,1.65,6.1,0.0,1.56,4.9,0.0,1.42
2013-11-13,8.9,0.0,1.42,5.9,0.0,1.28,5.4,0.0,1.27
2013-11-14,7.6,0.0,1.49,5.1,0.0,1.38,4.7,0.0,1.38
2013-11-15,7.4,0.0,0.91,4.3,0.0,0.87,3.9,0.0,1.11
2013-11-16,7.1,0.0,1.14,4.0,0.0,1.12,4.0,0.0,1.27
2013-11-17,5.6,0.0,0.88,2.6,0.0,0.86,3.0,0.0,1.08
2013-11-18,6.7,0.0,1.25,4.0,0.0,1.23,3.1,0.0,1.28
2013-11-19,7.6,0.0,1.49,5.4,0.0,1.47,2.9,0.0,1.46
2013-11-20,7.3,0.0,1.47,5.1,0.0,1.4,3.5,0.0,1.37
2013-11-21,6.7,0.0,1.53,4.6,0.0,1.45,3.4,0.0,1.43
2013-11-22,6.6,0.0,1.38,4.1,0.0,1.33,3.0,0.0,1.32
2013-11-23,7.8,0.0,1.52,5.1,0.0,1.46,2.7,0.0,1.36
2013-11-24,8.3,0.0,1.54,5.2,0.0,1.41,2.9,0.0,1.26
2013-11-25,8.9,0.0,1.57,5.6,0.0,1.4,4.0,0.0,1.12
2013-11-26,8.5,5.8,0.87,5.6,3.9,0.84,4.9,1.9,0.75
2013-11-27,7.1,13.1,0.43,4.4,13.6,0.39,3.1,14.0,0.3
2013-11-28,5.2,0.0,1.04,3.0,0.3,1.0,1.5,0.1,0.9
2013-11-29,2.9,5.4,0.7,0.5,5.3,0.67,-1.4,4.2,0.59
2013-11-30,1.0,0.4,0.83,-1.5,0.6,0.76,-3.1,0.1,0.75
2013-12-01,2.7,0.0,1.39,-0.4,0.0,1.3,-1.0,0.0,1.38
2013-12-02,5.1,0.8,1.08,1.6,0.9,0.95,0.8,1.5,1.03
2013-12-03,-0.6,7.9,0.56,-3.4,8.4,0.48,-4.4,8.2,0.44
2013-12-04,-2.2,0.0,0.88,-5.5,0.0,0.79,-8.1,0.0,0.71
2013-12-05,1.2,0.0,1.19,-1.7,0.0,1.11,-4.4,0.0,1.01
2013-12-06,0.1,0.0,1.12,-2.6,0.0,1.0,-6.4,0.0,0.83
2013-12-07,0.5,6.2,0.88,-2.9,5.7,0.71,-5.5,4.7,0.62
2013-12-08,-3.2,12.7,0.74,-5.7,13.6,0.64,-7.8,14.1,0.52
2013-12-09,-5.6,0.0,0.9,-7.8,0.0,0.8,-14.3,0.0,0.51
2013-12-10,-4.4,9.9,0.41,-7.5,10.0,0.37,-11.9,9.0,0.31
2013-12-11,-8.0,1.1,0.46,-10.5,1.6,0.4,-12.1,0.7,0.36
2013-12-12,-9.3,4.5,0.38,-11.7,4.1,0.34,-13.8,1.6,0.34
2013-12-13,-7.9,1.1,0.52,-10.5,1.0,0.49,-13.7,0.3,0.43
2013-12-14,-9.3,0.0,0.58,-11.9,0.0,0.55,-14.2,0.0,0.54
2013-12-15,-6.0,0.0,0.55,-8.5,0.0,0.51,-10.6,0.0,0.48
2013-12-16,-4.7,0.0,0.68,-7.4,0.0,0.64,-10.4,0.0,0.6
2013-12-17,-2.8,0.0,0.46,-6.3,0.0,0.41,-8.6,0.0,0.41
2013-12-18,-2.8,0.0,0.68,-6.5,0.0,0.61,-9.6,0.0,0.59
2013-12-19,-7.1,0.0,0.83,-9.6,0.0,0.75,-11.7,0.0,0.69
2013-12-20,-8.3,0.0,0.79,-10.5,0.0,0.75,-11.0,0.0,0.77
2013-12-21,-6.7,0.0,0.86,-9.4,0.0,0.8,-9.7,0.0,0.78
2013-12-22,-4.1,0.0,0.89,-6.8,0.0,0.81,-8.4,0.0,0.75
2013-12-23,-7.6,0.0,0.81,-9.8,0.0,0.77,-10.2,0.0,0.75
2013-12-24,-8.6,0.0,0.83,-10.1,0.0,0.86,-9.9,0.0,0.92
2013-12-25,-5.7,0.0,0.81,-9.2,0.0,0.78,-9.3,0.0,0.84
2013-12-26,-1.2,0.0,1.01,-5.0,0.0,0.97,-5.9,0.0,0.92
2013-12-27,-2.6,0.0,1.04,-4.6,0.0,1.11,-6.2,0.0,1.0
2013-12-28,-2.7,0.0,1.0,-5.4,0.0,0.98,-7.4,0.0,0.91
2013-12-29,0.2,0.0,1.09,-2.4,0.0,1.09,-4.7,0.0,0.96
2013-12-30,2.1,0.1,1.01,-0.3,0.3,1.03,-2.5,0.4,0.84
2013-12-31,2.1,0.0,0.72,-0.4,0.0,0.67,-1.3,0.0,0.74
2014-01-01,1.7,0.0,0.79,-1.6,0.0,0.72,-4.1,0.0,0.68
2014-01-02,-1.7,0.0,0.91,-4.1,0.0,0.85,-9.5,0.0,0.71
2014-01-03,-1.3,0.0,0.75,-3.8,0.0,0.71,-8.4,0.0,0.67
2014-01-04,-0.1,0.0,0.88,-2.7,0.0,0.81,-7.2,0.0,0.7
2014-01-05,0.6,0.0,1.02,-2.0,0.0,0.96,-9.1,0.0,0.77
2014-01-06,0.5,0.0,1.03,-2.3,0.0,0.97,-9.1,0.0,0.81
2014-01-07,1.0,0.0,1.12,-2.0,0.0,1.03,-7.5,0.0,0.92
2014-01-08,2.0,0.0,1.05,-1.4,0.0,0.97,-5.1,0.0,0.88
2014-01-09,-0.1,0.0,1.23,-2.4,0.0,1.16,-6.8,0.0,0.93
2014-01-10,-0.7,0.0,1.27,-3.0,0.0,1.2,-6.0,0.0,1.03
2014-01-11,-0.5,0.0,1.11,-3.1,0.0,1.04,-6.4,0.0,0.94
2014-01-12,0.2,0.0,1.09,-2.0,0.0,0.97,-5.5,0.0,0.9
2014-01-13,1.2,0.5,0.86,-1.8,0.5,0.68,-4.4,1.1,0.6
2014-01-14,1.7,0.0,1.13,-0.6,0.0,1.0,-4.1,0.0,0.89
2014-01-15,1.6,0.0,1.36,-0.3,0.0,1.35,-4.8,0.0,1.08
2014-01-16,2.2,0.0,1.43,-1.0,0.0,1.25,-5.4,0.0,0.85
2014-01-17,4.0,0.0,1.26,1.0,0.0,1.14,-2.8,0.0,0.95
2014-01-18,3.3,0.0,1.3,0.5,0.0,1.19,-2.1,0.0,1.02
2014-01-19,4.3,0.0,1.07,1.2,0.0,0.98,-1.6,0.0,0.86
2014-01-20,3.9,0.0,1.55,0.9,0.0,1.43,-2.0,0.0,1.17
2014-01-21,3.9,0.0,1.43,1.1,0.0,1.38,-2.8,0.0,1.14
2014-01-22,4.0,2.2,1.28,0.8,3.6,1.11,-2.2,5.2,0.79
2014-01-23,2.2,0.5,1.09,-0.2,1.0,1.0,-3.1,1.3,0.83
2014-01-24,1.9,2.0,0.86,-0.6,1.8,0.83,-3.7,3.3,0.8
2014-01-25,3.0,5.4,1.17,-0.2,4.5,1.03,-3.7,2.5,0.78
2014-01-26,5.0,5.6,0.97,1.7,5.6,0.82,0.3,7.7,0.67
2014-01-27,6.1,1.1,1.74,2.5,1.1,1.38,-0.1,1.4,0.91
2014-01-28,4.2,1.6,1.36,1.5,0.7,1.25,-1.9,0.0,1.03
2014-01-29,4.7,2.5,1.34,1.8,1.9,1.12,-1.8,1.7,0.76
2014-01-30,2.6,3.8,1.11,0.2,4.1,1.02,-2.2,5.3,0.9
2014-01-31,0.9,0.1,0.86,-1.7,0.2,0.8,-4.3,0.1,0.8
2014-02-01,-0.5,0.0,0.82,-3.4,0.0,0.78,-6.5,0.0,0.79
2014-02-02,-0.8,0.0,0.91,-4.1,0.0,0.82,-8.1,0.0,0.77
2014-02-03,-1.6,0.0,1.12,-4.9,0.0,1.01,-9.9,0.0,0.82
2014-02-04,-1.6,0.0,0.85,-4.9,0.0,0.75,-9.6,0.0,0.71
2014-02-05,0.5,0.0,1.42,-3.2,0.0,1.28,-7.4,0.0,1.12
2014-02-06,1.0,0.0,1.64,-2.2,0.0,1.51,-6.5,0.0,1.34
2014-02-07,1.4,0.0,1.69,-1.4,0.0,1.59,-6.1,0.0,1.4
2014-02-08,1.4,0.0,1.76,-1.4,0.0,1.63,-5.3,0.0,1.42
2014-02-09,3.4,0.0,2.01,0.5,0.0,1.85,-5.1,0.0,1.48
2014-02-10,2.6,6.3,0.83,-0.2,5.1,0.85,-4.4,4.8,0.79
2014-02-11,3.5,3.7,1.6,0.6,3.0,1.48,-2.1,4.0,1.33
2014-02-12,3.9,0.0,2.0,0.4,0.0,1.83,-3.8,0.0,1.47
2014-02-13,5.1,0.0,2.32,1.4,0.0,2.07,-3.7,0.0,1.59
2014-02-14,6.2,0.0,2.4,2.5,0.0,2.0,-1.8,0.0,1.5
2014-02-15,5.2,0.6,1.53,2.5,0.5,1.37,-2.3,1.3,1.01
2014-02-16,3.2,2.5,0.78,0.4,2.3,0.72,-1.4,2.4,0.78
2014-02-17,4.3,0.0,1.77,1.7,0.0,1.61,-0.9,0.0,1.38
2014-02-18,6.0,0.0,2.26,3.3,0.0,2.07,-0.7,0.0,1.68
2014-02-19,7.4,0.0,1.89,4.8,0.0,1.71,2.5,0.3,1.47
2014-02-20,6.7,0.0,2.5,4.0,0.0,2.32,2.0,0.0,2.19
2014-02-21,6.7,0.0,2.08,4.3,0.0,2.01,2.3,0.0,2.01
2014-02-22,8.1,0.0,2.26,5.5,0.0,2.13,2.7,0.0,2.0
2014-02-23,7.4,0.0,2.38,5.0,0.0,2.29,2.0,0.1,1.97
2014-02-24,7.7,0.0,2.57,5.1,0.0,2.3,2.0,0.5,1.92
2014-02-25,6.4,4.7,1.3,3.6,5.8,1.16,0.7,6.3,0.86
2014-02-26,3.8,8.1,0.77,1.0,7.2,0.75,-0.3,5.3,0.87
2014-02-27,2.9,5.8,1.4,0.6,5.3,1.33,-1.0,4.5,1.35
2014-02-28,3.6,0.2,1.39,1.4,0.2,1.25,-1.3,0.3,1.08
2014-03-01,4.2,0.0,2.39,2.0,0.0,2.24,0.0,0.0,2.06
2014-03-02,7.0,0.4,2.25,3.3,0.2,1.82,1.6,0.2,1.48
2014-03-03,8.4,0.8,2.04,4.9,0.1,1.76,3.3,0.0,1.45
2014-03-04,7.3,8.5,1.81,4.9,8.9,1.74,2.7,4.8,1.63
2014-03-05,7.0,0.0,2.58,4.8,0.0,2.4,2.3,0.0,1.96
2014-03-06,6.9,15.2,1.63,4.6,13.7,1.51,2.0,7.7,1.27
2014-03-07,7.3,6.9,1.81,4.8,6.0,1.69,3.1,1.8,1.7
2014-03-08,10.6,1.2,2.91,7.6,1.0,2.51,5.4,1.5,2.11
2014-03-09,11.7,1.4,2.62,8.8,0.9,2.49,7.0,0.2,2.47
2014-03-10,8.3,7.3,0.63,6.1,6.0,0.73,5.0,3.4,0.88
2014-03-11,7.3,12.7,1.59,4.6,13.0,1.45,2.3,13.4,1.12
2014-03-12,2.6,5.9,0.92,-0.0,6.0,0.9,-1.3,5.6,1.08
2014-03-13,-0.8,5.2,1.19,-3.6,5.7,1.06,-5.5,4.9,1.06
2014-03-14,-0.2,0.0,1.18,-3.4,0.0,1.1,-4.3,0.0,1.39
2014-03-15,3.6,0.0,2.49,0.6,0.0,2.29,-2.0,0.0,2.12
2014-03-16,6.4,0.3,3.09,3.4,0.4,2.74,0.9,0.3,2.4
2014-03-17,6.3,9.0,1.7,3.4,9.7,1.47,1.0,11.4,1.28
2014-03-18,5.6,0.3,2.65,3.0,0.5,2.42,-0.0,0.6,2.12
2014-03-19,6.9,0.0,2.75,4.5,0.0,2.55,2.1,0.1,2.35
2014-03-20,6.0,4.3,2.4,3.1,4.3,2.19,2.0,3.1,2.18
2014-03-21,4.1,0.0,1.74,1.1,0.0,1.59,0.1,0.0,1.81
2014-03-22,7.4,0.0,3.17,4.4,0.0,2.96,3.6,0.0,2.99
2014-03-23,10.0,0.0,3.49,7.8,0.0,3.32,5.8,0.0,3.28
2014-03-24,10.7,0.0,3.49,8.5,0.0,3.37,6.2,0.0,3.22
2014-03-25,11.2,0.0,3.83,8.5,0.0,3.6,6.2,0.0,3.31
2014-03-26,10.7,0.1,3.09,8.7,0.0,2.86,5.1,6.5,2.29
2014-03-27,9.5,0.1,3.3,7.3,0.4,3.07,4.5,0.2,2.74
2014-03-28,9.9,3.0,2.96,7.1,3.1,2.69,5.1,2.6,2.46
2014-03-29,6.3,9.5,2.17,3.9,9.3,1.97,2.7,8.7,1.76
2014-03-30,-3.9,3.2,1.39,-6.8,3.8,1.11,-8.8,3.6,0.95
2014-03-31,1.8,0.0,2.64,-1.7,0.0,2.35,-3.9,0.0,2.25
2014-04-01,6.1,0.0,3.32,3.6,0.0,3.06,1.5,0.0,2.79
2014-04-02,6.6,0.6,2.87,3.7,0.4,2.61,1.2,0.1,2.48
2014-04-03,5.0,0.5,2.06,2.1,1.0,1.93,0.7,1.4,2.01
2014-04-04,6.6,0.0,3.42,4.3,0.0,3.19,2.2,0.0,2.99
2014-04-05,9.7,0.1,3.78,6.9,0.0,3.52,5.6,0.1,3.25
2014-04-06,10.5,4.3,2.62,8.1,4.6,2.47,6.9,4.5,2.36
2014-04-07,12.2,1.5,3.44,9.9,1.8,3.24,7.4,1.2,3.04
2014-04-08,8.3,2.7,2.61,5.9,2.8,2.46,5.0,3.1,2.66
2014-04-09,7.7,0.0,2.82,4.8,0.0,2.61,3.4,0.1,2.46
2014-04-10,8.7,3.6,3.09,6.1,6.5,2.76,4.3,7.6,2.4
2014-04-11,10.6,0.2,3.69,7.9,0.0,3.44,5.6,1.1,3.17
2014-04-12,11.8,1.3,3.69,9.5,1.5,3.42,6.0,2.3,3.03
2014-04-13,9.3,5.1,2.67,6.6,4.2,2.51,5.5,1.7,2.41
2014-04-14,9.7,0.8,3.13,7.3,0.6,3.07,6.3,0.9,3.23
2014-04-15,10.8,1.4,2.92,8.3,2.9,2.85,6.0,5.0,2.58
2014-04-16,11.2,3.8,3.35,8.5,4.4,2.98,6.2,3.1,2.41
2014-04-17,13.4,1.9,3.95,10.7,1.3,3.65,8.3,0.2,3.28
2014-04-18,14.9,0.0,4.41,12.2,0.6,4.02,9.5,1.0,3.56
2014-04-19,13.4,6.8,3.71,10.9,5.0,3.48,9.0,2.4,3.33
2014-04-20,11.5,0.9,4.01,9.2,1.2,3.64,8.3,2.2,3.25
2014-04-21,9.4,6.6,2.0,6.8,8.1,1.91,5.7,12.5,2.13
2014-04-22,10.9,0.0,3.74,8.2,0.0,3.44,6.3,0.0,3.12
2014-04-23,11.9,0.0,3.65,9.4,0.2,3.38,7.8,2.0,3.13
2014-04-24,13.6,0.0,4.45,10.9,0.0,4.14,9.3,0.0,3.91
2014-04-25,15.9,3.1,3.56,13.3,3.0,3.38,11.2,2.4,3.26
2014-04-26,14.4,2.9,3.83,12.1,2.4,3.71,11.0,1.7,3.85
2014-04-27,15.5,0.0,4.2,12.8,0.1,3.95,11.4,0.0,3.83
2014-04-28,15.0,3.2,4.39,13.2,2.1,4.34,11.0,2.0,4.37
2014-04-29,11.6,8.6,2.74,9.3,7.4,2.66,7.6,4.2,2.88
2014-04-30,13.1,1.0,4.24,10.5,0.5,4.03,8.3,0.0,3.88
2014-05-01,11.3,6.3,3.36,9.2,5.4,3.31,7.5,4.1,3.33
2014-05-02,11.1,5.6,3.45,8.7,6.1,3.13,6.7,5.9,3.0
2014-05-03,11.1,2.7,3.69,8.7,4.5,3.45,6.6,5.3,3.1
2014-05-04,13.7,0.1,3.68,11.1,0.1,3.33,9.2,0.1,3.1
2014-05-05,16.8,0.7,4.0,14.3,0.5,3.97,13.5,0.2,4.68
2014-05-06,13.8,12.6,2.03,11.5,11.9,2.23,11.4,20.3,2.74
2014-05-07,9.8,1.4,1.27,6.6,1.7,1.24,7.6,2.3,1.66
2014-05-08,13.8,10.3,3.7,10.9,9.9,3.59,11.6,2.7,3.78
2014-05-09,15.9,0.7,4.3,13.4,0.6,3.88,11.8,0.0,3.33
2014-05-10,15.2,0.3,4.46,13.0,0.4,4.14,10.6,0.2,3.88
2014-05-11,14.4,0.1,4.24,12.3,0.1,4.07,10.1,1.3,3.95
2014-05-12,14.4,0.4,4.58,12.2,0.6,4.43,10.6,0.6,4.39
2014-05-13,14.0,1.4,3.96,11.7,1.3,3.77,10.0,0.9,3.6
2014-05-14,14.4,0.0,4.36,11.8,0.0,3.96,9.7,0.0,3.67
2014-05-15,17.2,0.0,5.2,14.8,0.0,5.02,12.9,0.1,4.8
2014-05-16,19.5,0.0,5.43,17.0,0.0,5.36,14.5,0.6,5.17
2014-05-17,19.0,0.0,5.9,16.7,0.0,5.69,15.8,0.0,5.49
2014-05-18,12.9,2.5,2.34,9.9,2.0,2.18,10.7,1.7,2.73
2014-05-19,9.2,8.0,1.98,6.1,11.2,1.66,5.0,12.5,1.49
2014-05-20,10.4,0.0,1.86,7.4,0.0,1.57,6.0,0.0,1.51
2014-05-21,12.2,1.0,2.28,9.4,1.7,2.27,8.2,4.2,2.52
2014-05-22,13.3,9.1,3.43,10.5,12.0,3.03,9.2,9.2,2.94
2014-05-23,14.2,11.2,3.66,11.7,11.0,3.42,10.1,8.3,3.36
2014-05-24,14.1,15.7,3.24,11.7,15.6,3.18,10.4,10.1,3.3
2014-05-25,13.3,9.4,2.34,10.4,7.9,2.21,9.1,5.9,2.38
2014-05-26,14.0,0.6,3.6,11.1,0.6,3.25,9.8,0.4,3.03
2014-05-27,14.6,0.1,3.66,11.8,0.1,3.3,10.1,0.8,3.12
2014-05-28,15.8,1.3,4.65,13.1,0.6,4.43,11.4,0.4,4.12
2014-05-29,17.4,0.0,5.07,15.1,0.0,4.88,13.1,0.0,4.65
2014-05-30,17.6,8.3,4.57,15.2,6.3,4.39,14.3,0.4,4.54
2014-05-31,18.9,2.8,4.99,16.5,2.5,4.72,15.2,3.2,4.73
2014-06-01,15.0,5.9,2.58,12.5,5.2,2.75,13.0,1.7,3.8
2014-06-02,13.3,8.0,2.01,10.8,7.3,2.17,10.3,8.9,3.0
2014-06-03,13.0,7.7,2.66,10.4,7.8,2.54,9.2,5.4,2.69
2014-06-04,16.4,0.0,5.08,13.9,0.0,4.86,11.9,0.0,4.57
2014-06-05,17.9,2.3,4.56,15.2,3.6,4.28,13.1,3.6,4.05
2014-06-06,15.4,5.0,3.63,13.0,6.6,3.54,11.2,12.0,3.51
2014-06-07,14.6,9.1,3.54,12.1,8.2,3.48,10.8,9.1,3.45
2014-06-08,15.3,7.1,3.45,12.6,6.8,3.4,11.6,5.8,3.78
2014-06-09,17.0,2.6,3.92,13.8,3.0,3.77,12.6,6.7,3.93
2014-06-10,16.7,1.2,4.12,13.6,1.7,3.88,12.9,2.3,3.88
2014-06-11,16.5,0.1,4.51,13.4,0.0,4.22,12.0,0.5,4.16
2014-06-12,13.6,6.5,3.1,10.7,4.9,2.85,9.5,1.7,2.91
2014-06-13,13.6,0.0,2.92,10.9,0.4,2.66,9.6,0.3,2.8
2014-06-14,16.4,0.0,5.22,13.7,0.0,4.93,12.3,0.0,4.83
2014-06-15,18.1,0.0,5.1,15.8,0.0,4.94,14.5,0.1,4.99
2014-06-16,18.0,0.0,4.95,15.1,0.6,4.69,14.2,0.8,4.74
2014-06-17,18.1,0.0,4.78,14.8,0.1,4.45,14.2,1.2,4.4
2014-06-18,18.6,0.0,5.08,15.6,0.0,4.88,14.2,0.0,4.92
2014-06-19,19.5,0.6,5.34,16.7,0.4,5.04,15.0,0.0,4.96
2014-06-20,21.5,0.1,6.19,19.0,0.0,5.82,17.4,0.6,5.85
2014-06-21,18.1,2.4,4.91,15.6,1.7,4.57,14.1,0.7,4.45
2014-06-22,16.6,0.5,4.55,13.7,0.0,4.3,12.6,0.0,4.41
2014-06-23,14.9,0.6,2.83,11.7,0.2,2.54,11.0,0.0,2.71
2014-06-24,14.8,0.0,3.88,11.3,0.0,3.23,11.3,0.0,3.23
2014-06-25,16.9,0.0,4.89,13.5,0.0,4.31,12.9,0.0,4.29
2014-06-26,19.6,0.0,5.89,16.7,0.0,5.52,14.8,0.0,5.28
2014-06-27,22.1,0.0,5.9,19.6,0.0,5.46,17.4,0.0,5.0
2014-06-28,20.8,0.7,5.13,18.1,0.6,4.92,17.3,0.2,5.02
2014-06-29,18.2,0.0,3.9,14.7,0.0,3.54,14.9,0.0,3.98
2014-06-30,19.4,0.0,5.85,16.0,0.0,5.4,15.8,0.0,5.44
2014-07-01,21.4,0.0,6.46,18.8,0.0,6.03,18.1,0.0,5.9
2014-07-02,19.7,0.0,5.75,16.3,0.0,5.27,16.1,0.0,5.52
2014-07-03,19.1,0.0,5.4,15.3,0.0,4.9,15.5,0.0,5.18
2014-07-04,17.8,0.0,3.36,14.3,0.0,3.13,15.1,0.0,3.94
2014-07-05,15.9,8.5,0.99,13.2,6.3,1.18,14.4,2.3,2.2
2014-07-06,16.9,4.6,2.73,13.9,4.4,2.51,13.7,2.9,2.47
2014-07-07,18.0,0.0,4.24,15.0,0.0,3.79,14.3,0.0,3.66
2014-07-08,17.9,0.0,5.12,15.0,0.0,4.73,13.8,0.0,4.62
2014-07-09,18.8,0.0,5.45,15.9,0.0,5.09,14.9,0.0,5.01
2014-07-10,21.5,0.0,6.12,18.9,0.0,5.81,17.3,0.0,5.68
2014-07-11,24.5,0.0,6.57,22.1,0.0,6.11,20.5,0.0,6.0
2014-07-12,25.4,0.0,6.22,22.9,0.0,5.95,22.1,0.4,6.05
2014-07-13,20.9,0.0,5.19,17.7,0.0,4.63,17.8,0.0,4.65
2014-07-14,19.1,0.0,3.02,15.8,0.0,2.65,15.7,0.1,2.89
2014-07-15,21.1,0.0,4.72,17.8,0.0,4.2,17.8,0.0,4.42
2014-07-16,23.8,0.0,5.65,20.6,0.0,5.29,21.6,0.0,5.61
2014-07-17,22.6,0.0,4.0,19.4,0.0,4.04,20.8,0.0,4.95
2014-07-18,22.1,0.0,5.19,18.7,0.0,4.73,18.8,0.2,4.88
2014-07-19,21.4,0.1,4.99,18.0,0.0,4.65,18.1,0.0,4.96
2014-07-20,19.3,0.2,3.25,15.9,0.0,2.69,15.7,0.5,2.79
2014-07-21,18.5,1.2,3.65,15.5,1.9,3.41,14.8,0.9,3.57
2014-07-22,20.1,1.7,4.19,17.1,1.5,3.92,16.6,0.0,4.02
2014-07-23,22.7,0.0,6.1,19.8,0.0,5.7,19.2,0.0,5.73
2014-07-24,24.8,0.0,6.27,22.2,0.0,5.96,21.4,0.0,5.93
2014-07-25,22.1,0.0,4.68,18.5,0.0,4.22,19.1,0.0,4.51
2014-07-26,21.3,1.2,3.35,18.2,1.1,3.32,19.1,0.3,4.18
2014-07-27,20.8,1.3,2.65,17.7,1.6,2.76,18.5,1.8,3.77
2014-07-28,21.5,0.0,4.84,18.5,0.0,4.45,17.4,0.8,4.22
2014-07-29,22.0,0.0,5.85,19.2,0.0,5.46,17.9,0.0,5.4
2014-07-30,22.3,0.2,5.56,19.5,0.0,5.22,18.3,0.0,5.29
2014-07-31,22.8,0.0,5.57,19.6,0.0,5.23,18.9,0.0,5.37
2014-08-01,24.3,0.0,6.19,21.6,0.0,5.86,20.4,0.0,5.82
2014-08-02,26.0,0.0,6.36,23.4,0.0,5.91,22.1,0.0,5.8
2014-08-03,23.5,0.0,5.17,20.2,0.6,4.79,20.6,0.9,4.98
2014-08-04,22.1,1.4,4.62,18.7,1.5,4.25,18.6,1.6,4.38
2014-08-05,19.2,8.2,2.86,16.0,7.7,2.57,15.5,8.8,2.73
2014-08-06,19.5,0.2,3.98,16.5,0.3,3.58,14.9,0.9,3.37
2014-08-07,21.1,0.0,5.6,18.5,0.0,5.28,16.8,0.0,5.14
2014-08-08,21.1,0.0,5.18,18.0,0.0,4.77,17.6,0.0,4.85
2014-08-09,20.5,0.2,4.57,17.2,0.1,4.19,17.0,0.0,4.3
2014-08-10,19.4,0.7,3.54,16.5,0.6,3.33,15.9,0.5,3.44
2014-08-11,20.2,0.1,3.63,17.3,0.0,3.55,17.0,0.0,4.09
2014-08-12,20.8,0.0,4.13,17.6,0.0,3.86,17.3,0.0,4.2
2014-08-13,20.8,0.0,4.69,17.4,0.0,4.23,17.3,0.0,4.33
2014-08-14,23.2,0.0,5.19,19.8,0.0,4.83,20.6,0.0,5.11
2014-08-15,25.6,1.3,5.49,22.8,1.3,5.08,22.3,1.2,5.06
2014-08-16,24.8,0.0,5.85,21.6,0.0,5.42,20.9,0.0,5.25
2014-08-17,25.0,0.0,5.81,21.9,0.0,5.43,21.8,0.0,5.5
2014-08-18,23.9,10.9,3.81,21.4,8.8,3.68,22.7,1.0,4.71
2014-08-19,21.3,0.9,2.65,18.4,1.6,2.8,19.3,1.9,3.62
2014-08-20,21.5,0.2,3.83,18.4,0.8,3.61,18.6,1.6,3.86
2014-08-21,22.1,0.0,4.44,19.0,0.0,4.06,19.0,0.0,4.13
2014-08-22,21.6,0.0,4.74,18.3,0.0,4.34,18.6,0.0,4.54
2014-08-23,20.2,0.0,2.47,17.2,0.0,2.65,18.1,0.2,3.56
2014-08-24,21.9,0.0,4.62,18.5,0.0,4.28,19.6,0.0,4.58
2014-08-25,23.0,0.2,4.89,19.8,0.6,4.47,20.1,1.3,4.52
2014-08-26,22.2,0.2,4.69,18.6,0.3,4.28,19.4,0.4,4.44
2014-08-27,25.5,0.0,5.3,22.8,0.0,4.95,22.1,0.1,4.97
2014-08-28,25.3,0.7,5.02,22.5,0.6,4.67,21.9,0.0,4.72
2014-08-29,20.4,0.0,2.68,17.4,0.0,2.63,18.3,0.0,3.26
2014-08-30,18.2,0.0,2.88,15.0,0.0,2.76,16.0,0.0,3.25
2014-08-31,20.0,0.0,4.69,16.5,0.0,4.37,16.8,0.0,4.53
2014-09-01,21.5,0.0,5.25,18.7,0.0,4.92,18.0,0.0,4.95
2014-09-02,22.8,0.0,5.08,20.2,0.0,4.56,20.1,0.0,4.57
2014-09-03,23.3,0.9,4.56,20.5,1.2,4.24,21.1,0.2,4.49
2014-09-04,24.1,0.0,4.83,21.2,0.0,4.54,20.4,0.3,4.42
2014-09-05,23.4,0.3,4.64,20.3,0.2,4.3,20.1,0.3,4.34
2014-09-06,24.0,0.9,4.31,21.1,0.9,4.13,22.0,0.0,4.58
2014-09-07,22.4,6.5,3.57,19.6,2.7,3.61,19.4,0.0,4.32
2014-09-08,20.6,9.0,3.03,18.0,9.3,2.94,17.7,5.0,3.28
2014-09-09,18.9,2.2,2.96,16.0,3.0,2.8,15.4,1.5,2.95
2014-09-10,18.8,3.6,3.16,15.7,4.1,2.93,15.2,3.1,3.0
2014-09-11,18.2,1.2,2.64,15.2,2.8,2.5,14.8,2.6,2.73
2014-09-12,18.5,0.0,3.58,15.5,0.0,3.35,14.6,0.2,3.32
2014-09-13,18.0,0.0,3.98,15.0,0.0,3.67,13.9,0.0,3.68
2014-09-14,17.3,0.0,3.68,14.2,0.0,3.39,13.5,0.0,3.37
2014-09-15,17.8,0.3,3.58,14.8,0.4,3.31,14.2,0.4,3.36
2014-09-16,17.4,0.3,3.13,14.5,0.6,2.95,13.6,0.3,2.96
2014-09-17,17.4,2.7,3.59,14.4,2.7,3.31,13.9,1.5,3.32
2014-09-18,15.6,17.8,2.03,12.9,15.4,1.96,12.1,9.7,2.21
2014-09-19,15.3,2.8,2.65,12.7,2.1,2.51,11.3,3.1,2.59
2014-09-20,13.8,4.9,1.9,10.9,8.8,1.67,9.6,11.2,1.43
2014-09-21,13.9,0.0,2.28,11.0,0.0,1.94,9.8,0.0,1.75
2014-09-22,15.4,0.0,3.57,13.0,0.0,3.35,11.1,0.0,3.01
2014-09-23,17.7,0.4,3.79,15.2,0.1,3.44,13.3,0.2,3.25
2014-09-24,15.2,11.3,3.39,12.7,10.8,3.02,11.3,9.6,2.66
2014-09-25,12.2,0.0,2.99,9.5,0.0,2.81,8.3,0.0,2.77
2014-09-26,12.9,0.0,3.13,10.2,0.0,2.93,8.8,0.0,2.89
2014-09-27,14.7,13.0,3.0,12.1,11.2,2.93,9.9,4.2,2.95
2014-09-28,13.6,14.4,2.11,11.1,13.8,1.92,10.1,11.6,1.56
2014-09-29,10.2,8.2,1.45,7.5,9.2,1.24,6.2,8.5,1.3
2014-09-30,9.1,0.0,1.79,6.3,0.0,1.53,5.1,0.0,1.45
2014-10-01,11.1,0.0,2.88,8.0,0.0,2.63,7.1,0.0,2.61
2014-10-02,10.7,0.0,2.71,7.2,0.0,2.47,7.1,0.0,2.65
2014-10-03,11.4,0.0,2.0,7.8,0.0,1.97,8.2,0.0,2.4
2014-10-04,13.1,0.0,2.18,10.0,0.0,2.1,10.4,0.5,2.37
2014-10-05,13.6,0.0,2.75,10.9,0.0,2.57,10.3,0.0,2.63
2014-10-06,13.9,0.3,2.28,11.5,0.3,2.21,10.3,1.3,2.27
2014-10-07,13.8,0.0,1.92,11.1,0.0,1.73,10.0,0.0,1.59
2014-10-08,13.6,0.0,2.66,10.5,0.0,2.42,10.1,0.0,2.43
2014-10-09,13.5,0.0,2.58,10.2,0.0,2.38,10.1,0.0,2.51
2014-10-10,14.1,0.0,2.7,11.1,0.0,2.54,11.2,0.0,2.69
2014-10-11,16.6,0.3,2.88,14.4,0.3,2.86,12.3,0.1,2.96
2014-10-12,14.9,5.5,2.25,12.6,5.1,2.18,10.3,1.6,2.01
2014-10-13,13.9,2.4,2.33,11.8,2.8,2.2,9.9,1.0,2.16
2014-10-14,13.2,12.4,1.94,11.2,10.5,1.94,9.4,2.2,2.02
2014-10-15,12.6,9.9,1.69,10.3,10.7,1.55,8.7,10.1,1.27
2014-10-16,11.8,0.8,2.16,9.5,3.5,1.99,7.6,3.8,1.78
2014-10-17,11.0,12.6,1.02,8.2,10.0,0.88,6.5,10.1,0.67
2014-10-18,11.0,22.5,0.88,8.4,18.6,0.8,7.0,11.8,0.7
2014-10-19,5.6,9.4,0.84,2.8,10.3,0.73,1.8,10.4,0.82
2014-10-20,4.6,0.6,1.05,1.2,0.6,0.94,1.0,0.0,1.14
2014-10-21,8.0,0.0,2.26,5.0,0.0,2.11,4.4,0.0,2.14
2014-10-22,10.7,0.0,2.85,7.5,0.0,2.63,6.2,0.0,2.48
2014-10-23,11.5,0.0,1.65,8.1,0.0,1.42,6.4,0.0,1.28
2014-10-24,11.9,0.9,1.78,9.1,0.6,1.64,7.1,0.0,1.66
2014-10-25,12.7,0.0,1.92,10.3,0.0,1.8,8.6,0.0,1.79
2014-10-26,11.6,4.2,1.77,9.5,4.8,1.7,7.5,5.2,1.63
2014-10-27,10.5,7.2,1.7,8.4,8.7,1.59,6.2,7.1,1.46
2014-10-28,10.1,5.9,1.7,7.8,5.2,1.6,6.0,0.8,1.52
2014-10-29,11.0,0.7,1.81,8.3,0.9,1.72,6.0,0.3,1.73
2014-10-30,9.7,4.7,1.29,7.2,4.5,1.18,5.0,2.0,1.15
2014-10-31,9.2,11.4,1.05,6.7,11.5,0.99,5.0,8.4,0.88
2014-11-01,6.4,20.6,0.35,3.4,20.0,0.33,2.1,17.5,0.36
2014-11-02,3.7,6.8,0.55,1.0,6.5,0.5,-0.4,6.3,0.59
2014-11-03,0.9,0.0,1.03,-1.8,0.0,0.95,-4.7,0.1,0.91
2014-11-04,2.5,0.0,1.11,-1.0,0.0,0.94,-3.2,0.0,0.8
2014-11-05,4.0,0.0,1.64,0.7,0.0,1.5,-0.4,0.0,1.5
2014-11-06,5.0,0.0,1.7,2.0,0.0,1.6,1.3,0.0,1.65
2014-11-07,5.5,0.0,1.79,2.7,0.0,1.7,1.7,0.0,1.76
2014-11-08,6.2,0.0,1.94,3.1,0.0,1.83,2.1,0.0,1.85
2014-11-09,7.1,0.0,2.14,3.4,0.0,1.93,2.2,0.0,1.86
2014-11-10,8.0,0.0,1.72,5.1,0.0,1.69,3.3,0.0,1.67
2014-11-11,8.2,0.0,1.67,5.7,0.0,1.59,4.0,0.0,1.55
2014-11-12,7.6,0.0,1.55,4.9,0.0,1.46,2.8,0.0,1.42
2014-11-13,7.2,0.0,1.71,4.9,0.0,1.67,2.5,0.0,1.53
2014-11-14,9.3,0.0,2.01,6.3,0.0,1.75,4.0,0.0,1.53
2014-11-15,8.9,0.9,1.53,6.4,0.3,1.45,4.0,0.7,1.27
2014-11-16,7.5,12.2,0.73,5.4,11.1,0.84,4.2,4.6,0.99
2014-11-17,8.4,0.6,0.98,5.9,1.0,0.96,4.0,0.4,0.99
2014-11-18,7.0,0.0,1.28,4.5,0.0,1.2,3.2,0.0,1.16
2014-11-19,7.8,0.0,1.41,5.4,0.0,1.39,3.6,0.0,1.33
2014-11-20,8.5,0.0,1.73,5.3,0.0,1.54,3.3,0.0,1.38
2014-11-21,7.3,10.2,0.76,4.4,8.9,0.75,2.6,5.4,0.75
2014-11-22,3.0,30.0,0.28,0.1,30.0,0.27,-0.3,28.9,0.28
2014-11-23,1.8,1.4,0.62,-1.4,1.0,0.54,-2.6,1.1,0.61
2014-11-24,0.7,0.0,0.64,-2.0,0.0,0.59,-4.2,0.0,0.71
2014-11-25,1.2,0.0,1.03,-1.6,0.0,0.96,-7.7,0.0,0.8
2014-11-26,1.5,5.4,0.48,-1.6,5.0,0.45,-4.4,3.3,0.53
2014-11-27,1.8,3.7,0.49,-1.1,4.5,0.43,-2.9,3.4,0.51
2014-11-28,2.1,0.0,0.7,-0.6,0.0,0.65,-3.5,0.0,0.67
2014-11-29,1.8,0.0,0.99,-1.0,0.0,0.9,-5.2,0.0,0.77
2014-11-30,2.2,8.5,0.56,-0.5,7.9,0.51,-2.4,7.8,0.53
2014-12-01,3.6,10.7,0.34,0.5,10.7,0.31,-0.3,9.4,0.41
2014-12-02,1.7,3.2,0.34,-1.4,2.4,0.31,-2.8,3.5,0.38
2014-12-03,5.7,2.3,0.54,3.2,2.2,0.47,1.3,2.8,0.41
2014-12-04,4.8,0.5,0.69,0.7,0.4,0.59,0.5,0.4,0.67
2014-12-05,5.6,3.5,0.72,2.7,3.6,0.68,0.0,2.6,0.67
2014-12-06,6.0,0.0,1.02,3.4,0.0,0.95,0.4,0.0,0.77
2014-12-07,7.0,0.2,1.1,4.3,0.1,0.98,1.3,0.0,0.69
2014-12-08,8.4,0.0,0.99,5.5,0.0,0.81,2.9,0.0,0.57
2014-12-09,10.6,0.2,1.66,7.0,0.2,1.35,4.8,0.7,0.98
2014-12-10,8.7,0.5,1.37,5.5,0.5,1.11,3.5,0.0,0.79
2014-12-11,6.2,0.0,1.13,3.6,0.0,1.03,1.9,0.0,0.87
2014-12-12,6.6,2.2,1.05,2.9,1.9,0.82,2.0,1.7,0.74
2014-12-13,5.3,1.9,0.53,2.5,0.9,0.48,1.3,0.2,0.5
2014-12-14,5.5,0.0,0.49,2.9,0.0,0.48,1.7,0.1,0.53
2014-12-15,5.4,0.0,0.71,2.4,0.0,0.64,1.0,0.0,0.66
2014-12-16,3.5,0.0,1.02,0.8,0.0,0.93,0.4,0.0,0.9
2014-12-17,3.4,0.0,1.06,0.2,0.0,0.98,0.1,0.0,1.04
2014-12-18,5.8,1.9,1.16,2.7,1.7,1.06,1.5,1.2,0.99
2014-12-19,4.7,3.7,0.71,2.0,4.2,0.62,0.1,3.3,0.5
2014-12-20,3.4,0.0,0.82,1.0,0.0,0.77,-0.8,0.0,0.7
2014-12-21,2.7,0.0,1.02,0.1,0.0,0.94,-1.1,0.0,0.91
2014-12-22,0.1,9.4,0.36,-2.5,9.6,0.34,-4.0,9.2,0.32
2014-12-23,-3.0,2.0,0.46,-6.3,2.1,0.41,-7.1,3.0,0.42
2014-12-24,-1.2,0.0,0.8,-3.8,0.0,0.72,-3.9,0.0,0.7
2014-12-25,-2.3,0.0,0.89,-4.7,0.0,0.82,-3.4,0.0,0.83
2014-12-26,-2.3,0.0,0.92,-4.5,0.0,0.85,-4.4,0.0,0.85
2014-12-27,1.2,0.0,0.98,-2.5,0.0,0.83,-3.1,0.0,0.7
2014-12-28,3.2,5.0,0.54,-0.6,4.7,0.45,-0.5,4.5,0.4
2014-12-29,5.3,0.0,1.19,0.5,0.0,0.81,0.6,0.0,0.66
2014-12-30,6.2,0.2,0.97,2.9,0.2,0.84,1.9,1.0,0.66
2014-12-31,5.7,4.7,0.6,3.5,4.2,0.59,2.5,0.9,0.54
2015-01-01,4.6,10.2,0.65,2.4,8.8,0.62,1.4,5.2,0.62
2015-01-02,0.2,6.8,0.45,-2.8,7.5,0.41,-3.6,6.9,0.47
2015-01-03,0.3,0.0,0.78,-2.7,0.0,0.73,-6.4,0.0,0.69
2015-01-04,0.2,2.3,0.58,-2.1,2.3,0.56,-6.0,1.8,0.57
2015-01-05,-0.4,12.7,0.26,-3.1,14.3,0.27,-4.1,15.7,0.3
2015-01-06,0.3,17.1,0.42,-2.4,18.7,0.46,-1.8,23.8,0.49
2015-01-07,-4.4,14.2,0.28,-7.0,15.0,0.26,-7.6,18.8,0.28
2015-01-08,-9.9,1.8,0.42,-12.6,2.5,0.35,-14.2,3.7,0.31
2015-01-09,-10.1,0.0,0.62,-13.6,0.0,0.52,-17.2,0.0,0.44
2015-01-10,-8.6,0.7,0.55,-13.4,0.5,0.41,-18.3,0.7,0.34
2015-01-11,-4.9,0.1,0.74,-9.4,0.0,0.58,-12.6,0.2,0.48
2015-01-12,-1.8,0.0,1.0,-7.4,0.0,0.7,-9.0,0.0,0.59
2015-01-13,-1.5,0.0,0.81,-5.4,0.0,0.74,-8.4,0.0,0.61
2015-01-14,-1.7,0.0,1.23,-4.5,0.0,1.15,-8.3,0.0,0.89
2015-01-15,-1.2,1.8,1.13,-3.9,2.6,1.08,-8.5,2.7,0.86
2015-01-16,0.7,3.5,0.55,-2.4,3.8,0.51,-4.4,4.7,0.55
2015-01-17,0.9,0.0,0.73,-2.6,0.0,0.66,-4.4,0.0,0.72
2015-01-18,-1.6,0.0,0.99,-5.9,0.0,0.86,-7.8,0.0,0.83
2015-01-19,-2.2,0.0,0.99,-5.6,0.0,0.91,-8.2,0.0,0.94
2015-01-20,-1.7,0.0,1.22,-4.7,0.0,1.15,-6.8,0.0,1.09
2015-01-21,-0.4,0.0,1.11,-3.3,0.0,1.07,-6.5,0.0,0.91
2015-01-22,0.0,0.0,1.22,-2.8,0.0,1.12,-6.1,0.0,1.0
2015-01-23,-1.0,0.0,1.16,-3.9,0.0,1.05,-7.7,0.0,0.89
2015-01-24,-0.9,0.0,1.4,-4.7,0.0,1.2,-9.2,0.0,0.93
2015-01-25,0.8,0.0,1.32,-2.7,0.0,1.19,-6.7,0.0,1.0
2015-01-26,1.6,2.1,1.0,-0.7,1.0,0.99,-4.1,0.7,0.92
2015-01-27,0.7,0.0,1.06,-1.7,0.0,0.97,-4.7,0.0,0.92
2015-01-28,-0.4,1.6,0.67,-2.7,2.1,0.63,-5.6,3.8,0.65
2015-01-29,-0.8,0.0,1.02,-3.3,0.0,0.96,-5.7,0.0,0.9
2015-01-30,-0.1,0.0,1.11,-2.8,0.0,0.98,-6.3,0.0,0.87
2015-01-31,1.8,0.0,0.98,-1.5,0.0,0.8,-3.5,0.0,0.7
2015-02-01,4.8,0.2,1.25,0.1,0.2,0.99,0.2,0.0,0.9
2015-02-02,4.3,0.0,1.5,-0.7,0.0,1.19,-0.7,0.0,1.09
2015-02-03,4.1,10.6,1.24,0.3,10.3,1.08,0.4,8.4,1.13
2015-02-04,1.9,6.8,1.01,-0.8,6.5,0.95,-2.0,5.8,0.96
2015-02-05,0.6,0.0,1.38,-2.7,0.0,1.19,-3.7,0.0,1.07
2015-02-06,2.4,0.0,1.66,-2.3,0.0,1.3,-5.2,0.0,1.2
2015-02-07,3.4,1.5,1.41,-1.1,1.7,1.2,-3.9,3.9,1.2
2015-02-08,2.5,0.8,1.23,-0.3,0.9,1.06,-3.5,0.8,0.99
2015-02-09,1.9,11.5,1.12,-1.3,11.8,0.97,-2.8,8.1,0.97
2015-02-10,1.2,0.6,0.98,-1.8,1.0,0.91,-2.1,2.3,0.95
2015-02-11,2.6,3.8,0.93,0.6,3.2,0.96,-1.2,1.7,1.06
2015-02-12,1.0,3.0,0.64,-2.0,3.3,0.59,-3.0,5.2,0.69
2015-02-13,1.2,1.8,0.92,-1.3,1.7,0.89,-3.6,1.4,1.0
2015-02-14,1.4,0.0,1.06,-1.2,0.0,0.99,-4.2,0.0,1.08
2015-02-15,1.1,0.1,1.5,-1.2,0.0,1.34,-6.4,0.0,1.11
2015-02-16,0.3,6.7,0.74,-1.9,6.9,0.7,-6.4,5.2,0.73
2015-02-17,-2.9,8.0,0.7,-6.0,8.0,0.64,-6.8,7.0,0.64
2015-02-18,-6.0,6.3,0.65,-9.2,5.4,0.6,-8.8,6.5,0.78
2015-02-19,-2.9,4.8,0.97,-6.6,3.2,0.84,-7.0,5.4,0.94
2015-02-20,-3.8,2.3,0.83,-6.9,2.1,0.73,-8.2,0.7,0.76
2015-02-21,-4.0,0.1,0.77,-7.3,0.2,0.69,-8.9,0.0,0.83
2015-02-22,0.1,0.0,1.71,-3.1,0.0,1.63,-7.8,0.0,1.45
2015-02-23,-0.5,0.0,1.87,-2.4,0.0,1.76,-7.6,0.0,1.46
2015-02-24,2.9,0.1,1.52,-0.5,0.0,1.28,-3.4,0.0,1.19
2015-02-25,3.0,0.0,1.24,0.3,0.0,1.15,-1.7,0.3,1.24
2015-02-26,4.1,0.0,1.98,2.0,0.0,1.88,-1.1,0.0,1.66
2015-02-27,3.4,0.0,2.08,1.3,0.0,1.91,-1.3,0.0,1.78
2015-02-28,4.0,5.8,1.73,1.3,2.6,1.51,-1.3,2.5,1.48
2015-03-01,3.7,6.4,1.61,1.3,5.9,1.5,-1.3,2.8,1.47
2015-03-02,4.5,0.0,1.5,1.7,0.1,1.32,-0.6,0.2,1.27
2015-03-03,3.2,1.0,1.82,1.0,0.6,1.7,-1.8,0.0,1.52
2015-03-04,0.5,12.2,0.99,-2.2,12.7,0.91,-3.9,8.4,0.86
2015-03-05,-0.5,0.0,1.9,-3.3,0.1,1.74,-5.8,0.2,1.62
2015-03-06,1.3,0.0,2.11,-1.5,0.0,1.88,-4.9,0.0,1.79
2015-03-07,6.6,0.0,2.44,2.5,0.0,2.15,-0.7,0.0,1.9
2015-03-08,6.5,0.0,2.52,3.7,0.0,2.44,1.4,0.0,2.35
2015-03-09,7.3,0.0,2.59,4.7,0.0,2.47,2.3,0.0,2.31
2015-03-10,7.9,0.0,3.11,5.3,0.0,2.99,1.8,0.0,2.48
2015-03-11,8.6,0.5,2.55,5.2,0.4,2.24,1.9,0.5,1.87
2015-03-12,6.5,13.6,0.83,4.1,9.8,1.04,1.7,5.4,1.17
2015-03-13,5.3,5.5,2.01,2.7,4.5,1.9,-0.0,0.7,1.69
2015-03-14,5.2,0.4,2.42,2.7,0.1,2.32,-0.9,0.0,1.95
2015-03-15,4.3,7.2,1.64,1.9,5.5,1.76,-0.9,1.1,1.85
2015-03-16,2.8,4.2,0.9,-0.1,4.2,0.87,-1.4,2.7,0.88
2015-03-17,1.7,1.6,1.52,-1.2,1.9,1.41,-3.0,0.9,1.39
2015-03-18,3.3,1.2,2.09,0.8,0.9,2.03,-2.3,0.5,1.8
2015-03-19,4.7,7.3,1.41,2.4,6.3,1.43,-0.6,4.2,1.18
2015-03-20,2.1,8.1,1.14,-0.9,7.0,1.06,-1.8,6.1,1.26
2015-03-21,0.3,17.4,0.9,-2.2,15.0,0.97,-2.2,12.8,1.26
2015-03-22,0.1,6.9,1.01,-2.7,7.6,0.9,-4.1,7.4,0.99
2015-03-23,1.5,0.0,2.12,-0.8,0.0,2.0,-3.3,0.0,1.9
2015-03-24,2.1,5.9,1.16,-0.6,6.5,1.01,-2.3,6.6,1.0
2015-03-25,3.9,0.0,2.52,0.9,0.0,2.33,-1.8,0.0,2.2
2015-03-26,5.4,0.0,3.21,3.7,0.0,3.07,0.0,0.0,2.76
2015-03-27,6.4,0.7,2.82,3.5,0.6,2.61,0.7,0.0,2.32
2015-03-28,9.7,5.2,2.24,6.1,4.2,2.04,3.5,3.1,1.72
2015-03-29,10.1,2.8,2.96,6.8,2.8,2.57,3.0,1.1,1.65
2015-03-30,5.8,20.6,0.59,2.7,20.1,0.6,0.9,13.5,0.71
2015-03-31,7.9,2.5,2.33,5.3,1.7,2.09,2.2,0.2,1.62
2015-04-01,8.9,3.8,2.32,6.6,4.2,2.21,2.9,2.8,1.82
2015-04-02,7.3,12.9,2.43,4.7,12.4,2.15,2.0,10.9,1.67
2015-04-03,5.6,0.8,2.82,3.2,0.7,2.65,0.2,0.4,2.24
2015-04-04,2.2,6.7,1.11,-0.3,7.1,1.02,-1.6,8.2,1.14
2015-04-05,4.9,0.0,2.99,2.7,0.0,2.81,-3.0,0.0,2.4
2015-04-06,10.0,0.3,3.24,7.5,0.3,2.96,2.1,0.0,2.28
2015-04-07,9.8,12.3,2.39,7.2,11.9,2.36,4.2,10.7,2.12
2015-04-08,7.3,8.8,1.69,5.0,9.9,1.68,3.2,10.3,1.81
2015-04-09,8.0,24.3,1.5,5.8,27.7,1.63,5.6,11.7,1.76
2015-04-10,1.2,4.2,1.51,-1.6,3.0,1.32,-1.9,2.0,1.31
2015-04-11,0.7,0.3,1.31,-2.0,0.4,1.17,-3.2,0.3,1.21
2015-04-12,1.9,0.2,1.43,-0.8,0.1,1.34,-2.1,0.0,1.46
2015-04-13,2.0,2.6,1.01,-0.5,2.9,0.99,-1.8,1.7,1.11
2015-04-14,6.1,0.0,3.07,3.6,0.0,2.68,0.7,0.1,2.12
2015-04-15,4.6,0.1,2.25,2.1,0.4,2.2,1.3,2.1,2.25
2015-04-16,7.2,0.0,3.55,4.9,0.0,3.3,2.3,0.0,2.85
2015-04-17,10.1,0.0,3.96,8.0,0.0,3.79,5.7,0.4,3.22
2015-04-18,12.0,0.0,4.21,9.7,0.2,3.92,7.3,0.7,3.58
2015-04-19,11.8,0.3,4.21,9.2,0.0,3.85,7.7,0.2,3.64
2015-04-20,5.8,4.8,1.53,2.7,5.7,1.46,3.3,8.9,1.59
2015-04-21,6.2,5.2,2.39,3.7,4.9,2.3,3.3,1.8,2.55
2015-04-22,2.7,2.5,2.05,0.0,2.4,1.86,-0.7,1.6,1.87
2015-04-23,0.2,5.8,1.23,-2.7,6.5,1.12,-3.7,8.3,1.14
2015-04-24,1.9,0.3,1.71,-1.0,0.2,1.51,-3.0,0.0,1.45
2015-04-25,7.3,0.0,4.05,5.0,0.0,3.88,2.2,0.0,3.65
2015-04-26,10.5,1.1,3.98,8.0,0.7,3.83,5.3,0.2,3.61
2015-04-27,10.1,1.8,3.56,7.8,1.5,3.29,5.8,1.3,2.99
2015-04-28,12.1,0.0,4.41,10.1,0.0,4.23,8.1,0.0,3.94
2015-04-29,15.6,1.2,4.58,12.9,0.9,4.22,10.8,0.3,3.94
2015-04-30,11.5,2.0,2.94,8.8,2.5,2.6,7.5,1.8,2.55
2015-05-01,11.7,1.8,3.45,9.1,0.7,3.33,7.2,2.1,3.16
2015-05-02,11.6,1.5,3.17,9.0,1.6,2.97,7.1,3.5,2.67
2015-05-03,10.3,9.1,2.1,8.0,9.8,2.17,6.9,12.4,2.41
2015-05-04,9.3,7.3,1.76,6.6,7.4,1.6,5.5,8.9,1.65
2015-05-05,9.7,0.0,3.73,6.5,0.0,3.38,5.7,0.0,3.37
2015-05-06,9.7,0.2,3.39,6.7,0.2,3.07,4.9,0.1,3.03
2015-05-07,10.8,0.0,4.45,7.9,0.0,4.17,6.5,0.0,4.1
2015-05-08,13.0,4.4,3.92,10.7,5.2,3.83,9.8,4.2,3.78
2015-05-09,10.0,0.7,2.0,7.1,0.6,1.69,6.9,0.0,1.5
2015-05-10,9.3,0.0,3.81,6.3,0.0,3.46,6.0,0.0,3.24
2015-05-11,9.9,0.0,4.06,6.9,0.0,3.8,6.3,0.0,3.79
2015-05-12,9.9,0.0,3.32,6.7,0.8,3.06,6.2,2.7,3.02
2015-05-13,8.8,0.5,1.94,5.7,1.1,1.81,4.9,3.8,1.77
2015-05-14,10.1,0.0,2.7,7.3,0.0,2.43,5.4,2.7,2.08
2015-05-15,12.5,0.0,4.79,10.1,0.0,4.55,8.4,0.0,4.21
2015-05-16,15.0,0.0,4.57,12.6,0.2,4.31,11.1,0.0,4.04
2015-05-17,15.9,1.6,4.34,13.4,1.6,4.03,12.1,1.9,3.6
2015-05-18,17.3,0.1,4.96,14.9,0.2,4.74,13.7,0.1,4.53
2015-05-19,18.6,0.9,5.12,16.1,1.2,4.92,14.3,1.7,4.79
2015-05-20,20.0,0.1,5.31,17.6,0.7,5.12,15.2,0.3,4.99
2015-05-21,20.2,0.3,5.58,17.9,0.2,5.39,16.1,0.3,5.29
2015-05-22,17.7,5.2,3.91,15.0,4.1,3.83,15.0,0.4,4.47
2015-05-23,17.4,0.0,4.52,14.4,0.2,4.19,13.0,1.5,3.99
2015-05-24,17.9,0.8,4.92,15.3,1.1,4.67,13.1,0.5,4.33
2015-05-25,17.4,0.8,3.96,14.4,2.5,3.71,11.9,6.2,3.57
2015-05-26,16.5,8.3,4.27,13.4,7.2,4.05,11.6,7.8,3.89
2015-05-27,17.3,1.4,4.43,14.6,1.0,4.18,12.4,0.3,3.94
2015-05-28,16.4,6.8,4.53,14.2,6.8,4.34,12.5,2.7,4.08
2015-05-29,13.8,6.4,2.52,10.9,8.1,2.42,10.2,11.5,2.76
2015-05-30,12.8,12.3,2.34,10.0,11.3,2.37,9.7,19.4,2.94
2015-05-31,13.5,9.1,3.32,10.6,7.3,3.17,9.5,10.9,3.26
2015-06-01,14.4,1.4,3.43,11.5,1.1,3.42,11.5,0.2,4.04
2015-06-02,16.8,3.9,4.17,14.0,4.7,3.99,13.2,2.1,4.04
2015-06-03,17.0,4.7,3.68,14.0,4.5,3.65,13.1,4.4,4.01
2015-06-04,15.0,15.3,2.91,12.0,13.5,2.82,11.4,8.2,3.01
2015-06-05,15.4,6.8,4.31,12.7,6.2,4.15,12.3,1.4,4.39
2015-06-06,15.9,0.0,2.74,12.9,0.0,2.85,13.3,0.3,3.56
2015-06-07,17.4,0.0,3.32,14.5,0.2,3.33,14.2,0.3,3.87
2015-06-08,18.7,3.2,4.38,15.8,2.0,4.38,15.4,2.3,4.74
2015-06-09,18.4,6.9,4.59,15.7,4.7,4.42,14.5,1.7,4.46
2015-06-10,17.7,0.8,3.86,14.8,0.7,3.68,13.7,2.2,3.85
2015-06-11,16.5,1.2,2.93,13.5,1.3,2.83,13.1,3.3,3.1
2015-06-12,16.6,0.2,3.23,13.5,0.4,3.07,12.9,1.9,3.41
2015-06-13,16.9,0.7,3.51,13.9,0.6,3.3,13.4,0.5,3.62
2015-06-14,16.5,1.7,2.47,13.5,1.7,2.41,13.5,1.2,3.02
2015-06-15,16.0,4.3,3.19,13.1,4.1,2.92,12.5,4.8,2.92
2015-06-16,16.6,1.2,4.03,13.8,1.3,3.76,12.1,1.9,3.55
2015-06-17,17.3,0.0,5.1,14.7,0.0,4.83,13.0,0.0,4.75
2015-06-18,18.1,1.9,4.76,15.5,1.5,4.62,14.0,0.8,4.71
2015-06-19,18.1,18.8,4.52,15.8,11.4,4.41,15.5,2.2,4.5
2015-06-20,17.0,2.8,2.97,14.2,3.9,2.88,13.6,4.1,3.26
2015-06-21,17.0,0.2,2.87,14.1,0.7,2.86,14.1,1.2,3.46
2015-06-22,18.3,0.0,4.85,15.3,0.0,4.48,14.8,0.1,4.49
2015-06-23,18.2,0.0,3.06,15.0,0.0,3.0,15.5,0.1,3.78
2015-06-24,16.9,4.9,2.01,13.6,3.9,1.95,14.3,0.6,2.81
2015-06-25,15.9,10.0,2.43,12.8,7.6,2.09,12.2,3.1,1.82
2015-06-26,15.9,1.3,3.56,12.9,0.9,3.18,12.0,0.6,2.92
2015-06-27,16.7,0.3,4.16,13.5,0.6,3.83,12.7,1.7,3.95
2015-06-28,17.2,8.9,3.99,14.4,6.0,3.85,14.2,2.9,4.19
2015-06-29,16.4,2.3,3.35,13.5,1.7,3.2,13.4,0.0,3.8
2015-06-30,15.4,0.6,2.4,12.1,0.7,2.1,12.5,0.7,2.66
2015-07-01,17.0,0.0,3.74,13.8,0.0,3.44,13.9,0.0,3.86
2015-07-02,17.1,0.0,3.1,14.0,0.0,3.05,15.5,0.0,4.07
2015-07-03,16.2,0.0,2.61,12.7,0.0,2.48,13.9,0.0,3.35
2015-07-04,17.0,0.0,3.06,13.5,0.0,2.89,14.6,0.0,3.74
2015-07-05,18.2,0.0,2.9,14.6,0.0,2.85,16.1,0.0,3.84
2015-07-06,18.5,0.0,3.99,15.0,0.0,3.43,15.7,0.0,3.77
2015-07-07,17.1,0.0,3.05,13.8,0.0,2.89,14.0,0.0,3.26
2015-07-08,17.4,0.0,2.58,14.2,0.0,2.49,14.1,0.0,3.1
2015-07-09,19.5,0.4,3.16,16.3,0.1,3.34,16.1,0.3,4.04
2015-07-10,20.2,0.5,4.64,17.4,1.2,4.31,16.3,2.4,3.95
2015-07-11,19.6,0.1,4.41,16.7,0.0,4.04,16.1,0.0,3.89
2015-07-12,16.5,0.4,2.23,13.5,0.2,2.12,13.5,0.4,2.67
2015-07-13,15.6,0.0,3.02,12.6,0.0,2.79,12.4,0.0,2.89
2015-07-14,17.6,0.0,5.33,14.4,0.0,5.02,15.0,0.0,5.29
2015-07-15,18.2,0.0,4.85,15.2,0.0,4.55,15.4,0.0,4.83
2015-07-16,17.2,0.0,3.49,14.0,0.0,3.39,14.4,0.0,4.2
2015-07-17,16.7,0.0,3.43,13.8,0.0,3.45,14.1,0.0,4.1
2015-07-18,17.0,0.0,4.78,13.4,0.0,4.38,14.2,0.0,4.82
2015-07-19,16.9,0.0,5.1,13.5,0.0,4.77,13.8,0.0,5.04
2015-07-20,18.5,0.0,5.14,15.2,0.0,4.91,16.0,0.0,5.43
2015-07-21,19.7,0.0,5.05,16.3,0.0,4.76,17.5,0.0,5.23
2015-07-22,17.7,0.0,4.78,14.1,0.0,4.48,15.0,0.0,5.07
2015-07-23,19.3,0.0,5.17,15.8,0.0,4.89,16.9,0.0,5.34
2015-07-24,23.5,0.0,6.05,20.8,0.0,5.76,21.4,0.0,6.02
2015-07-25,25.0,0.0,6.55,22.9,0.0,6.52,22.7,0.0,7.1
2015-07-26,22.8,0.0,5.18,19.8,0.3,4.83,20.0,0.8,5.19
2015-07-27,22.1,0.0,5.77,19.2,0.0,5.42,18.6,0.0,5.47
2015-07-28,22.3,0.0,5.87,19.7,0.0,5.55,18.9,0.0,5.51
2015-07-29,22.7,0.0,6.02,19.9,0.0,5.65,19.8,0.0,5.72
2015-07-30,24.1,0.3,5.7,21.2,0.4,5.39,21.9,1.7,5.56
2015-07-31,25.3,1.0,5.46,22.4,1.0,5.18,24.4,0.0,5.8
2015-08-01,22.8,1.6,4.49,19.9,1.9,4.28,20.5,0.4,4.74
2015-08-02,20.4,3.5,2.34,17.7,3.2,2.47,18.4,1.2,3.48
2015-08-03,22.2,0.2,4.28,19.2,0.1,4.03,19.8,0.6,4.33
2015-08-04,23.8,0.3,5.43,21.1,0.2,5.18,20.8,0.0,5.37
2015-08-05,23.4,1.6,4.95,20.5,1.6,4.68,20.0,1.9,4.73
2015-08-06,22.9,0.7,5.25,19.9,0.7,4.98,19.5,0.1,5.11
2015-08-07,21.5,0.1,4.48,18.4,0.0,4.36,18.3,0.2,4.84
2015-08-08,21.9,0.1,4.34,18.9,0.0,4.1,18.6,0.0,4.24
2015-08-09,22.4,0.0,4.42,19.5,0.0,4.27,19.9,0.0,4.77
2015-08-10,24.2,0.4,5.09,21.0,1.1,4.79,20.9,3.2,4.94
2015-08-11,24.1,0.8,4.39,20.7,0.3,4.18,21.7,0.0,4.83
2015-08-12,23.2,0.0,5.04,19.9,0.0,4.52,19.9,0.2,4.49
2015-08-13,23.6,0.0,5.62,20.6,0.0,5.22,20.4,0.0,5.21
2015-08-14,24.4,0.0,5.46,21.6,0.0,5.16,21.1,0.0,5.28
2015-08-15,24.2,0.5,4.92,21.1,1.2,4.71,21.3,1.0,4.97
2015-08-16,23.2,2.4,4.23,20.1,2.2,4.03,19.7,2.7,4.09
2015-08-17,22.7,6.0,3.98,19.8,5.4,3.78,18.9,3.0,3.89
2015-08-18,24.0,0.0,5.03,21.4,0.0,4.69,20.2,0.0,4.62
2015-08-19,24.2,1.0,4.94,21.3,1.1,4.67,21.0,1.4,4.8
2015-08-20,23.7,0.1,3.97,20.3,0.2,3.77,20.8,0.0,4.22
2015-08-21,22.6,0.0,4.77,19.1,0.0,4.33,19.5,0.0,4.37
2015-08-22,22.4,0.0,4.96,18.8,0.0,4.58,19.3,0.0,4.75
2015-08-23,22.3,0.2,4.53,19.1,0.0,4.32,20.0,0.0,4.69
2015-08-24,18.9,1.0,3.27,15.8,0.9,2.96,15.7,0.0,3.1
2015-08-25,16.2,0.8,3.18,13.4,0.6,3.0,12.6,0.3,3.13
2015-08-26,14.7,0.0,1.52,11.5,0.0,1.37,10.6,0.0,1.66
2015-08-27,16.6,1.5,2.61,13.6,1.2,2.55,13.6,1.0,3.11
2015-08-28,17.0,0.0,2.97,14.2,0.3,2.87,13.6,0.5,3.16
2015-08-29,16.2,0.4,2.96,13.4,0.6,2.82,13.1,0.7,3.11
2015-08-30,16.6,0.0,2.59,13.5,0.0,2.51,13.8,0.5,3.23
2015-08-31,17.1,0.0,3.88,13.7,0.0,3.71,14.2,0.0,4.19
2015-09-01,18.2,0.0,4.75,14.6,0.0,4.33,14.8,0.0,4.43
2015-09-02,20.6,0.0,4.87,17.7,0.0,4.57,17.5,0.0,4.65
2015-09-03,22.7,0.0,5.08,20.3,0.0,4.91,19.9,0.0,5.08
2015-09-04,22.3,0.0,4.56,19.5,0.1,4.2,20.0,0.0,4.56
2015-09-05,21.9,0.0,4.83,19.0,0.1,4.46,18.2,0.4,4.41
2015-09-06,23.1,0.0,5.14,20.9,0.0,4.9,19.6,0.0,4.78
2015-09-07,22.9,0.0,4.98,20.8,0.0,4.7,19.6,0.0,4.63
2015-09-08,22.3,1.4,4.25,19.6,1.3,3.99,19.4,0.7,4.35
2015-09-09,20.3,0.0,2.74,16.9,0.0,2.6,18.3,0.0,3.2
2015-09-10,22.3,0.0,4.04,19.1,0.0,3.82,20.2,0.0,4.1
2015-09-11,23.7,0.6,4.52,20.9,0.9,4.26,20.2,0.1,4.37
2015-09-12,23.7,0.4,4.52,21.0,0.2,4.25,20.3,0.3,4.25
2015-09-13,21.0,0.9,2.74,18.2,1.6,2.78,18.2,2.2,3.3
2015-09-14,20.4,0.0,3.26,17.4,0.0,3.07,17.4,0.2,3.33
2015-09-15,20.4,0.0,4.19,17.5,0.0,3.9,16.8,0.0,3.94
2015-09-16,19.1,0.0,3.95,15.9,0.0,3.66,15.1,0.0,3.74
2015-09-17,18.7,0.0,4.07,15.2,0.0,3.73,15.2,0.0,3.83
2015-09-18,19.7,0.0,3.93,16.3,0.0,3.7,17.0,0.0,3.96
2015-09-19,22.6,0.0,3.97,20.0,0.0,3.93,19.2,0.0,4.34
2015-09-20,23.1,2.3,4.78,21.1,2.7,4.63,18.9,1.5,4.62
2015-09-21,20.9,2.4,3.94,19.1,2.5,3.78,17.5,1.0,3.92
2015-09-22,20.6,2.1,3.36,18.0,1.6,3.23,17.3,0.0,3.61
2015-09-23,21.6,0.0,3.89,19.5,0.0,3.81,17.0,0.0,4.04
2015-09-24,20.8,0.0,4.15,18.5,0.0,4.06,17.3,0.0,4.14
2015-09-25,20.0,0.1,3.6,17.1,0.8,3.38,16.4,0.9,3.52
2015-09-26,19.7,0.0,3.42,16.5,0.3,3.2,16.1,0.3,3.26
2015-09-27,20.0,0.0,3.73,17.1,0.1,3.44,16.3,0.0,3.44
2015-09-28,19.7,0.0,3.86,16.7,0.0,3.53,15.7,0.0,3.52
2015-09-29,19.3,3.4,3.22,16.5,3.1,2.92,15.1,9.0,2.79
2015-09-30,17.8,16.4,2.43,15.0,14.1,2.38,13.7,8.5,2.61
2015-10-01,16.6,4.0,2.27,13.7,3.8,2.17,13.0,1.2,2.38
2015-10-02,15.8,15.3,1.61,13.3,12.6,1.59,12.3,2.8,1.64
2015-10-03,15.7,0.0,2.37,13.1,0.1,2.38,12.0,0.4,2.61
2015-10-04,15.2,0.0,2.53,12.5,0.0,2.39,11.0,0.0,2.33
2015-10-05,15.0,0.0,3.04,12.3,0.0,2.86,10.9,0.0,2.88
2015-10-06,15.8,1.6,2.76,13.9,1.0,2.7,11.8,0.2,2.74
2015-10-07,13.3,20.7,1.02,11.0,19.9,1.07,9.2,20.9,1.14
2015-10-08,11.5,7.2,1.23,8.6,9.3,1.09,8.1,8.1,1.19
2015-10-09,11.7,0.1,1.74,8.8,0.0,1.71,8.2,0.0,1.88
2015-10-10,10.3,0.0,1.68,7.5,0.0,1.53,6.9,0.0,1.59
2015-10-11,13.3,0.0,2.77,10.9,0.0,2.66,9.3,0.0,2.6
2015-10-12,15.5,6.2,2.0,12.5,5.3,1.88,10.8,2.4,1.89
2015-10-13,14.4,14.5,1.95,11.9,14.3,1.88,10.6,8.7,1.95
2015-10-14,13.7,1.1,1.38,10.9,0.9,1.3,10.0,2.0,1.39
2015-10-15,13.3,0.0,1.89,10.4,0.0,1.83,9.8,0.0,1.9
2015-10-16,12.3,0.0,1.95,9.2,0.0,1.77,8.9,0.0,1.89
2015-10-17,13.7,0.0,2.48,10.2,0.0,2.35,9.6,0.0,2.4
2015-10-18,14.8,0.0,2.54,12.3,0.0,2.49,10.8,0.0,2.57
2015-10-19,15.0,0.0,2.4,12.9,0.1,2.42,10.4,0.2,2.46
2015-10-20,15.4,0.0,2.55,13.3,0.0,2.46,11.2,0.5,2.38
2015-10-21,14.7,0.0,2.6,12.7,0.0,2.54,10.1,0.0,2.52
2015-10-22,14.8,0.0,2.45,12.7,0.0,2.41,9.8,0.0,2.31
2015-10-23,15.4,4.2,2.32,12.9,4.2,2.21,10.6,5.2,1.9
2015-10-24,15.2,14.2,1.46,12.6,12.3,1.45,11.1,6.6,1.32
2015-10-25,10.5,6.8,0.51,7.7,9.5,0.49,8.0,8.2,0.76
2015-10-26,8.3,0.0,0.75,5.1,0.0,0.69,4.9,0.3,0.67
2015-10-27,7.6,0.3,0.53,4.5,0.2,0.49,4.1,0.8,0.52
2015-10-28,6.8,0.1,0.64,3.8,0.1,0.58,3.5,0.0,0.68
2015-10-29,7.1,0.0,0.8,4.0,0.0,0.76,3.8,0.0,0.91
2015-10-30,8.4,0.0,0.92,5.2,0.0,0.83,4.9,0.0,0.9
2015-10-31,6.6,0.6,0.47,3.6,0.7,0.45,3.1,1.0,0.59
2015-11-01,4.7,0.0,1.28,1.2,0.0,1.15,1.3,0.0,1.34
2015-11-02,5.1,0.0,1.23,1.7,0.0,1.14,1.0,0.0,1.23
2015-11-03,7.2,0.0,1.75,4.5,0.0,1.65,3.5,0.0,1.64
2015-11-04,8.3,0.0,1.88,5.9,0.0,1.74,5.6,0.0,1.78
2015-11-05,9.5,0.0,1.94,7.4,0.0,1.84,6.0,0.0,1.8
2015-11-06,9.7,0.0,1.85,7.3,0.0,1.76,6.4,0.0,1.79
2015-11-07,9.3,0.0,1.61,6.2,0.0,1.52,5.2,0.0,1.64
2015-11-08,8.0,0.0,0.91,5.0,0.0,0.87,4.0,0.0,0.97
2015-11-09,6.2,4.9,0.95,3.4,4.5,0.84,1.9,3.2,0.8
2015-11-10,4.4,3.7,0.77,1.6,3.7,0.7,0.3,1.9,0.74
2015-11-11,4.3,13.8,0.36,1.2,14.0,0.34,0.1,17.8,0.38
2015-11-12,7.8,1.4,0.53,5.1,2.2,0.44,2.8,6.2,0.37
2015-11-13,8.3,0.2,1.44,5.7,0.6,1.25,4.4,2.2,1.06
2015-11-14,7.9,0.0,1.48,4.5,0.0,1.4,2.9,0.1,1.37
2015-11-15,6.5,0.0,1.63,3.5,0.0,1.51,2.5,0.0,1.51
2015-11-16,8.3,0.0,1.59,5.9,0.0,1.51,3.4,0.0,1.56
2015-11-17,4.8,1.1,0.85,2.1,1.3,0.75,0.4,1.8,0.75
2015-11-18,3.0,0.0,1.17,0.1,0.0,1.07,-1.3,0.0,1.08
2015-11-19,4.0,1.6,1.13,1.2,2.0,1.03,-0.1,1.8,1.01
2015-11-20,5.2,0.0,1.41,2.6,0.0,1.31,1.4,0.0,1.23
2015-11-21,6.0,0.0,1.91,2.5,0.0,1.66,1.3,0.0,1.5
2015-11-22,6.3,0.0,1.84,2.5,0.0,1.61,1.4,0.0,1.49
2015-11-23,6.4,0.0,1.7,3.3,0.0,1.58,2.6,0.0,1.61
2015-11-24,5.7,0.0,1.56,3.2,0.0,1.54,2.6,0.0,1.68
2015-11-25,7.9,0.0,1.99,4.4,0.0,1.76,3.2,0.0,1.83
2015-11-26,9.1,0.0,2.34,5.3,0.0,1.86,4.3,0.0,1.61
2015-11-27,9.5,3.2,1.24,5.9,2.4,1.02,4.8,1.8,0.72
2015-11-28,9.2,0.1,1.62,6.1,0.0,1.33,4.8,0.0,0.92
2015-11-29,7.2,12.3,0.87,4.8,10.8,0.82,3.4,5.0,0.76
2015-11-30,3.6,11.9,0.67,1.3,12.7,0.63,-0.0,10.7,0.56
2015-12-01,2.8,0.7,0.82,0.2,1.0,0.76,-1.5,0.8,0.72
2015-12-02,0.9,11.3,0.49,-1.9,11.7,0.44,-3.8,14.2,0.45
2015-12-03,-2.9,0.5,0.73,-5.8,0.6,0.6,-9.2,0.9,0.47
2015-12-04,-3.2,6.5,0.52,-5.7,5.9,0.45,-9.5,6.9,0.38
2015-12-05,-2.4,0.0,0.65,-5.7,0.0,0.54,-8.7,0.0,0.48
2015-12-06,-1.3,0.0,0.84,-5.1,0.0,0.7,-7.8,0.0,0.58
2015-12-07,0.4,0.0,0.98,-3.2,0.0,0.88,-6.2,0.0,0.82
2015-12-08,1.6,0.0,1.07,-1.9,0.0,0.97,-3.6,0.0,0.93
2015-12-09,1.0,0.0,0.79,-2.6,0.0,0.7,-5.3,0.0,0.69
2015-12-10,0.4,0.0,1.09,-2.3,0.0,1.05,-8.5,0.0,0.79
2015-12-11,0.6,0.0,1.08,-1.3,0.0,1.06,-7.3,0.0,0.84
2015-12-12,0.5,0.0,1.05,-1.6,0.0,1.01,-8.0,0.0,0.8
2015-12-13,1.0,0.0,0.79,-2.0,0.0,0.76,-7.1,0.0,0.74
2015-12-14,2.0,0.0,0.78,-1.5,0.0,0.74,-7.1,0.0,0.72
2015-12-15,0.8,0.0,0.7,-2.4,0.0,0.57,-6.2,0.0,0.55
2015-12-16,-0.7,0.0,0.87,-4.3,0.0,0.74,-8.9,0.0,0.66
2015-12-17,0.1,0.0,0.72,-3.3,0.0,0.65,-8.0,0.0,0.64
2015-12-18,1.4,0.0,0.87,-2.3,0.0,0.81,-7.2,0.0,0.72
2015-12-19,0.2,0.0,1.0,-2.6,0.0,0.93,-8.2,0.0,0.75
2015-12-20,0.4,0.0,0.97,-2.6,0.0,0.9,-7.0,0.0,0.79
2015-12-21,1.5,0.0,0.79,-1.4,0.0,0.71,-3.4,0.0,0.66
2015-12-22,1.0,0.0,0.94,-2.5,0.0,0.84,-4.6,0.0,0.78
2015-12-23,1.2,0.0,1.01,-1.7,0.0,0.94,-4.1,0.0,0.81
2015-12-24,1.3,0.0,0.87,-1.6,0.0,0.76,-4.9,0.0,0.72
2015-12-25,2.2,0.0,1.0,-0.6,0.0,0.93,-2.4,0.0,0.85
2015-12-26,2.2,0.0,0.69,-0.8,0.0,0.65,-2.8,0.0,0.68
2015-12-27,3.3,0.0,0.84,-0.1,0.0,0.73,-1.7,0.0,0.65
2015-12-28,2.4,0.0,1.08,-0.8,0.0,1.04,-3.3,0.0,0.93
2015-12-29,2.6,0.0,1.16,-0.5,0.0,1.09,-4.0,0.0,0.95
2015-12-30,-2.6,6.7,0.34,-5.2,6.1,0.32,-7.1,6.2,0.3
2015-12-31,-7.6,0.6,0.5,-10.1,0.5,0.44,-12.8,0.1,0.41
2016-01-01,-9.3,0.9,0.46,-12.0,1.7,0.38,-14.2,1.9,0.32
2016-01-02,-8.8,0.0,0.65,-11.6,0.0,0.57,-16.7,0.0,0.44
2016-01-03,-8.9,0.0,0.75,-11.3,0.0,0.67,-18.7,0.0,0.46
2016-01-04,-4.1,11.1,0.52,-7.9,10.7,0.43,-10.1,10.9,0.31
2016-01-05,-0.4,12.4,0.51,-4.3,10.9,0.44,-5.4,12.5,0.36
2016-01-06,2.6,7.2,0.44,-1.0,6.5,0.41,-1.9,7.3,0.4
2016-01-07,5.1,2.2,0.71,1.3,2.3,0.57,0.9,2.7,0.52
2016-01-08,2.9,11.9,0.4,-0.3,12.3,0.36,-0.6,12.8,0.4
2016-01-09,-0.2,0.1,0.69,-2.4,0.0,0.63,-3.8,0.2,0.62
2016-01-10,-2.0,0.0,0.91,-5.2,0.0,0.77,-8.3,0.0,0.65
2016-01-11,1.6,2.8,0.54,-2.4,2.6,0.46,-4.3,3.9,0.44
2016-01-12,3.2,0.0,0.89,-0.8,0.0,0.73,-1.8,0.0,0.67
2016-01-13,3.3,5.7,0.82,-1.2,4.9,0.68,-1.8,2.5,0.69
2016-01-14,1.4,20.1,0.64,-1.3,21.4,0.56,-1.7,22.0,0.57
2016-01-15,-0.7,0.7,0.85,-3.3,0.3,0.79,-5.2,0.3,0.7
2016-01-16,-2.1,0.0,1.03,-5.3,0.0,0.88,-7.9,0.0,0.76
2016-01-17,2.8,0.0,1.35,-2.4,0.0,1.0,-3.9,0.0,0.94
2016-01-18,4.7,1.7,1.32,0.3,1.9,0.99,-0.2,2.3,0.92
2016-01-19,-0.7,20.1,0.36,-3.3,19.5,0.38,-3.3,16.4,0.48
2016-01-20,-5.1,0.4,0.76,-7.4,0.0,0.69,-9.3,0.0,0.64
2016-01-21,-3.5,3.1,0.79,-7.0,2.3,0.67,-9.2,1.6,0.6
2016-01-22,0.6,20.5,0.48,-2.6,18.9,0.49,-3.4,14.1,0.53
2016-01-23,-4.1,10.4,0.46,-6.9,13.5,0.4,-7.1,16.8,0.37
2016-01-24,-7.8,7.1,0.43,-10.3,8.3,0.38,-11.3,8.7,0.35
2016-01-25,-10.3,1.1,0.49,-12.7,1.9,0.43,-14.7,2.2,0.38
2016-01-26,-10.9,0.0,0.63,-12.8,0.0,0.62,-15.8,0.0,0.53
2016-01-27,-10.3,0.0,0.64,-11.8,0.0,0.63,-15.0,0.0,0.58
2016-01-28,-8.3,2.6,0.47,-12.3,2.5,0.39,-14.2,3.6,0.4
2016-01-29,-1.2,1.9,0.65,-4.6,1.9,0.56,-6.7,2.7,0.52
2016-01-30,2.0,1.0,0.8,-1.3,0.9,0.71,-3.2,1.0,0.64
2016-01-31,1.7,0.0,1.09,-1.5,0.0,0.97,-3.4,0.0,0.95
2016-02-01,1.0,3.9,0.81,-2.6,4.4,0.73,-4.0,4.0,0.67
2016-02-02,0.1,9.0,0.92,-2.7,9.4,0.84,-4.3,9.5,0.8
2016-02-03,-3.0,0.0,1.19,-6.8,0.0,1.04,-7.6,0.0,1.03
2016-02-04,-0.0,0.0,1.47,-5.2,0.0,1.23,-7.4,0.0,1.09
2016-02-05,2.7,0.0,1.76,-2.8,0.0,1.36,-4.5,0.0,1.32
2016-02-06,2.6,9.6,1.02,-1.1,7.9,0.97,-2.3,5.7,0.94
2016-02-07,-3.6,10.0,0.53,-6.3,10.7,0.47,-7.1,9.1,0.51
2016-02-08,-3.2,0.1,0.96,-6.8,0.2,0.89,-7.2,0.0,0.98
2016-02-09,-4.4,0.0,1.31,-8.0,0.0,1.15,-7.1,0.0,1.14
2016-02-10,-6.1,0.0,1.25,-9.2,0.0,1.16,-10.4,0.0,1.07
2016-02-11,-3.0,3.2,0.86,-7.5,2.5,0.73,-9.5,2.6,0.75
2016-02-12,2.6,1.3,1.12,-1.8,1.0,0.96,-3.4,1.5,0.84
2016-02-13,3.9,0.9,1.32,-0.5,1.0,1.11,-1.7,1.2,1.1
2016-02-14,3.8,2.6,0.76,0.1,2.8,0.71,-0.2,2.3,0.79
2016-02-15,4.8,0.5,1.5,1.4,0.9,1.4,0.4,0.2,1.32
2016-02-16,7.8,0.0,2.03,5.2,0.0,1.91,3.3,0.0,1.73
2016-02-17,8.6,0.0,2.09,6.4,0.0,2.03,3.8,0.0,1.92
2016-02-18,8.5,0.0,2.14,5.9,0.0,2.03,3.8,0.0,1.93
2016-02-19,7.1,0.1,1.9,5.0,0.2,1.86,2.1,0.1,1.51
2016-02-20,3.3,4.8,0.7,0.2,3.7,0.68,-0.7,1.7,0.86
2016-02-21,2.8,19.1,0.52,0.2,16.0,0.6,0.2,10.8,0.79
2016-02-22,-0.8,5.7,0.79,-4.2,7.3,0.69,-4.0,12.6,0.84
2016-02-23,3.2,0.0,1.73,0.4,0.0,1.74,-1.2,0.0,1.76
2016-02-24,2.0,0.0,1.66,-0.6,0.0,1.61,-1.5,0.0,1.62
2016-02-25,5.4,6.1,1.15,2.6,5.6,1.14,0.4,3.8,1.22
2016-02-26,4.6,0.0,1.84,2.5,0.0,1.74,0.9,0.2,1.66
2016-02-27,5.8,0.6,1.75,3.8,0.5,1.7,1.2,0.1,1.79
2016-02-28,6.7,1.1,1.67,4.9,1.6,1.59,1.8,0.4,1.46
2016-02-29,5.3,0.0,2.29,3.2,0.0,2.14,0.7,0.0,1.89
2016-03-01,4.4,0.0,2.43,2.5,0.0,2.42,1.1,0.0,2.28
2016-03-02,7.1,0.0,2.68,3.6,0.0,2.23,2.1,0.0,2.15
2016-03-03,8.4,0.0,2.24,4.5,0.2,1.81,3.9,0.7,1.81
2016-03-04,6.5,0.5,2.27,3.2,0.4,1.84,1.4,0.0,1.64
2016-03-05,5.0,6.5,1.41,2.0,7.2,1.21,0.4,5.8,1.25
2016-03-06,4.3,2.7,1.33,1.5,2.5,1.2,-0.7,3.1,1.21
2016-03-07,4.4,0.0,2.6,1.5,0.0,2.32,-0.8,0.0,2.09
2016-03-08,6.1,0.0,2.67,3.1,0.0,2.51,0.4,0.0,2.26
2016-03-09,7.2,0.0,2.99,4.5,0.0,2.81,1.3,0.0,2.3
2016-03-10,8.5,2.0,2.74,5.4,2.4,2.51,1.9,2.0,2.15
2016-03-11,6.8,1.8,2.26,4.4,1.7,2.14,1.1,0.5,1.87
2016-03-12,6.2,0.4,2.52,3.5,0.5,2.35,0.3,0.0,2.12
2016-03-13,7.3,0.0,2.95,4.7,0.0,2.79,0.1,0.0,2.29
2016-03-14,4.4,23.5,0.83,1.5,23.3,0.86,-0.8,23.2,0.85
2016-03-15,0.3,2.2,1.39,-2.5,2.4,1.27,-3.6,2.3,1.4
2016-03-16,-2.0,0.0,1.22,-4.6,0.0,1.12,-6.5,0.0,1.19
2016-03-17,-1.9,0.0,1.59,-4.4,0.0,1.42,-7.6,0.0,1.31
2016-03-18,1.9,0.0,2.36,-0.9,0.0,2.15,-6.0,0.0,1.97
2016-03-19,2.3,8.7,1.78,0.5,8.6,1.68,-2.4,9.3,1.68
2016-03-20,1.0,18.3,1.29,-1.7,18.2,1.18,-2.5,17.9,1.2
2016-03-21,0.5,0.2,1.9,-1.9,0.1,1.77,-4.7,0.0,1.81
2016-03-22,2.2,0.5,2.22,0.5,0.4,2.1,-2.7,0.0,2.07
2016-03-23,7.3,0.0,2.86,5.1,0.0,2.74,1.9,0.2,2.42
2016-03-24,11.9,0.2,4.15,8.2,0.0,3.52,4.4,0.0,2.69
2016-03-25,9.6,2.0,2.91,7.0,2.7,2.71,2.6,1.8,2.37
2016-03-26,6.5,16.9,2.09,3.8,17.3,1.95,0.8,12.8,1.83
2016-03-27,2.8,1.7,1.68,-0.6,2.7,1.56,-1.6,6.0,1.56
2016-03-28,0.3,10.1,0.94,-2.9,10.6,0.88,-3.2,12.9,1.14
2016-03-29,0.6,0.0,1.91,-2.3,0.0,1.65,-4.3,0.0,1.6
2016-03-30,2.7,0.2,1.94,-0.1,0.0,1.75,-3.9,0.1,1.81
2016-03-31,4.5,0.6,2.01,1.8,1.7,1.78,-1.2,4.3,1.65
2016-04-01,6.9,0.0,3.32,4.0,0.0,3.15,-0.6,0.0,2.77
2016-04-02,9.3,0.0,3.35,6.1,0.0,3.12,1.6,0.1,2.66
2016-04-03,5.4,1.0,2.44,2.5,0.9,2.27,0.2,0.8,2.07
2016-04-04,7.4,0.0,3.46,4.5,0.0,3.25,0.8,0.0,2.89
2016-04-05,10.3,0.0,3.8,7.8,0.0,3.61,5.1,0.0,3.26
2016-04-06,11.6,0.0,4.06,9.1,0.0,3.84,5.8,0.0,3.36
2016-04-07,13.0,0.0,4.15,10.7,0.2,3.93,7.0,0.0,3.41
2016-04-08,13.6,0.0,4.19,11.5,0.0,4.06,7.3,0.0,3.36
2016-04-09,15.6,0.8,4.33,12.7,1.0,4.03,7.9,0.5,3.33
2016-04-10,13.1,19.4,2.51,10.4,21.3,2.25,7.5,13.0,2.06
2016-04-11,12.4,1.2,3.68,10.1,1.1,3.53,6.9,0.4,3.1
2016-04-12,10.4,5.5,2.88,8.1,5.2,2.78,5.8,9.1,2.66
2016-04-13,10.0,1.3,2.37,7.1,2.1,2.16,5.4,2.2,2.18
2016-04-14,10.9,0.0,3.23,8.2,0.0,2.81,5.9,0.0,2.33
2016-04-15,12.1,5.3,3.78,9.2,4.7,3.52,7.6,4.4,3.36
2016-04-16,10.6,0.2,3.08,8.0,0.2,2.79,5.9,0.0,2.6
2016-04-17,12.2,0.0,4.34,9.7,0.0,4.05,7.5,0.0,3.8
2016-04-18,13.9,0.0,4.46,11.4,0.0,4.16,9.0,0.0,3.94
2016-04-19,15.4,0.0,4.55,13.3,0.0,4.28,11.0,0.0,4.01
2016-04-20,17.2,0.0,5.54,14.4,0.3,5.08,12.2,0.4,4.67
2016-04-21,7.7,5.0,1.6,5.0,5.0,1.49,5.2,4.9,1.84
2016-04-22,7.2,0.0,3.83,4.6,0.0,3.64,2.8,0.0,3.64
2016-04-23,12.3,0.0,4.54,10.1,0.0,4.34,7.7,0.0,4.25
2016-04-24,14.6,0.6,4.63,12.0,0.6,4.3,9.9,0.4,4.06
2016-04-25,13.6,2.0,4.33,11.5,2.0,4.07,9.5,3.2,3.78
2016-04-26,12.3,8.0,3.24,10.0,7.0,3.03,8.0,1.9,2.83
2016-04-27,12.0,2.3,3.41,9.6,4.8,3.13,7.9,11.1,2.64
2016-04-28,10.9,0.0,3.54,8.0,0.2,3.23,7.1,0.2,3.15
2016-04-29,11.3,0.0,4.22,8.4,0.0,3.88,6.8,0.0,3.59
2016-04-30,11.5,4.1,2.99,8.9,4.9,2.74,6.9,6.2,2.43
2016-05-01,10.7,0.4,3.05,8.0,0.2,2.88,6.7,0.4,2.9
2016-05-02,12.5,0.0,4.35,9.8,0.0,4.15,9.1,0.0,4.09
2016-05-03,15.6,1.0,4.31,13.1,2.2,3.95,10.9,1.5,3.6
2016-05-04,12.1,17.4,2.64,10.0,13.9,2.52,8.5,10.8,2.35
2016-05-05,10.1,21.8,2.36,7.9,20.6,2.22,6.9,11.7,2.37
2016-05-06,9.0,14.6,1.96,6.6,15.8,1.77,5.5,14.9,1.9
2016-05-07,9.6,5.4,2.48,6.6,6.4,2.23,5.4,8.4,2.1
2016-05-08,10.9,0.0,4.13,8.1,0.1,3.84,6.5,0.5,3.57
2016-05-09,12.0,0.0,4.64,9.3,0.0,4.36,7.9,0.1,4.25
2016-05-10,12.0,6.8,3.53,9.2,7.8,3.33,8.5,11.9,3.4
2016-05-11,12.3,0.6,3.61,9.7,1.6,3.33,8.8,4.0,3.35
2016-05-12,13.6,0.9,3.99,11.6,0.0,3.81,9.7,0.0,3.54
2016-05-13,16.7,7.8,3.84,13.8,10.0,3.6,12.3,8.4,3.42
2016-05-14,18.5,0.0,5.38,15.9,0.0,5.05,14.1,0.0,4.76
2016-05-15,17.6,4.9,3.81,15.3,4.7,3.58,13.7,3.5,3.42
2016-05-16,15.7,2.8,3.45,13.1,3.8,3.2,11.7,2.4,3.24
2016-05-17,15.5,0.7,4.85,13.0,0.4,4.64,11.6,0.5,4.53
2016-05-18,12.5,7.5,2.22,9.2,4.8,2.01,9.1,1.0,2.36
2016-05-19,10.2,0.0,1.73,7.0,0.0,1.58,7.0,0.3,1.96
2016-05-20,12.2,0.0,4.11,9.5,0.0,3.82,8.1,0.3,3.59
2016-05-21,14.2,0.0,4.32,11.8,0.0,4.09,10.2,0.0,4.01
2016-05-22,15.7,4.6,4.55,13.3,4.0,4.48,11.9,1.5,4.5
2016-05-23,12.5,23.6,2.15,9.9,25.3,2.23,10.1,14.8,2.83
2016-05-24,11.1,4.2,2.15,8.3,4.3,1.91,7.3,4.4,1.78
2016-05-25,14.8,1.3,4.51,12.5,0.5,4.29,10.3,0.0,4.07
2016-05-26,13.2,12.0,3.48,10.8,12.7,3.2,9.4,12.5,2.84
2016-05-27,12.1,20.4,2.96,9.8,18.3,2.9,8.6,9.4,2.8
2016-05-28,11.6,12.5,1.6,8.9,12.3,1.69,8.3,7.2,2.26
2016-05-29,12.3,1.5,2.56,9.6,2.8,2.33,8.2,6.2,2.26
2016-05-30,13.7,1.9,2.85,10.9,3.5,2.54,8.9,9.7,2.06
2016-05-31,15.2,0.4,4.36,12.5,0.8,4.1,10.8,2.1,3.75
2016-06-01,15.3,1.7,4.04,12.5,2.7,3.62,10.8,2.0,3.15
2016-06-02,17.1,0.0,4.64,14.5,0.0,4.43,12.8,0.0,4.12
2016-06-03,18.4,2.1,5.08,15.9,1.5,4.84,14.3,0.3,4.62
2016-06-04,16.8,3.8,4.49,14.1,4.3,4.21,13.0,3.2,4.15
2016-06-05,15.4,7.6,3.53,12.6,7.3,3.35,11.6,5.6,3.48
2016-06-06,16.4,0.0,4.44,13.7,0.0,4.34,12.2,0.0,4.11
2016-06-07,13.9,13.3,2.43,11.1,12.9,2.12,10.0,10.9,1.85
2016-06-08,11.9,3.2,2.72,8.9,2.1,2.55,8.6,1.2,2.81
2016-06-09,10.1,3.4,1.41,6.9,5.5,1.2,6.8,8.7,1.22
2016-06-10,12.4,0.0,3.53,9.5,0.0,3.07,8.2,0.0,2.69
2016-06-11,14.1,0.0,4.92,11.5,0.2,4.59,9.3,0.9,4.29
2016-06-12,16.4,0.0,5.18,14.0,0.0,4.91,12.0,0.0,4.74
2016-06-13,19.0,0.0,5.63,16.8,0.0,5.52,14.8,0.0,5.42
2016-06-14,20.5,0.4,6.09,18.4,0.3,5.98,16.1,0.0,5.92
2016-06-15,17.7,16.7,3.54,15.3,14.0,3.4,13.9,6.3,3.45
2016-06-16,16.1,1.2,3.81,13.2,1.2,3.45,11.8,1.3,3.23
2016-06-17,15.9,0.0,3.25,13.0,0.0,2.98,11.8,0.1,2.95
2016-06-18,16.5,0.0,3.05,13.4,0.0,2.77,12.7,0.0,3.02
2016-06-19,18.0,0.0,4.64,14.8,0.0,4.26,14.0,0.2,4.19
2016-06-20,18.9,0.0,5.11,15.7,0.0,4.71,15.1,0.2,4.59
2016-06-21,19.1,0.0,4.91,15.5,0.0,4.47,15.1,0.0,4.52
2016-06-22,19.9,0.0,4.9,16.4,0.0,4.53,16.3,0.0,4.72
2016-06-23,20.7,0.2,4.88,17.2,0.0,4.55,17.0,0.7,4.61
2016-06-24,19.8,1.8,3.84,16.6,1.7,3.51,16.1,1.3,3.78
2016-06-25,20.2,1.5,4.33,17.2,0.9,4.06,16.7,0.9,4.04
2016-06-26,22.0,0.0,5.33,18.9,0.0,5.0,18.3,0.0,5.17
2016-06-27,23.6,0.0,5.33,21.0,0.0,4.96,20.3,0.0,4.88
2016-06-28,21.1,0.0,3.94,17.9,0.1,3.15,17.7,0.0,2.98
2016-06-29,21.2,3.4,4.72,18.0,3.5,4.48,17.0,4.1,4.42
2016-06-30,18.6,12.3,3.5,15.8,9.3,3.37,15.5,4.4,3.59
2016-07-01,18.4,0.3,3.81,15.7,0.3,3.64,14.7,0.2,3.69
2016-07-02,18.6,2.7,3.29,15.7,2.3,3.16,14.9,2.6,3.24
2016-07-03,18.8,1.6,3.31,15.9,1.6,3.1,15.2,1.1,3.14
2016-07-04,18.5,1.8,3.26,15.6,2.8,2.94,14.9,1.0,3.01
2016-07-05,18.2,0.2,3.64,15.5,0.2,3.44,14.8,2.0,3.62
2016-07-06,18.6,0.1,3.6,15.6,0.0,3.51,14.9,0.7,3.81
2016-07-07,20.1,0.7,4.71,17.1,1.8,4.55,16.3,7.4,4.74
2016-07-08,17.4,1.2,3.49,14.3,1.2,3.09,13.8,1.6,3.09
2016-07-09,16.3,0.0,3.3,13.3,0.0,2.94,12.9,0.0,3.27
2016-07-10,17.2,0.0,5.08,14.2,0.0,4.65,13.3,0.0,4.51
2016-07-11,16.0,0.0,3.33,13.0,0.3,2.95,11.3,0.0,2.86
2016-07-12,17.2,0.0,4.68,14.0,0.0,4.33,13.9,0.0,4.62
2016-07-13,21.3,0.0,5.83,18.4,0.0,5.58,18.1,0.0,5.7
2016-07-14,23.4,0.0,5.92,20.7,0.0,5.61,19.7,0.0,5.62
2016-07-15,23.6,0.0,6.25,21.2,0.0,5.98,19.9,0.0,5.93
2016-07-16,24.0,0.0,6.48,21.3,0.0,6.13,19.7,0.0,6.02
2016-07-17,24.3,0.0,6.57,21.5,0.0,6.15,20.2,0.0,6.01
2016-07-18,23.8,0.0,6.47,20.8,0.0,5.98,20.9,0.0,5.95
2016-07-19,20.7,0.0,4.14,17.1,0.0,3.72,18.4,0.0,4.21
2016-07-20,19.5,0.0,3.16,16.2,1.6,3.11,17.7,0.7,3.94
2016-07-21,19.4,2.5,2.96,16.1,2.3,2.77,17.1,0.0,3.42
2016-07-22,19.3,0.0,3.23,16.2,0.0,3.04,16.5,0.0,3.36
2016-07-23,19.4,0.0,4.79,16.4,0.0,4.47,16.1,0.0,4.7
2016-07-24,18.0,0.0,5.1,14.8,0.0,4.6,14.0,0.0,4.53
2016-07-25,17.8,0.1,3.61,14.8,0.2,3.29,14.2,0.0,3.51
2016-07-26,19.2,0.0,4.67,15.7,0.0,4.2,15.9,0.0,4.46
2016-07-27,20.1,0.0,5.18,16.8,0.0,4.66,16.8,0.0,4.62
2016-07-28,19.7,0.0,5.17,16.6,0.0,4.79,15.5,0.0,4.87
2016-07-29,20.5,0.0,4.64,17.5,0.0,4.4,16.6,0.0,4.7
2016-07-30,20.6,0.0,5.08,17.5,0.0,4.77,16.6,0.0,4.9
2016-07-31,20.4,0.0,5.44,17.3,0.0,5.01,16.2,0.0,4.91
2016-08-01,21.2,0.0,4.71,18.2,0.0,4.3,17.0,0.5,4.2
2016-08-02,22.9,0.0,6.12,20.1,0.0,5.68,18.9,0.0,5.59
2016-08-03,23.6,0.0,6.19,20.7,0.0,5.81,19.5,0.0,5.8
2016-08-04,22.3,0.0,5.05,19.0,0.0,4.74,18.5,0.0,4.97
2016-08-05,22.0,0.0,4.94,18.5,0.0,4.63,18.7,0.1,4.88
2016-08-06,22.7,0.3,4.12,19.5,0.4,3.93,19.8,0.8,4.34
2016-08-07,21.8,0.3,3.89,18.7,0.3,3.31,18.3,0.1,3.15
2016-08-08,21.2,1.0,4.37,18.2,0.9,3.93,17.6,0.8,3.82
2016-08-09,22.4,0.0,5.21,19.0,0.0,4.8,19.2,0.0,5.08
2016-08-10,24.1,0.0,4.9,20.9,0.1,4.53,21.4,0.7,4.68
2016-08-11,23.3,0.0,5.58,20.1,0.0,5.11,19.6,0.0,5.02
2016-08-12,23.2,0.0,5.79,20.0,0.0,5.36,19.3,0.0,5.36
2016-08-13,22.4,0.0,5.51,19.3,0.0,5.09,19.6,0.0,5.3
2016-08-14,17.6,0.8,1.84,14.3,0.8,1.71,15.5,0.0,2.41
2016-08-15,16.8,0.0,2.64,13.4,0.0,2.45,15.4,0.0,3.27
2016-08-16,18.5,0.0,3.47,14.8,0.0,3.16,16.0,0.0,3.57
2016-08-17,18.6,1.1,2.63,15.4,2.1,2.59,16.2,1.1,3.42
2016-08-18,20.4,0.0,3.7,17.5,0.0,3.47,17.6,0.0,3.86
2016-08-19,21.9,0.0,4.9,18.7,0.0,4.58,19.1,0.0,4.87
2016-08-20,24.1,0.2,5.07,21.0,0.1,4.79,22.7,0.8,5.22
2016-08-21,25.3,0.1,4.67,22.2,1.1,4.38,23.2,1.2,4.68
2016-08-22,24.3,0.4,4.7,21.5,0.5,4.6,22.3,0.0,5.38
2016-08-23,24.6,0.0,4.9,21.8,0.0,4.71,21.3,0.0,5.0
2016-08-24,23.8,0.7,4.98,20.8,0.2,4.61,20.7,0.0,4.76
2016-08-25,23.1,0.6,3.95,19.8,0.7,3.76,20.4,2.3,4.09
2016-08-26,22.6,0.3,3.87,19.3,0.7,3.64,19.6,0.9,3.96
2016-08-27,22.1,0.3,4.07,18.6,0.0,3.7,19.0,0.6,3.86
2016-08-28,21.9,0.3,3.51,18.8,0.0,3.41,19.2,0.1,3.9
2016-08-29,22.8,0.0,4.06,19.6,0.0,3.88,19.9,0.0,4.36
2016-08-30,23.3,0.8,4.3,20.2,0.7,4.07,20.7,0.0,4.62
2016-08-31,20.3,0.7,2.48,17.1,0.8,2.19,17.0,0.8,2.54
2016-09-01,17.4,1.6,2.13,14.4,1.9,1.94,14.1,0.9,2.22
2016-09-02,17.4,0.0,3.54,14.5,0.0,3.28,14.2,0.0,3.53
2016-09-03,17.4,0.0,3.44,14.3,0.2,3.23,14.6,0.5,3.52
2016-09-04,15.7,0.6,1.56,12.8,0.6,1.61,12.6,0.0,2.16
2016-09-05,17.6,0.0,3.83,14.8,0.0,3.55,14.0,0.0,3.67
2016-09-06,18.9,0.0,4.66,16.5,0.0,4.36,14.6,0.0,4.16
2016-09-07,18.7,0.0,4.55,15.7,0.0,4.24,14.4,0.0,4.16
2016-09-08,18.3,0.0,4.49,14.9,0.0,4.15,14.3,0.0,4.16
2016-09-09,18.7,0.0,4.57,15.5,0.0,4.23,15.2,0.0,4.27
2016-09-10,18.8,0.0,4.38,15.9,0.0,4.1,15.1,0.0,4.15
2016-09-11,20.6,0.0,4.55,17.8,0.0,4.32,16.6,0.0,4.36
2016-09-12,19.7,0.0,3.97,16.6,0.0,3.71,16.1,0.0,3.9
2016-09-13,19.5,0.0,3.86,16.1,0.3,3.57,16.8,1.3,3.82
2016-09-14,18.6,0.3,2.68,15.5,0.6,2.5,15.3,1.7,2.78
2016-09-15,17.6,0.0,3.85,14.8,0.3,3.52,13.6,0.3,3.37
2016-09-16,14.7,0.6,2.14,11.7,0.3,1.88,10.6,0.6,1.79
2016-09-17,14.7,0.0,3.81,11.7,0.0,3.53,10.1,0.0,3.49
2016-09-18,16.3,0.0,3.97,13.9,0.0,3.73,12.1,0.0,3.65
2016-09-19,18.9,0.0,4.42,16.7,0.0,4.17,14.7,0.0,3.88
2016-09-20,19.4,2.1,4.17,16.9,1.2,3.99,15.4,0.5,4.17
2016-09-21,16.4,8.7,2.69,13.8,8.7,2.39,12.3,8.3,2.18
2016-09-22,14.2,7.6,1.95,11.5,9.4,1.95,10.4,11.3,2.05
2016-09-23,10.4,14.9,0.64,7.6,18.3,0.67,6.9,15.0,0.95
2016-09-24,8.6,0.0,1.89,5.8,0.1,1.67,4.1,0.0,1.59
2016-09-25,9.9,0.0,2.65,7.1,0.0,2.38,5.9,0.0,2.33
2016-09-26,11.4,0.0,2.89,8.8,0.0,2.67,7.8,0.0,2.76
2016-09-27,12.1,0.0,2.83,9.3,0.0,2.54,8.4,0.0,2.49
2016-09-28,11.1,0.1,2.07,8.3,0.1,1.96,6.5,0.6,2.01
2016-09-29,11.3,0.0,1.56,8.4,0.2,1.45,6.9,0.7,1.57
2016-09-30,11.0,0.6,1.46,8.0,1.3,1.23,6.1,3.9,1.15
2016-10-01,13.3,0.0,3.03,10.1,0.0,2.82,9.6,0.0,2.99
2016-10-02,16.0,0.0,3.65,13.7,0.0,3.47,12.0,0.0,3.52
2016-10-03,16.7,0.0,3.52,14.4,0.0,3.36,12.3,0.0,3.32
2016-10-04,16.9,0.0,3.42,14.7,0.0,3.24,13.3,0.0,3.17
2016-10-05,17.8,0.0,3.46,15.1,0.0,3.32,12.9,0.0,3.34
2016-10-06,16.6,0.1,2.66,13.4,0.0,2.56,13.2,0.0,2.96
2016-10-07,17.2,0.0,3.06,14.4,0.0,2.96,13.5,0.0,3.27
2016-10-08,17.8,0.0,3.77,15.6,0.0,3.6,12.9,0.0,3.57
2016-10-09,15.4,0.0,2.07,12.5,0.0,2.01,11.7,0.0,2.5
2016-10-10,14.2,0.0,2.45,11.1,0.0,2.26,10.6,0.0,2.36
2016-10-11,15.6,0.0,3.06,13.2,0.0,2.81,11.4,0.0,2.74
2016-10-12,17.0,0.2,3.46,14.3,0.3,3.15,12.5,0.0,2.95
2016-10-13,17.1,0.0,3.3,14.1,0.0,2.97,12.5,0.0,2.83
2016-10-14,12.8,0.6,1.48,10.0,0.5,1.39,9.8,0.5,1.69
2016-10-15,9.0,0.1,1.31,6.0,0.4,1.16,4.9,0.1,1.29
2016-10-16,10.8,0.0,2.43,7.6,0.0,2.22,6.7,0.0,2.25
2016-10-17,8.6,0.9,1.16,5.4,0.8,1.06,6.1,0.8,1.27
2016-10-18,6.1,0.0,1.02,2.9,0.0,0.96,4.4,0.0,1.18
2016-10-19,9.0,0.0,2.01,6.0,0.0,1.85,6.2,0.0,1.83
2016-10-20,10.2,0.0,2.27,7.7,0.0,2.11,7.0,0.0,2.18
2016-10-21,11.0,0.0,2.29,8.3,0.0,2.15,7.8,0.0,2.22
2016-10-22,12.5,0.0,2.62,10.4,0.0,2.48,8.9,0.0,2.46
2016-10-23,12.5,0.0,2.51,10.3,0.0,2.35,9.3,0.0,2.35
2016-10-24,10.9,0.0,1.34,7.9,0.0,1.22,6.8,0.9,1.35
2016-10-25,8.2,0.1,0.88,5.3,0.1,0.8,5.0,0.0,0.92
2016-10-26,6.6,0.0,1.48,3.5,0.0,1.27,3.5,0.0,1.35
2016-10-27,7.6,0.7,1.78,4.9,0.2,1.54,4.3,0.0,1.66
2016-10-28,10.0,0.5,1.85,7.1,0.4,1.73,7.5,0.0,2.01
2016-10-29,9.5,0.9,0.77,6.6,0.7,0.77,6.1,0.8,0.93
2016-10-30,9.6,2.4,1.47,6.8,2.8,1.3,5.8,2.0,1.24
2016-10-31,5.6,5.2,0.93,3.0,4.5,0.87,2.7,1.9,1.05
2016-11-01,3.1,1.0,1.37,0.5,2.0,1.24,-0.5,3.5,1.19
2016-11-02,2.6,0.0,1.33,-0.1,0.5,1.21,-1.9,0.5,1.2
2016-11-03,5.9,0.0,2.25,3.2,0.0,2.1,1.8,0.0,2.06
2016-11-04,7.4,0.0,2.18,4.7,0.0,1.98,3.0,0.0,1.86
2016-11-05,8.1,0.0,1.88,5.8,0.0,1.79,3.4,0.0,1.72
2016-11-06,8.1,0.0,1.89,6.0,0.0,1.77,4.1,0.0,1.65
2016-11-07,9.5,0.0,2.11,6.8,0.0,1.94,4.4,0.0,1.74
2016-11-08,10.9,0.2,2.28,8.2,0.2,2.14,6.2,0.0,1.97
2016-11-09,13.5,0.0,2.74,9.9,0.0,2.33,8.2,0.0,2.13
2016-11-10,15.6,0.0,3.44,11.8,0.2,2.92,9.8,0.0,2.62
2016-11-11,12.8,0.1,2.09,10.4,0.0,1.98,7.0,0.0,1.79
2016-11-12,10.2,0.0,1.8,8.4,0.0,1.79,6.4,0.0,1.71
2016-11-13,11.1,0.0,2.4,8.5,0.0,2.17,5.9,0.0,1.91
2016-11-14,9.4,0.0,1.51,7.0,0.0,1.42,5.3,0.0,1.42
2016-11-15,6.7,0.8,0.64,3.3,1.4,0.6,4.1,2.3,0.9
2016-11-16,2.0,11.0,0.38,-0.9,10.9,0.37,-0.9,11.0,0.43
2016-11-17,-0.0,0.3,0.85,-2.5,0.5,0.78,-4.4,1.0,0.81
2016-11-18,2.4,0.0,1.31,-0.8,0.0,1.2,-4.6,0.0,1.09
2016-11-19,3.3,0.0,1.58,0.4,0.0,1.5,-2.3,0.0,1.44
2016-11-20,2.6,0.0,1.82,0.5,0.0,1.74,-1.4,0.0,1.6
2016-11-21,3.6,0.0,1.92,0.4,0.0,1.79,-0.9,0.0,1.85
2016-11-22,2.2,0.0,1.99,-0.9,0.0,1.8,-2.5,0.0,1.7
2016-11-23,2.8,0.0,1.9,-0.2,0.0,1.73,-1.3,0.0,1.84
2016-11-24,2.6,0.0,1.78,-0.2,0.0,1.68,-2.2,0.0,1.78
2016-11-25,2.1,0.0,1.71,-0.8,0.0,1.64,-2.6,0.0,1.72
2016-11-26,2.5,0.0,1.48,-0.5,0.0,1.42,-2.5,0.0,1.56
2016-11-27,2.1,0.0,1.62,-0.7,0.0,1.58,-2.1,0.0,1.65
2016-11-28,3.3,0.0,2.06,-0.6,0.0,1.73,-1.5,0.0,1.63
2016-11-29,4.8,0.1,2.02,0.6,0.0,1.66,-0.2,0.0,1.59
2016-11-30,2.5,17.9,0.35,-0.8,17.4,0.33,-0.6,19.5,0.44
2016-12-01,-0.5,10.1,0.44,-4.0,11.4,0.37,-3.5,12.9,0.4
2016-12-02,-2.1,8.3,0.49,-4.8,9.8,0.42,-6.6,12.9,0.4
2016-12-03,-1.9,2.5,0.66,-4.5,2.5,0.56,-7.4,3.0,0.47
2016-12-04,0.4,0.1,0.78,-1.5,0.2,0.7,-4.1,0.7,0.63
2016-12-05,-1.0,0.5,0.65,-3.4,0.7,0.59,-4.8,1.4,0.59
2016-12-06,-4.2,0.0,0.81,-7.4,0.0,0.74,-13.8,0.0,0.5
2016-12-07,-3.1,1.6,0.96,-5.1,1.6,0.93,-12.8,1.0,0.67
2016-12-08,-3.9,0.7,0.68,-7.0,0.9,0.61,-10.5,1.0,0.55
2016-12-09,-2.8,0.0,0.75,-6.6,0.0,0.67,-12.9,0.2,0.45
2016-12-10,1.1,1.1,0.6,-2.3,1.8,0.5,-4.7,5.7,0.44
2016-12-11,0.3,1.0,0.49,-2.3,1.5,0.44,-4.7,2.9,0.41
2016-12-12,0.2,0.0,0.85,-2.8,0.0,0.76,-5.1,0.2,0.64
2016-12-13,1.2,21.7,0.38,-2.0,21.5,0.39,-2.7,18.6,0.5
2016-12-14,-6.4,6.7,0.39,-8.9,7.2,0.33,-10.2,7.1,0.28
2016-12-15,-6.8,0.2,0.6,-10.2,0.7,0.52,-11.9,0.4,0.49
2016-12-16,-5.1,0.5,0.67,-8.8,0.8,0.58,-12.5,0.8,0.5
2016-12-17,-5.2,0.1,0.55,-8.5,0.2,0.5,-11.5,0.1,0.43
2016-12-18,-7.7,0.0,0.57,-11.9,0.0,0.46,-15.2,0.0,0.39
2016-12-19,-7.5,0.0,0.67,-12.3,0.0,0.54,-16.4,0.0,0.46
2016-12-20,-9.8,0.0,0.54,-13.5,0.0,0.45,-16.9,0.0,0.4
2016-12-21,-7.5,0.0,0.64,-10.7,0.0,0.58,-14.6,0.0,0.42
2016-12-22,-6.4,0.0,0.79,-9.0,0.0,0.75,-12.1,0.0,0.56
2016-12-23,-3.4,0.0,1.16,-5.8,0.0,1.09,-9.8,0.0,0.76
2016-12-24,-1.1,0.0,0.94,-3.3,0.0,0.9,-5.8,0.0,0.62
2016-12-25,-0.8,1.5,0.46,-4.0,1.6,0.41,-5.5,1.6,0.44
2016-12-26,-1.2,0.4,0.65,-4.0,0.2,0.59,-5.9,0.1,0.56
2016-12-27,0.4,3.9,0.68,-2.0,3.3,0.7,-3.9,1.5,0.66
2016-12-28,0.1,3.6,0.57,-2.3,3.7,0.53,-3.7,3.7,0.55
2016-12-29,3.2,1.0,1.0,-0.4,1.1,0.81,-1.3,1.1,0.67
2016-12-30,2.5,2.0,0.73,-1.1,2.6,0.63,-2.1,3.8,0.61
2016-12-31,2.1,4.2,0.67,-0.4,3.4,0.69,-3.5,2.2,0.64
2017-01-01,-2.4,0.0,0.75,-6.1,0.0,0.51,-6.5,0.4,0.47
2017-01-02,-3.3,0.0,0.89,-9.0,0.0,0.65,-8.9,0.0,0.74
2017-01-03,-1.5,0.0,0.84,-5.7,0.0,0.61,-6.5,0.0,0.57
2017-01-04,-2.2,0.0,0.93,-7.4,0.0,0.62,-7.8,0.0,0.63
2017-01-05,1.4,0.9,1.27,-4.1,2.0,0.79,-4.9,1.3,0.68
2017-01-06,4.4,1.5,1.42,-0.3,2.4,0.85,-1.3,2.2,0.78
2017-01-07,5.2,0.2,1.63,0.0,0.5,0.82,-1.3,0.0,0.78
2017-01-08,-0.8,36.7,0.45,-1.8,28.5,0.48,-1.1,10.6,0.65
2017-01-09,-4.7,24.3,0.33,-5.5,27.0,0.35,-2.5,20.9,0.55
2017-01-10,-5.8,0.0,0.72,-6.6,0.0,0.73,-6.3,0.0,0.92
2017-01-11,-0.7,0.5,1.09,-3.6,0.2,0.87,-4.7,0.4,0.87
2017-01-12,-3.7,0.1,0.91,-5.0,0.3,0.79,-5.4,0.3,0.99
2017-01-13,-4.7,2.1,0.76,-7.2,2.3,0.64,-7.7,1.6,0.66
2017-01-14,-6.4,0.0,0.86,-6.9,0.0,0.95,-7.4,0.0,1.09
2017-01-15,-4.9,0.0,0.95,-5.8,0.0,0.94,-6.4,0.0,0.95
2017-01-16,-2.3,0.0,0.97,-4.4,0.0,0.95,-4.5,0.0,1.09
2017-01-17,-0.3,1.5,0.88,-3.0,0.2,0.84,-2.9,0.3,0.93
2017-01-18,-0.8,0.5,0.99,-2.9,0.8,0.95,-3.4,0.0,1.03
2017-01-19,-0.3,3.4,0.38,-2.3,2.5,0.42,-3.9,0.7,0.57
2017-01-20,-1.8,2.0,0.49,-4.6,1.4,0.56,-5.7,0.0,0.69
2017-01-21,-5.4,0.7,0.6,-8.7,0.8,0.56,-10.3,0.0,0.57
2017-01-22,-7.9,0.0,0.76,-8.9,0.0,0.71,-10.6,0.0,0.7
2017-01-23,-8.7,0.0,0.76,-9.9,0.0,0.8,-9.8,0.0,0.92
2017-01-24,-4.9,0.8,1.09,-7.2,0.0,1.18,-7.5,0.0,1.36
2017-01-25,-0.2,4.9,0.81,-3.6,3.7,0.85,-4.2,5.5,0.89
2017-01-26,-3.5,13.1,0.41,-6.5,13.8,0.31,-7.3,12.8,0.31
2017-01-27,-7.2,2.3,0.64,-10.6,4.3,0.45,-12.1,3.0,0.39
2017-01-28,-7.8,3.7,0.44,-11.2,6.3,0.36,-12.8,2.1,0.41
2017-01-29,-7.3,0.4,0.72,-10.0,0.6,0.58,-12.9,0.3,0.57
2017-01-30,-6.1,2.6,0.6,-9.4,2.0,0.66,-11.9,0.3,0.75
2017-01-31,-9.7,6.4,0.59,-12.9,5.4,0.46,-14.5,2.4,0.4
2017-02-01,-9.7,4.7,0.35,-12.8,4.4,0.32,-13.4,3.6,0.33
2017-02-02,-8.9,0.0,0.97,-11.4,0.0,0.9,-11.2,0.0,1.0
2017-02-03,-8.3,0.0,0.99,-10.0,0.0,1.01,-11.5,0.0,1.05
2017-02-04,-2.7,0.0,1.19,-6.3,0.0,1.1,-6.6,0.0,1.16
2017-02-05,-0.2,0.1,0.83,-3.9,0.8,0.68,-4.9,0.3,0.76
2017-02-06,1.7,1.8,0.97,-1.2,0.4,0.7,-2.8,1.7,0.6
2017-02-07,1.3,0.0,1.36,0.4,0.0,1.14,-0.6,0.0,1.07
2017-02-08,0.1,0.0,1.32,-0.9,0.0,0.97,-1.2,0.0,1.17
2017-02-09,1.8,0.0,1.43,-1.2,0.0,1.13,-2.6,0.0,1.03
2017-02-10,-0.1,0.7,0.6,-2.0,0.6,0.68,-2.9,0.3,0.89
2017-02-11,-3.3,0.4,0.84,-5.4,0.3,0.84,-7.1,0.0,1.0
2017-02-12,-5.0,1.7,0.66,-8.9,1.7,0.63,-10.7,0.3,0.68
2017-02-13,-5.2,4.4,0.65,-9.3,3.7,0.56,-11.4,2.0,0.52
2017-02-14,-5.1,2.6,0.87,-9.9,2.6,0.72,-11.9,1.0,0.68
2017-02-15,-5.7,4.1,0.83,-10.9,2.6,0.66,-13.0,1.9,0.76
2017-02-16,-5.5,7.5,0.65,-9.6,9.9,0.47,-11.1,4.7,0.53
2017-02-17,-7.4,1.9,0.7,-11.1,2.7,0.59,-12.1,1.4,0.65
2017-02-18,-3.4,0.0,1.84,-8.1,0.0,1.32,-9.6,0.0,1.37
2017-02-19,-1.1,0.0,1.97,-6.4,0.0,1.51,-7.1,0.0,1.61
2017-02-20,-1.2,0.0,2.04,-5.4,0.0,1.56,-6.0,0.0,1.71
2017-02-21,1.2,2.0,1.56,-3.0,1.6,1.38,-4.2,0.7,1.39
2017-02-22,2.3,3.8,1.46,-1.0,4.2,1.17,-2.5,5.5,1.07
2017-02-23,1.9,0.6,1.86,-1.2,0.4,1.43,-3.4,0.5,1.2
2017-02-24,3.9,0.0,2.35,0.2,0.0,1.83,-1.6,0.0,1.71
2017-02-25,4.7,0.0,2.32,0.7,0.0,1.76,-0.6,0.0,1.67
2017-02-26,2.5,0.7,1.17,0.1,0.4,1.46,-0.3,0.1,1.76
2017-02-27,5.2,0.0,2.13,1.2,0.0,1.79,-0.5,0.0,1.82
2017-02-28,5.6,0.0,2.51,3.0,0.0,2.07,1.0,0.0,2.07
2017-03-01,7.8,0.0,2.66,4.2,0.0,2.23,2.7,0.0,2.04
2017-03-02,7.9,0.0,2.15,3.5,1.5,1.52,2.4,3.7,1.54
2017-03-03,5.2,5.7,1.36,1.7,0.7,1.28,0.8,0.6,1.36
2017-03-04,1.1,7.2,0.55,-1.7,8.3,0.6,-2.5,2.2,0.62
2017-03-05,2.7,0.1,1.78,-0.5,0.0,1.79,-0.6,0.0,1.87
2017-03-06,4.3,0.0,2.72,1.6,0.0,2.3,0.8,0.0,2.35
2017-03-07,6.0,0.0,2.74,2.4,0.0,2.29,1.2,0.0,2.23
2017-03-08,6.6,0.0,2.84,2.6,0.0,2.36,1.7,0.0,2.21
2017-03-09,7.7,0.0,2.79,4.0,0.0,2.28,3.3,0.0,2.15
2017-03-10,9.5,0.7,2.76,5.8,0.0,2.36,4.6,0.0,2.27
2017-03-11,6.8,6.2,1.11,3.1,7.2,1.09,2.4,7.3,1.09
2017-03-12,7.2,0.3,2.17,3.1,1.0,1.57,1.9,1.1,1.26
2017-03-13,6.5,1.4,1.88,1.9,4.2,1.33,1.1,4.9,1.05
2017-03-14,3.4,13.7,1.16,0.5,6.8,1.28,-0.4,8.1,1.39
2017-03-15,1.8,6.8,1.51,-1.5,4.4,1.39,-3.1,4.0,1.2
2017-03-16,2.2,2.8,1.38,-1.6,4.1,1.39,-2.9,1.8,1.35
2017-03-17,2.8,2.1,2.03,-0.9,1.4,1.68,-2.2,1.5,1.57
2017-03-18,0.9,7.2,1.03,-2.3,10.0,0.96,-3.5,15.3,0.86
2017-03-19,3.8,0.0,2.73,-0.6,0.0,2.15,-2.9,0.0,2.13
2017-03-20,2.6,8.3,1.43,-1.1,8.0,1.25,-3.6,7.9,1.32
2017-03-21,1.5,2.5,1.24,-1.6,4.3,1.19,-3.1,2.9,1.3
2017-03-22,2.0,5.6,1.79,-1.8,2.3,1.5,-4.2,1.1,1.53
2017-03-23,1.5,0.0,2.46,-2.2,0.0,1.97,-4.6,0.0,1.81
2017-03-24,3.1,0.0,2.41,-0.3,0.0,2.18,-3.2,0.0,2.01
2017-03-25,6.5,0.0,3.07,3.7,0.0,2.74,1.7,0.0,2.62
2017-03-26,8.0,1.2,3.12,4.1,0.5,2.75,1.9,0.0,2.55
2017-03-27,5.5,24.5,1.38,2.4,12.1,1.61,1.4,14.3,1.57
2017-03-28,1.7,0.0,2.33,-2.4,0.2,2.2,-3.0,0.0,2.09
2017-03-29,5.1,0.0,3.14,3.4,0.0,2.85,1.5,0.0,2.88
2017-03-30,8.8,0.3,3.43,4.4,0.0,2.95,2.8,0.8,2.95
2017-03-31,7.6,0.0,2.95,3.6,0.0,2.48,2.7,0.1,2.4
2017-04-01,3.9,0.0,1.57,0.9,1.0,1.82,1.2,3.0,1.63
2017-04-02,5.3,0.0,2.63,0.6,0.0,2.24,-0.7,0.0,2.0
2017-04-03,5.2,0.0,3.07,1.0,0.0,2.62,-0.7,0.0,2.12
2017-04-04,7.3,0.0,3.85,4.0,0.0,3.62,2.2,0.0,3.33
2017-04-05,10.4,0.0,3.85,5.9,0.0,3.25,4.7,0.0,3.37
2017-04-06,10.6,2.3,3.46,5.9,3.0,2.93,4.6,1.9,2.59
2017-04-07,7.9,5.6,2.15,3.7,1.9,1.96,2.0,4.1,1.76
2017-04-08,6.3,9.5,2.61,2.6,7.3,2.11,2.2,7.2,1.92
2017-04-09,3.2,0.5,2.16,-1.2,1.3,1.81,-2.6,2.6,1.84
2017-04-10,2.9,1.1,2.42,-1.4,2.4,2.24,-2.3,0.6,2.27
2017-04-11,3.9,1.3,2.7,-0.5,0.3,2.61,-1.4,0.1,2.54
2017-04-12,6.9,1.2,3.04,2.1,1.6,2.57,1.7,1.5,2.77
2017-04-13,8.5,7.3,1.15,4.6,10.3,1.38,4.6,8.4,1.6
2017-04-14,7.8,1.0,1.12,3.9,0.6,1.13,3.3,1.3,1.62
2017-04-15,7.4,0.0,2.94,3.1,0.1,2.84,2.1,0.1,2.91
2017-04-16,9.3,0.0,3.71,4.1,0.2,3.18,2.3,0.0,3.07
2017-04-17,11.3,0.9,3.95,5.5,0.0,3.37,5.4,0.0,3.12
2017-04-18,12.4,0.7,4.25,6.7,1.8,3.24,4.7,2.1,2.15
2017-04-19,10.1,0.3,3.61,6.1,0.3,3.27,3.7,0.2,2.63
2017-04-20,11.0,1.0,3.57,7.3,0.5,3.3,7.0,0.6,3.44
2017-04-21,10.3,4.7,2.15,7.6,7.2,2.26,7.7,5.0,2.58
2017-04-22,6.7,3.6,1.62,5.1,3.2,1.75,6.0,2.3,2.04
2017-04-23,10.3,2.6,2.71,7.8,4.3,2.74,7.6,6.4,3.07
2017-04-24,4.9,4.6,2.97,1.5,5.4,2.65,0.4,0.9,2.71
2017-04-25,4.1,0.1,3.31,0.3,0.3,2.73,-0.8,0.0,2.78
2017-04-26,7.6,0.0,4.05,6.9,0.0,3.92,6.1,0.0,4.27
2017-04-27,11.8,0.0,4.39,9.6,0.0,4.33,9.2,0.0,4.61
2017-04-28,12.7,0.0,4.03,10.6,2.0,3.89,9.7,1.3,4.13
2017-04-29,13.7,0.0,4.74,12.0,0.1,4.4,10.9,0.1,4.43
2017-04-30,15.1,0.0,4.74,12.5,0.1,4.47,9.7,0.1,4.49
2017-05-01,15.7,0.2,4.65,12.4,0.3,4.3,12.2,0.6,4.22
2017-05-02,15.5,0.0,3.69,11.9,0.8,3.2,10.5,7.0,3.14
2017-05-03,9.8,8.4,1.14,6.5,6.3,1.07,6.5,0.9,1.62
2017-05-04,11.6,6.4,2.1,8.4,1.2,1.89,7.4,0.3,2.03
2017-05-05,13.1,0.0,4.03,10.1,0.0,3.68,8.2,0.0,3.86
2017-05-06,14.0,0.0,4.41,11.6,0.0,4.16,10.5,0.7,4.32
2017-05-07,11.6,5.1,2.86,8.4,6.3,2.3,5.9,15.7,1.2
2017-05-08,13.8,1.4,3.8,10.1,2.2,3.35,8.1,1.6,3.01
2017-05-09,16.3,1.3,4.07,12.6,3.2,3.72,10.8,1.9,3.58
2017-05-10,16.0,4.1,3.99,12.4,7.1,3.44,11.4,6.7,3.59
2017-05-11,9.6,0.0,1.87,6.6,0.2,1.97,6.0,1.1,2.41
2017-05-12,12.0,0.0,4.57,9.1,0.0,4.25,8.1,0.0,4.25
2017-05-13,17.1,0.0,5.18,14.1,0.2,4.82,13.4,0.1,4.77
2017-05-14,17.7,0.0,4.62,14.3,6.0,4.19,13.9,0.5,4.44
2017-05-15,12.1,2.2,2.4,8.9,4.9,2.26,8.0,1.1,2.51
2017-05-16,9.9,3.1,1.95,7.1,6.4,1.88,6.1,5.3,1.86
2017-05-17,10.7,0.0,3.11,7.3,0.0,3.12,7.0,0.0,3.49
2017-05-18,11.2,4.2,2.52,9.2,7.6,2.68,9.9,9.0,2.64
2017-05-19,9.4,10.4,1.46,7.8,20.7,2.01,9.2,12.6,2.7
2017-05-20,6.8,7.0,1.04,4.2,5.0,0.97,3.9,8.4,1.01
2017-05-21,10.8,0.0,3.84,7.6,0.0,3.52,6.4,0.0,3.5
2017-05-22,9.9,13.1,2.03,7.6,15.8,1.67,7.3,18.3,2.32
2017-05-23,8.8,5.6,2.75,6.3,9.4,2.56,5.4,9.6,2.17
2017-05-24,8.7,0.0,3.11,6.3,0.0,3.32,4.8,0.0,3.39
2017-05-25,12.6,0.0,4.56,10.7,0.0,4.22,8.8,0.0,4.13
2017-05-26,13.6,0.3,3.71,11.1,1.4,3.56,10.2,4.3,3.4
2017-05-27,12.5,14.8,3.31,9.6,11.5,3.3,8.7,6.7,3.22
2017-05-28,12.4,6.8,2.95,9.3,11.6,2.79,9.0,5.1,2.95
2017-05-29,13.6,0.0,3.86,11.3,2.9,3.87,11.5,0.4,4.7
2017-05-30,16.1,0.6,5.02,13.2,4.5,4.81,12.8,1.8,5.27
2017-05-31,12.3,1.8,3.02,9.6,5.6,2.77,8.8,7.2,2.86
2017-06-01,13.6,0.0,3.73,10.1,1.6,3.21,8.2,0.8,3.07
2017-06-02,14.5,0.4,3.71,11.4,2.1,3.22,9.0,1.7,2.69
2017-06-03,16.4,0.0,4.88,13.6,0.0,4.21,12.7,0.0,3.99
2017-06-04,17.6,0.0,4.91,15.3,0.2,4.49,14.5,0.6,4.67
2017-06-05,18.7,1.9,4.74,17.4,0.0,4.74,17.0,0.6,4.97
2017-06-06,17.0,8.2,3.81,14.4,5.8,3.61,15.3,3.7,4.02
2017-06-07,16.9,0.8,3.62,14.1,1.5,3.45,12.5,2.2,3.55
2017-06-08,19.1,0.0,5.4,16.5,0.0,5.07,15.2,0.0,5.14
2017-06-09,19.2,4.6,4.81,17.9,6.0,4.71,17.5,2.3,4.81
2017-06-10,14.6,16.8,2.33,12.4,14.1,2.41,12.4,10.8,3.18
2017-06-11,15.6,0.0,3.59,12.2,0.8,3.32,11.0,0.0,3.23
2017-06-12,15.4,0.0,3.61,12.3,0.5,3.23,11.1,0.0,3.54
2017-06-13,17.6,0.0,5.13,14.3,0.0,4.75,13.6,0.0,5.05
2017-06-14,15.0,6.1,2.32,12.9,3.3,2.23,12.6,4.9,3.13
2017-06-15,14.6,0.0,3.32,10.9,0.0,2.96,9.7,0.1,3.05
2017-06-16,12.9,1.1,2.24,9.5,2.5,2.24,8.7,3.8,2.73
2017-06-17,14.5,0.0,5.16,11.8,0.0,4.95,10.5,0.0,5.09
2017-06-18,16.8,4.8,3.96,14.7,4.4,4.01,14.2,0.3,4.28
2017-06-19,14.7,12.4,2.72,13.1,31.8,2.96,13.5,15.0,3.41
2017-06-20,13.7,2.3,3.19,11.1,3.9,3.01,10.5,11.0,2.97
2017-06-21,14.0,0.2,2.86,10.7,0.8,2.57,9.2,2.1,2.26
2017-06-22,15.2,2.4,3.35,11.6,1.5,3.11,10.0,1.2,2.93
2017-06-23,16.4,0.2,3.94,13.5,0.2,3.71,11.6,0.0,4.31
2017-06-24,19.1,0.0,5.43,16.6,0.0,5.21,14.8,0.0,5.31
2017-06-25,18.1,0.0,4.48,14.9,0.0,4.39,13.2,0.0,4.5
2017-06-26,18.6,0.0,5.1,16.1,0.0,4.94,15.8,0.0,5.23
2017-06-27,21.4,0.0,5.76,19.2,0.0,5.44,19.2,0.0,5.62
2017-06-28,20.9,0.0,5.56,19.8,0.0,5.36,18.2,0.0,5.82
2017-06-29,20.7,0.0,5.1,18.3,0.0,5.12,17.4,0.0,5.39
2017-06-30,21.1,0.0,5.81,17.3,0.0,5.19,15.1,0.0,5.35
2017-07-01,21.3,0.0,5.79,16.8,0.0,5.25,15.7,0.0,5.25
2017-07-02,23.3,0.0,6.15,21.9,0.0,5.86,21.2,0.0,6.15
2017-07-03,27.0,0.0,6.3,24.0,0.0,6.16,24.4,0.0,6.82
2017-07-04,23.9,0.2,5.51,21.2,1.5,5.3,21.8,0.5,6.4
2017-07-05,17.5,0.2,2.04,13.7,2.1,2.1,13.3,0.0,3.2
2017-07-06,16.4,0.6,2.48,12.9,1.5,2.86,12.7,0.4,3.82
2017-07-07,15.5,1.2,2.88,11.5,1.8,2.57,10.7,0.0,3.25
2017-07-08,15.0,0.2,3.37,11.2,0.0,3.19,10.4,0.0,3.78
2017-07-09,16.5,0.0,5.3,13.4,0.0,4.85,12.6,0.0,5.04
2017-07-10,18.5,0.0,5.39,14.9,0.0,4.97,13.3,0.0,5.32
2017-07-11,18.5,0.0,5.44,14.8,0.0,5.01,13.6,0.0,5.1
2017-07-12,18.7,0.0,5.57,15.6,0.0,5.28,14.2,0.0,5.55
2017-07-13,19.5,0.0,5.77,16.4,0.0,5.37,14.6,0.0,5.65
2017-07-14,20.1,0.0,5.68,16.9,0.0,5.28,15.2,0.0,5.54
2017-07-15,20.6,0.0,5.63,17.3,0.0,5.38,16.4,0.0,5.73
2017-07-16,21.1,0.9,5.35,18.6,0.0,5.07,19.0,0.8,5.61
2017-07-17,21.6,0.0,5.43,19.7,0.0,5.36,21.4,0.0,6.61
2017-07-18,22.9,0.0,5.89,22.1,0.0,6.15,23.1,0.0,6.24
2017-07-19,20.1,1.4,3.66,17.2,1.1,4.1,17.4,0.5,4.77
2017-07-20,18.4,2.0,2.75,15.3,5.9,2.77,15.3,0.0,3.93
2017-07-21,19.1,0.0,5.11,15.8,0.0,4.82,15.7,0.0,4.96
2017-07-22,19.9,0.0,5.48,17.0,0.0,5.23,16.5,0.0,5.44
2017-07-23,18.7,0.6,3.23,15.4,0.7,3.72,15.1,0.0,4.99
2017-07-24,18.9,1.1,3.69,15.3,0.3,3.59,14.8,0.0,4.86
2017-07-25,20.2,0.0,4.47,16.3,0.0,4.28,15.8,0.0,4.95
2017-07-26,24.4,0.0,6.23,21.4,0.0,6.07,20.7,0.0,6.21
2017-07-27,26.9,0.0,6.37,23.6,0.0,6.48,22.6,0.0,6.78
2017-07-28,25.8,0.0,6.06,22.8,0.0,6.51,22.6,0.0,7.41
2017-07-29,20.1,0.0,4.55,16.5,0.4,4.35,16.1,0.4,4.74
2017-07-30,18.9,0.1,4.39,14.5,0.0,4.33,14.0,0.0,4.57
2017-07-31,18.6,0.0,3.66,14.7,1.9,3.46,15.1,0.0,4.51
2017-08-01,20.1,0.0,4.64,16.5,0.0,4.45,17.3,0.0,5.13
2017-08-02,20.6,0.0,4.97,18.3,0.0,5.03,20.1,0.0,5.61
2017-08-03,21.5,0.0,4.83,19.1,0.0,4.73,20.5,1.3,5.48
2017-08-04,21.5,0.1,4.67,18.9,0.1,4.8,20.7,0.1,5.66
2017-08-05,22.3,0.1,4.72,19.5,0.3,4.87,19.3,0.0,5.06
2017-08-06,23.1,0.0,5.29,21.1,3.1,5.34,21.0,0.0,5.89
2017-08-07,24.2,0.0,5.16,22.3,0.0,5.24,22.5,0.0,6.46
2017-08-08,24.0,0.0,5.5,22.3,0.0,5.4,22.5,0.0,6.2
2017-08-09,23.5,0.0,5.39,20.2,0.0,5.27,19.7,1.0,5.2
2017-08-10,22.6,0.0,5.02,18.4,0.0,4.82,18.4,0.0,5.1
2017-08-11,22.2,0.0,5.25,19.4,0.0,4.89,19.5,0.1,5.07
2017-08-12,22.1,0.4,4.23,19.4,1.0,4.36,19.0,0.1,4.57
2017-08-13,24.0,0.0,4.9,21.0,0.1,4.74,20.2,0.2,4.84
2017-08-14,25.0,0.1,5.57,22.9,0.0,5.73,21.5,0.0,6.25
2017-08-15,21.5,1.0,3.24,18.4,1.4,3.34,17.9,0.0,3.79
2017-08-16,21.6,1.3,3.53,18.2,2.6,3.51,17.8,0.2,3.94
2017-08-17,22.0,1.3,4.16,18.4,4.2,3.96,17.6,3.7,3.99
2017-08-18,21.8,0.0,4.56,18.4,0.0,4.27,17.8,0.1,4.59
2017-08-19,21.5,0.3,4.09,18.6,0.1,4.08,17.9,0.2,4.18
2017-08-20,22.2,0.1,4.22,19.1,0.0,4.23,18.4,0.1,4.28
2017-08-21,23.4,0.0,5.15,21.1,0.0,5.15,21.1,0.0,6.18
2017-08-22,21.8,1.2,3.95,18.3,1.9,3.95,18.0,0.0,4.3
2017-08-23,18.8,0.5,2.64,15.5,1.5,2.77,15.2,1.7,3.52
2017-08-24,18.3,0.6,2.9,15.1,0.6,3.46,14.4,0.0,4.11
2017-08-25,16.9,0.2,1.98,13.3,6.2,1.93,13.2,0.1,3.08
2017-08-26,16.5,0.3,2.8,12.8,0.0,2.84,12.3,0.1,3.45
2017-08-27,18.0,0.0,3.37,14.4,0.0,3.61,13.3,0.3,3.74
2017-08-28,19.3,0.0,4.33,16.3,0.1,4.08,15.8,0.0,4.36
2017-08-29,18.5,0.1,2.8,15.4,0.6,3.04,15.3,0.0,3.91
2017-08-30,17.3,0.4,2.55,14.3,2.9,2.66,14.4,0.0,3.46
2017-08-31,16.1,0.1,2.87,13.8,3.0,3.09,13.8,2.3,3.23
2017-09-01,15.9,0.0,3.95,13.0,0.1,3.86,13.2,0.0,4.19
2017-09-02,18.5,0.0,4.65,15.5,0.0,4.42,14.3,0.0,4.89
2017-09-03,21.1,0.0,5.0,19.3,0.0,4.78,18.7,0.0,5.16
2017-09-04,23.4,0.0,5.51,20.9,0.0,5.15,20.8,0.0,5.51
2017-09-05,20.1,0.0,4.47,20.2,0.0,4.78,20.8,0.0,4.96
2017-09-06,16.5,1.7,2.89,14.7,1.6,3.14,16.4,3.5,3.98
2017-09-07,14.6,0.7,2.92,11.4,2.5,2.62,10.5,0.8,2.67
2017-09-08,18.9,0.0,4.52,17.3,0.0,4.42,15.9,0.0,4.44
2017-09-09,21.5,0.0,4.65,19.9,0.0,4.63,21.0,0.0,5.28
2017-09-10,22.0,0.0,4.75,19.8,0.0,4.59,19.3,0.0,5.03
2017-09-11,22.9,0.0,5.19,21.8,0.0,5.04,18.6,0.0,5.4
2017-09-12,24.2,0.0,5.1,21.0,0.0,4.77,20.5,0.0,5.02
2017-09-13,22.8,0.0,4.85,20.8,0.0,5.04,20.1,0.0,5.08
2017-09-14,20.3,0.0,4.17,18.1,0.0,4.05,18.0,0.0,4.6
2017-09-15,23.3,0.0,4.69,22.3,0.0,4.76,22.0,0.0,5.01
2017-09-16,23.7,0.0,4.42,22.3,0.0,4.54,21.2,0.0,5.01
2017-09-17,24.6,0.0,4.78,23.7,0.0,4.94,21.9,0.0,5.32
2017-09-18,25.5,0.0,4.96,24.1,0.0,4.97,22.2,0.0,5.27
2017-09-19,25.2,0.1,4.49,23.4,0.8,4.44,21.3,3.6,4.3
2017-09-20,24.2,0.0,4.72,22.2,0.0,4.25,21.0,1.1,4.44
2017-09-21,23.4,0.4,4.27,21.6,0.8,4.0,20.9,0.3,4.06
2017-09-22,20.7,0.0,4.15,17.9,0.9,4.31,17.5,0.2,4.72
2017-09-23,15.8,1.1,1.87,12.6,2.0,1.78,12.3,1.0,2.19
2017-09-24,16.7,0.0,2.97,13.1,0.1,2.93,12.7,0.0,3.13
2017-09-25,17.4,0.0,3.36,14.5,0.0,3.27,14.9,0.0,3.4
2017-09-26,17.4,0.5,2.26,15.8,1.9,2.47,16.2,0.2,2.91
2017-09-27,15.9,1.1,2.06,12.9,1.6,2.23,12.8,1.7,2.62
2017-09-28,13.1,0.8,2.03,10.6,1.2,2.27,10.3,0.4,2.54
2017-09-29,11.7,0.0,2.71,8.7,0.3,2.58,8.7,0.0,2.73
2017-09-30,13.2,0.6,2.85,10.4,3.0,2.72,11.0,2.8,2.92
2017-10-01,14.2,0.2,2.5,10.5,3.2,2.06,10.2,5.8,2.36
2017-10-02,9.3,28.1,0.44,6.9,33.6,0.48,6.1,11.3,0.66
2017-10-03,7.5,0.0,2.09,4.2,0.0,1.94,3.6,0.0,2.05
2017-10-04,8.8,0.0,2.62,5.1,0.0,2.37,3.4,0.0,2.45
2017-10-05,9.8,0.0,2.69,7.0,0.0,2.53,6.4,0.0,2.79
2017-10-06,11.7,0.0,3.03,9.2,0.0,3.18,8.4,0.0,3.51
2017-10-07,14.6,0.0,3.41,11.7,0.0,3.56,11.4,0.0,4.3
2017-10-08,16.6,0.0,3.59,13.4,0.0,3.71,12.7,0.0,4.35
2017-10-09,11.4,5.9,0.84,9.7,10.6,1.31,10.5,8.8,2.18
2017-10-10,9.1,7.4,0.53,6.3,7.1,0.58,5.4,3.9,0.53
2017-10-11,9.5,1.0,1.59,6.0,0.8,1.23,5.2,0.0,1.35
2017-10-12,9.1,1.3,1.38,5.6,0.5,1.12,4.6,0.0,1.33
2017-10-13,9.4,0.0,2.19,7.1,0.0,2.1,6.5,0.0,2.32
2017-10-14,9.6,0.0,2.26,7.5,0.0,2.1,7.1,0.0,2.29
2017-10-15,8.7,0.3,1.22,5.4,0.4,1.17,4.3,0.4,1.27
2017-10-16,8.8,1.5,0.69,5.5,2.5,0.52,4.0,3.1,0.41
2017-10-17,7.7,0.5,1.64,5.0,0.2,1.56,3.2,0.2,1.56
2017-10-18,10.2,0.0,2.35,8.3,0.0,2.11,5.3,0.0,2.13
2017-10-19,11.4,0.0,2.41,9.4,0.0,2.24,9.6,0.0,2.33
2017-10-20,12.3,0.0,2.43,9.9,0.0,2.26,9.8,0.0,2.47
2017-10-21,13.0,0.0,2.47,9.1,0.0,2.24,9.4,0.0,2.45
2017-10-22,11.8,0.0,2.54,9.1,0.0,2.37,8.2,0.0,2.38
2017-10-23,12.4,0.0,2.49,9.6,0.0,2.55,8.8,0.0,2.91
2017-10-24,14.5,0.0,3.01,11.8,0.0,3.18,11.5,0.0,3.85
2017-10-25,15.7,0.0,2.83,13.1,0.0,3.24,12.5,0.2,3.58
2017-10-26,12.1,0.3,1.62,9.0,5.3,1.51,9.2,2.7,1.97
2017-10-27,10.7,0.0,1.95,8.1,0.0,2.02,7.3,0.0,2.21
2017-10-28,12.7,1.6,2.28,9.7,0.6,2.37,8.4,0.5,2.4
2017-10-29,13.4,3.4,2.27,9.6,7.1,1.67,7.5,10.1,1.01
2017-10-30,10.9,1.9,1.46,7.1,9.3,1.1,5.9,9.6,1.05
2017-10-31,6.8,0.0,1.67,3.0,0.0,1.5,2.4,0.4,1.22
2017-11-01,3.9,0.0,1.41,-0.4,0.0,1.34,-0.8,0.0,1.53
2017-11-02,4.0,0.0,1.52,0.6,0.0,1.52,0.1,0.0,1.65
2017-11-03,5.7,0.0,1.8,3.0,0.0,1.87,2.7,0.0,2.0
2017-11-04,7.1,0.0,1.56,4.2,0.0,1.55,4.1,0.0,1.75
2017-11-05,7.8,4.4,0.89,6.1,3.5,0.93,5.6,2.8,1.21
2017-11-06,9.0,2.7,1.32,6.2,12.2,0.91,5.4,11.0,0.86
2017-11-07,8.3,0.0,1.48,5.3,0.0,1.25,4.7,0.1,1.45
2017-11-08,7.2,0.0,1.19,4.1,0.0,1.16,3.6,0.0,1.22
2017-11-09,6.8,0.0,1.46,3.6,0.0,1.38,2.9,0.0,1.34
2017-11-10,7.7,0.0,1.58,4.4,0.1,1.46,2.4,0.0,1.54
2017-11-11,7.7,0.0,1.54,4.3,0.0,1.54,3.5,0.0,1.59
2017-11-12,8.8,0.3,1.84,6.2,0.0,1.78,4.8,0.1,1.78
2017-11-13,9.8,0.0,1.82,7.2,0.0,2.02,6.8,0.0,2.13
2017-11-14,10.1,0.2,1.71,7.7,0.3,1.86,7.3,0.9,1.85
2017-11-15,9.9,0.0,1.55,7.3,0.0,1.27,6.4,0.0,1.34
2017-11-16,7.6,0.0,1.33,6.4,0.0,1.3,5.8,0.0,1.44
2017-11-17,8.2,0.0,1.53,6.2,0.0,1.53,5.3,0.0,1.79
2017-11-18,9.0,0.0,1.72,6.4,0.0,1.82,6.6,0.0,2.17
2017-11-19,9.6,0.0,2.04,6.7,0.0,2.0,5.5,0.0,1.75
2017-11-20,10.3,0.8,2.0,6.1,0.1,1.38,4.3,0.7,0.9
2017-11-21,5.5,15.7,0.57,2.2,18.7,0.5,1.2,11.3,0.39
2017-11-22,0.4,1.3,0.93,-5.3,1.1,0.74,-6.3,1.9,0.72
2017-11-23,-0.3,9.4,0.29,-4.1,12.2,0.31,-5.6,8.4,0.37
2017-11-24,0.0,1.1,0.68,-4.7,1.2,0.61,-7.0,0.4,0.68
2017-11-25,2.2,0.3,1.04,-2.5,0.3,0.82,-4.4,0.3,0.81
2017-11-26,1.8,0.0,1.22,-3.3,0.0,0.93,-4.0,0.0,0.9
2017-11-27,3.3,0.0,1.15,-1.8,0.0,0.88,-2.3,0.0,0.87
2017-11-28,4.3,5.2,0.61,0.7,6.4,0.52,0.4,9.4,0.55
2017-11-29,4.8,7.6,1.03,1.4,5.2,0.77,0.6,9.7,0.68
2017-11-30,2.4,0.0,1.11,-0.9,0.0,0.8,-2.1,0.0,0.79
2017-12-01,4.3,0.0,1.23,-0.9,0.0,0.92,-1.6,0.0,0.97
2017-12-02,5.4,0.0,1.31,0.3,0.0,1.08,-0.0,0.0,1.15
2017-12-03,6.3,0.0,1.36,2.2,0.0,1.33,0.9,0.0,1.28
2017-12-04,7.9,0.0,1.64,4.8,0.4,1.85,3.3,0.0,1.59
2017-12-05,5.0,14.4,0.61,2.6,10.0,1.03,1.9,6.8,1.1
2017-12-06,-1.2,9.8,0.29,-4.6,13.3,0.27,-5.4,7.1,0.31
2017-12-07,-1.1,1.0,0.55,-5.5,1.3,0.43,-6.9,2.5,0.4
2017-12-08,0.8,0.0,1.0,-4.1,0.0,0.74,-6.1,0.0,0.55
2017-12-09,1.7,0.0,1.16,-3.4,0.0,0.87,-4.1,0.0,0.84
2017-12-10,2.5,0.0,1.28,-2.1,0.0,0.93,-2.7,0.0,0.9
2017-12-11,4.0,1.7,0.86,-0.2,1.7,0.69,-1.5,0.2,0.62
2017-12-12,3.3,0.0,1.21,-1.6,0.0,0.98,-1.5,0.0,1.09
2017-12-13,3.6,0.1,1.15,0.8,0.0,1.15,1.0,0.1,1.39
2017-12-14,2.8,0.0,1.0,0.1,0.0,0.98,-0.4,0.0,1.1
2017-12-15,2.8,0.0,1.24,-0.6,0.0,1.04,-0.7,0.0,1.08
2017-12-16,3.3,0.0,1.32,0.2,0.0,1.01,-0.3,0.0,1.1
2017-12-17,4.8,0.1,0.89,1.6,0.3,0.65,1.1,0.2,0.61
2017-12-18,7.1,0.2,1.05,2.8,0.1,0.7,1.9,0.0,0.71
2017-12-19,6.7,1.6,0.96,3.3,1.3,0.78,2.0,1.2,0.72
2017-12-20,4.2,18.5,0.3,2.1,16.5,0.35,1.4,19.8,0.32
2017-12-21,2.8,0.6,0.69,2.5,0.2,0.81,1.8,0.6,0.91
2017-12-22,2.6,3.6,0.28,2.6,4.1,0.46,2.3,2.1,0.7
2017-12-23,4.8,22.0,0.75,3.1,21.0,0.72,2.4,13.8,0.57
2017-12-24,-1.2,18.3,0.37,-4.3,18.4,0.39,-5.1,22.9,0.39
2017-12-25,-0.6,0.0,0.75,-5.0,0.0,0.67,-6.8,0.0,0.64
2017-12-26,0.2,0.0,1.01,-4.9,0.0,0.82,-7.2,0.0,0.78
2017-12-27,2.6,0.0,1.45,-0.5,0.0,1.33,-1.2,0.0,1.44
2017-12-28,3.7,0.0,1.68,1.4,0.0,1.53,0.5,0.0,1.54
2017-12-29,4.3,0.0,1.46,1.8,0.0,1.31,0.9,0.0,1.32
2017-12-30,5.7,0.0,1.17,3.1,0.6,0.9,2.2,1.3,0.76
2017-12-31,4.9,2.0,0.6,2.0,1.6,0.57,1.1,0.1,0.59
2018-01-01,1.4,9.8,0.24,-1.9,9.5,0.28,-2.5,4.2,0.26
2018-01-02,0.3,0.0,0.9,-5.1,0.0,0.76,-6.3,0.0,0.75
2018-01-03,2.4,0.1,1.23,-2.3,0.0,1.0,-3.4,0.0,0.95
2018-01-04,4.2,7.8,0.95,0.5,2.7,0.72,-0.4,2.4,0.64
2018-01-05,4.6,0.5,0.76,0.2,0.8,0.71,-0.6,1.1,0.67
2018-01-06,2.7,1.3,0.44,-0.8,0.2,0.51,-1.8,0.0,0.48
2018-01-07,1.9,0.0,1.05,-3.0,0.0,0.87,-3.8,0.0,0.88
2018-01-08,1.7,0.0,1.08,-2.9,0.0,0.95,-3.1,0.0,0.97
2018-01-09,2.0,0.0,0.99,-1.9,0.0,0.86,-4.0,0.7,0.85
2018-01-10,2.5,0.0,0.87,-1.6,0.2,0.87,-2.9,0.8,0.99
2018-01-11,4.1,0.1,1.18,0.2,1.5,1.15,-0.9,2.3,1.09
2018-01-12,2.9,2.7,0.63,-0.5,4.9,0.62,-1.8,4.1,0.55
2018-01-13,3.2,7.4,0.68,0.8,0.2,0.61,-0.5,0.4,0.57
2018-01-14,0.3,7.6,0.39,-1.8,8.2,0.44,-1.8,5.1,0.52
2018-01-15,-1.7,3.6,0.45,-5.5,2.6,0.41,-6.6,2.0,0.37
2018-01-16,0.0,3.6,1.05,-5.3,0.8,0.77,-7.1,1.2,0.67
2018-01-17,1.6,1.9,0.68,-2.2,2.9,0.56,-3.4,5.8,0.49
2018-01-18,3.9,11.2,1.13,-0.1,12.4,0.7,-1.3,8.5,0.67
2018-01-19,-0.8,21.4,0.5,-4.0,25.3,0.38,-5.2,28.3,0.28
2018-01-20,-1.3,0.0,1.06,-3.8,0.0,0.83,-4.4,0.0,1.01
2018-01-21,2.7,0.0,1.35,-1.9,0.0,1.11,-2.2,0.0,1.2
2018-01-22,5.0,0.5,1.31,0.1,0.4,0.78,-1.1,0.9,0.73
2018-01-23,2.5,12.1,0.43,-0.6,12.5,0.55,-1.1,8.7,0.62
2018-01-24,-2.7,5.7,0.44,-6.0,7.1,0.38,-7.8,7.6,0.3
2018-01-25,-4.2,11.6,0.35,-7.8,12.0,0.28,-9.2,9.3,0.26
2018-01-26,-4.1,1.9,0.41,-8.1,1.5,0.36,-9.2,1.0,0.42
2018-01-27,-3.0,2.9,0.38,-6.3,2.0,0.4,-8.1,0.0,0.45
2018-01-28,-1.3,1.1,0.57,-5.1,0.6,0.59,-6.8,0.3,0.67
2018-01-29,-1.5,0.0,0.86,-6.2,0.0,0.71,-8.6,0.1,0.72
2018-01-30,-0.0,0.0,1.09,-4.3,0.2,0.89,-6.7,0.4,0.75
2018-01-31,1.8,0.7,0.98,-2.3,0.2,0.83,-4.1,0.3,0.76
2018-02-01,0.6,0.0,1.29,-3.3,0.0,0.95,-4.5,0.0,0.96
2018-02-02,2.2,0.0,1.56,-2.0,0.0,1.3,-3.2,0.0,1.34
2018-02-03,4.0,0.0,1.38,-0.3,0.0,1.23,-1.3,0.0,1.29
2018-02-04,5.9,1.0,0.97,2.5,1.4,0.99,2.6,1.2,1.19
2018-02-05,5.0,0.8,1.22,2.6,1.0,1.13,1.5,1.4,0.85
2018-02-06,3.6,0.5,1.34,0.8,1.3,1.3,0.9,0.0,1.33
2018-02-07,3.9,0.0,1.68,-0.1,0.0,1.38,-0.6,0.0,1.43
2018-02-08,5.9,1.0,1.73,1.3,1.7,1.52,0.7,0.4,1.68
2018-02-09,5.7,2.6,1.43,1.6,2.7,1.4,0.9,0.4,1.4
2018-02-10,5.3,0.6,1.42,1.0,0.8,1.23,0.9,0.3,1.38
2018-02-11,8.8,0.7,2.11,4.1,2.0,1.6,3.2,0.2,1.52
2018-02-12,5.9,2.8,1.7,2.3,0.0,1.42,0.9,1.3,1.19
2018-02-13,2.5,1.0,1.1,-1.3,2.1,1.14,-1.7,0.0,1.18
2018-02-14,3.9,0.0,1.76,-0.7,0.0,1.31,-2.0,0.0,1.21
2018-02-15,6.0,0.2,1.72,1.9,0.0,1.33,0.4,0.0,1.24
2018-02-16,5.6,0.0,1.87,1.5,0.0,1.55,0.6,0.0,1.52
2018-02-17,3.7,1.0,1.31,0.8,0.6,1.2,0.5,0.6,1.19
2018-02-18,0.5,4.4,0.57,-2.7,5.6,0.51,-4.2,3.9,0.38
2018-02-19,2.6,0.0,1.61,-1.6,0.0,1.61,-2.4,0.0,1.63
2018-02-20,4.2,0.1,1.56,0.8,0.0,1.44,0.3,0.1,1.28
2018-02-21,5.4,0.9,1.19,1.5,1.0,0.97,0.6,5.3,0.87
2018-02-22,5.4,0.1,1.78,0.8,0.0,1.43,-0.5,0.0,1.34
2018-02-23,5.1,0.7,1.78,1.5,0.1,1.7,0.4,0.0,1.8
2018-02-24,4.9,0.4,1.67,1.6,0.2,1.67,0.1,0.0,1.8
2018-02-25,3.8,13.2,0.77,0.9,6.6,0.78,-0.3,11.1,0.81
2018-02-26,2.4,1.4,1.23,-0.7,1.4,1.26,-1.8,1.2,1.36
2018-02-27,4.9,5.2,1.28,1.4,5.2,0.92,0.6,7.4,0.85
2018-02-28,6.6,1.6,2.13,2.3,0.5,1.44,0.7,0.4,1.18
2018-03-01,0.1,15.4,0.63,-2.5,14.1,0.67,-2.7,12.7,0.82
2018-03-02,0.9,0.0,1.79,-3.8,0.0,1.49,-4.5,0.1,1.4
2018-03-03,8.2,0.9,1.95,2.7,0.5,1.43,1.4,0.4,1.21
2018-03-04,7.6,4.6,0.98,3.9,8.3,0.93,2.6,6.3,0.96
2018-03-05,5.4,2.0,1.13,3.1,3.3,1.2,0.8,1.6,1.2
2018-03-06,6.3,1.2,1.02,3.7,3.4,0.91,2.3,4.4,1.11
2018-03-07,9.4,0.4,2.5,6.1,0.2,2.07,3.6,0.1,1.73
2018-03-08,8.3,17.4,0.85,5.6,16.2,0.83,3.3,20.6,0.76
2018-03-09,3.9,13.9,0.58,0.5,15.1,0.61,-0.5,9.4,0.76
2018-03-10,3.7,0.0,1.57,-1.0,0.0,1.51,-0.3,0.0,1.69
2018-03-11,5.9,0.0,2.05,2.0,0.0,1.81,0.5,0.0,1.91
2018-03-12,6.8,0.0,2.48,4.5,0.0,2.38,2.2,0.0,2.28
2018-03-13,9.5,0.6,2.61,6.3,0.0,2.52,3.8,0.0,2.29
2018-03-14,8.7,2.9,2.03,5.2,4.0,1.69,3.0,3.1,1.55
2018-03-15,5.8,7.3,1.68,2.9,2.0,1.48,0.7,7.6,1.33
2018-03-16,3.6,6.2,1.03,0.6,8.0,0.98,-0.7,6.0,0.98
2018-03-17,6.3,0.0,2.56,2.2,0.0,2.09,-1.1,0.0,1.9
2018-03-18,11.7,0.0,3.28,8.4,0.0,2.96,5.2,0.0,2.54
2018-03-19,14.0,1.5,3.57,9.9,0.0,3.24,7.8,0.0,3.02
2018-03-20,14.1,0.9,3.5,9.8,1.7,3.04,7.9,4.0,3.09
2018-03-21,10.0,0.2,3.06,6.8,0.0,2.75,5.2,2.2,2.65
2018-03-22,10.5,0.0,2.87,7.7,0.0,2.89,6.5,0.0,2.86
2018-03-23,15.6,0.4,3.61,10.9,0.4,3.34,9.7,0.4,3.68
2018-03-24,10.9,10.2,1.81,8.8,9.0,2.28,6.6,3.8,1.97
2018-03-25,7.7,0.8,2.62,4.8,1.6,2.34,3.1,1.7,2.09
2018-03-26,9.6,0.0,2.68,6.4,0.1,2.33,5.0,0.4,2.28
2018-03-27,12.5,0.3,3.85,9.2,0.0,3.69,8.2,1.0,3.61
2018-03-28,13.5,0.0,3.32,10.8,0.0,3.58,9.2,0.1,3.63
2018-03-29,11.5,5.1,2.57,9.3,7.1,2.68,7.4,8.1,2.23
2018-03-30,4.2,4.8,0.73,1.5,6.4,0.85,0.7,4.1,0.94
2018-03-31,7.2,0.0,3.08,4.0,0.0,2.8,2.4,0.0,2.87
2018-04-01,10.5,0.0,3.78,7.2,0.0,3.45,6.0,0.0,3.39
2018-04-02,9.6,11.3,2.55,6.7,8.5,2.6,6.2,8.7,2.83
2018-04-03,5.2,0.1,2.48,1.7,0.7,2.22,0.5,0.6,2.05
2018-04-04,5.5,0.0,3.13,4.1,0.0,2.88,1.5,0.0,2.88
2018-04-05,8.6,0.0,3.57,7.7,0.0,3.33,6.4,0.0,3.21
2018-04-06,11.3,0.0,3.84,11.0,0.0,3.61,9.7,0.0,3.62
2018-04-07,13.3,0.0,3.74,11.6,0.0,3.86,10.9,0.0,4.2
2018-04-08,13.7,0.0,3.29,11.6,1.0,3.46,10.7,0.0,3.93
2018-04-09,13.3,0.9,3.45,12.1,0.8,3.58,10.7,0.1,3.41
2018-04-10,12.6,2.6,2.98,10.5,4.4,2.78,8.9,1.5,2.47
2018-04-11,13.3,0.0,3.52,10.7,0.5,3.0,9.6,1.0,2.77
2018-04-12,13.7,3.7,3.34,10.5,6.1,2.83,8.9,6.0,2.83
2018-04-13,13.0,0.3,3.66,10.9,1.0,3.3,8.7,0.9,3.2
2018-04-14,11.1,0.0,3.44,8.5,0.0,3.04,6.6,0.0,3.13
2018-04-15,7.4,0.0,3.25,3.9,0.0,2.81,2.7,0.0,2.79
2018-04-16,8.0,0.0,3.76,6.2,0.0,3.67,3.9,0.0,3.8
2018-04-17,11.9,0.0,4.25,10.2,0.0,4.05,8.3,0.0,4.2
2018-04-18,14.4,0.0,4.56,13.3,0.0,4.3,11.6,0.0,4.32
2018-04-19,10.7,0.7,3.15,9.0,0.0,3.01,9.2,0.0,3.21
2018-04-20,7.9,2.6,2.55,4.4,4.8,2.36,3.5,0.9,2.7
2018-04-21,4.3,8.7,1.31,1.3,11.6,1.36,0.5,4.6,1.66
2018-04-22,6.6,0.0,3.2,3.3,0.5,2.84,2.5,0.0,2.98
2018-04-23,11.2,0.0,3.65,8.0,0.1,3.31,6.7,0.2,3.07
2018-04-24,12.3,0.0,4.05,11.0,0.7,3.71,9.3,0.1,3.7
2018-04-25,13.7,0.0,4.52,12.6,0.0,4.07,11.5,1.2,4.24
2018-04-26,14.4,0.0,4.77,13.5,0.0,4.4,12.1,0.1,4.32
2018-04-27,14.8,0.0,4.52,13.6,0.6,3.92,12.6,0.3,3.98
2018-04-28,13.0,0.0,4.32,9.4,0.0,3.8,8.5,0.0,3.79
2018-04-29,13.4,0.0,4.28,10.1,0.0,3.83,9.0,0.0,3.95
2018-04-30,14.8,0.0,4.48,12.7,0.0,4.13,12.2,0.0,4.29
2018-05-01,15.1,7.0,3.53,12.5,4.3,3.4,11.2,2.7,3.13
2018-05-02,16.4,1.5,4.14,12.9,4.7,3.8,11.7,1.1,3.69
2018-05-03,16.3,0.0,4.11,13.2,0.2,3.9,11.8,1.6,3.69
2018-05-04,16.1,3.9,4.03,13.0,4.4,3.55,12.1,1.4,3.38
2018-05-05,15.9,1.7,4.08,12.9,8.4,3.71,11.6,4.4,3.51
2018-05-06,14.8,7.3,2.78,11.9,9.7,2.58,10.7,7.1,2.38
2018-05-07,14.7,23.2,3.81,11.2,25.5,3.22,9.9,14.5,2.89
2018-05-08,13.0,4.7,2.85,9.5,9.2,2.84,8.5,1.6,3.04
2018-05-09,12.4,15.7,2.92,9.6,13.6,2.61,8.4,3.3,2.28
2018-05-10,12.0,10.3,2.26,9.5,6.3,2.21,8.2,12.9,2.19
2018-05-11,11.3,16.6,2.17,8.8,11.7,2.12,7.8,9.1,2.19
2018-05-12,8.8,9.5,0.95,6.1,6.5,0.72,5.4,1.1,1.2
2018-05-13,8.6,3.6,3.08,5.0,5.9,2.58,3.7,4.5,1.56
2018-05-14,11.0,0.0,4.43,8.2,0.0,4.19,7.5,0.0,4.19
2018-05-15,13.3,0.0,4.71,11.2,0.0,4.33,8.3,0.0,4.47
2018-05-16,14.3,0.0,4.95,13.2,0.0,4.84,11.4,0.0,4.96
2018-05-17,16.6,0.0,4.72,14.8,0.0,4.46,13.7,0.0,4.64
2018-05-18,17.2,0.6,4.34,15.6,3.0,4.0,14.5,1.1,4.22
2018-05-19,16.5,2.5,3.62,13.8,9.2,3.4,12.7,12.9,3.36
2018-05-20,15.8,0.2,4.07,12.6,8.4,3.51,11.9,13.4,3.37
2018-05-21,15.4,0.1,3.75,12.3,0.8,3.43,11.4,3.5,3.27
2018-05-22,15.9,0.6,4.34,12.8,2.3,3.88,12.5,0.8,3.94
2018-05-23,16.0,0.1,3.97,12.8,0.2,3.64,12.2,0.5,3.52
2018-05-24,17.1,0.0,4.54,13.9,0.0,4.36,12.4,0.0,4.55
2018-05-25,17.1,0.3,4.42,15.1,3.5,4.18,14.4,2.7,4.36
2018-05-26,17.0,0.3,3.74,14.4,1.0,3.82,15.0,0.1,4.59
2018-05-27,17.9,1.7,3.97,15.0,2.9,4.02,14.5,3.0,4.14
2018-05-28,18.1,3.1,3.93,15.6,3.8,3.85,14.9,0.6,3.97
2018-05-29,14.7,13.1,1.69,12.2,14.0,1.76,11.1,6.2,1.83
2018-05-30,15.0,12.5,3.43,12.3,12.9,3.42,12.0,2.1,3.6
2018-05-31,14.1,7.7,2.86,11.9,11.7,2.66,11.3,8.5,2.85
2018-06-01,14.3,1.1,3.03,11.0,1.3,2.94,10.3,0.2,2.9
2018-06-02,13.0,0.6,2.35,10.2,1.4,2.69,9.9,0.0,3.32
2018-06-03,13.7,0.0,4.59,11.0,0.2,3.78,11.1,0.6,3.68
2018-06-04,15.9,0.0,5.13,12.7,0.0,4.8,12.3,0.1,4.73
2018-06-05,18.1,0.0,5.1,14.7,0.1,4.66,13.4,0.1,4.66
2018-06-06,17.1,6.6,4.18,14.5,9.6,4.06,14.0,8.7,4.4
2018-06-07,17.4,3.9,4.36,13.8,4.8,3.89,13.5,2.7,4.04
2018-06-08,17.2,0.8,3.92,13.7,1.7,3.8,13.3,0.9,4.04
2018-06-09,17.9,0.0,5.29,14.4,0.0,5.0,13.0,0.0,5.02
2018-06-10,18.8,0.0,5.19,16.4,0.0,4.99,15.4,0.0,5.34
2018-06-11,17.4,0.6,4.83,13.9,0.1,4.5,13.3,0.0,4.61
2018-06-12,16.2,0.2,4.38,12.0,0.0,4.12,11.9,0.0,4.53
2018-06-13,17.8,0.1,4.51,15.0,1.8,4.15,14.6,0.9,4.16
2018-06-14,19.8,3.9,4.51,16.7,1.8,4.38,15.2,1.1,4.1
2018-06-15,19.5,7.3,4.14,15.8,10.9,4.09,14.7,10.7,3.83
2018-06-16,19.7,0.0,4.8,15.9,1.1,4.22,14.3,4.0,4.16
2018-06-17,18.2,5.3,3.94,14.9,7.6,3.9,14.0,6.6,3.92
2018-06-18,16.3,14.0,3.23,13.3,25.8,3.27,13.0,6.0,3.63
2018-06-19,17.8,0.0,4.61,14.0,1.5,4.01,13.4,5.3,4.01
2018-06-20,17.3,6.6,3.27,14.4,1.3,3.05,13.5,5.3,3.41
2018-06-21,18.0,1.4,3.79,14.6,2.6,3.63,14.1,2.3,3.63
2018-06-22,18.4,3.5,4.21,14.7,5.7,3.76,14.1,6.0,3.77
2018-06-23,18.1,4.2,4.45,14.8,3.5,4.02,14.1,7.5,3.92
2018-06-24,17.7,2.5,3.98,14.4,0.8,3.61,13.6,0.2,3.82
2018-06-25,17.7,1.3,2.66,14.8,0.7,2.95,14.9,0.9,3.77
2018-06-26,18.7,1.0,3.12,16.2,2.7,3.44,16.4,1.3,4.08
2018-06-27,22.8,0.0,5.69,19.5,0.0,5.57,19.3,0.0,5.85
2018-06-28,24.2,0.0,5.54,21.9,0.0,5.2,21.1,0.0,5.61
2018-06-29,21.6,1.1,4.76,19.9,1.3,5.23,20.6,0.0,5.91
2018-06-30,21.4,0.1,5.17,18.7,1.1,5.1,19.2,0.0,5.86
2018-07-01,21.4,0.2,4.64,18.0,0.7,4.53,18.0,0.0,4.98
2018-07-02,19.5,1.2,2.52,16.8,1.3,3.27,17.1,0.3,4.78
2018-07-03,18.4,1.2,2.36,15.6,1.2,3.01,15.4,0.3,4.27
2018-07-04,17.0,1.0,2.63,13.4,1.3,2.29,13.0,0.4,3.14
2018-07-05,16.2,1.4,2.23,12.3,2.7,2.14,12.1,0.9,2.89
2018-07-06,16.8,1.7,3.11,13.2,3.4,2.68,13.0,0.6,3.49
2018-07-07,18.0,0.0,4.61,13.9,0.0,4.34,13.2,0.0,4.85
2018-07-08,19.7,0.0,5.71,16.9,0.0,5.44,15.9,0.0,5.65
2018-07-09,22.8,0.0,5.55,21.3,0.0,5.6,21.7,0.0,5.67
2018-07-10,22.2,0.0,5.24,19.9,0.0,5.14,22.0,0.0,6.15
2018-07-11,21.6,0.2,5.45,18.9,0.0,5.22,18.6,0.0,5.61
2018-07-12,20.7,0.1,5.32,17.1,0.1,4.77,17.0,0.0,4.88
2018-07-13,19.5,3.6,3.32,16.3,7.1,2.86,16.3,2.3,3.22
2018-07-14,18.5,9.8,3.39,15.5,3.3,2.95,14.7,1.6,2.93
2018-07-15,16.9,14.8,3.17,14.0,16.6,2.75,13.1,4.0,2.55
2018-07-16,17.7,0.5,4.38,14.0,0.3,4.09,13.5,0.0,4.76
2018-07-17,18.4,0.0,4.89,15.2,0.0,4.57,14.3,0.0,5.11
2018-07-18,20.9,0.0,5.15,18.2,0.3,4.93,17.4,0.0,5.19
2018-07-19,20.3,0.1,4.8,17.3,3.4,4.43,17.5,1.6,4.84
2018-07-20,19.5,0.4,4.06,15.9,0.6,3.93,15.6,1.4,4.11
2018-07-21,19.5,0.0,4.86,16.0,0.2,4.6,14.8,0.0,5.07
2018-07-22,19.1,0.5,4.31,15.2,0.2,4.06,14.4,0.0,4.77
2018-07-23,19.6,0.0,4.61,16.3,0.4,4.35,15.0,0.0,4.73
2018-07-24,22.8,0.0,5.04,19.6,0.0,4.94,19.4,0.0,5.59
2018-07-25,23.6,0.0,5.44,20.3,0.0,5.42,20.6,0.0,6.38
2018-07-26,22.8,0.2,4.99,20.0,0.3,5.0,20.6,0.0,5.94
2018-07-27,21.9,2.2,3.95,18.7,0.1,4.12,18.6,0.2,4.81
2018-07-28,21.3,0.6,4.61,18.3,0.0,4.5,17.9,0.0,4.65
2018-07-29,21.5,0.9,4.39,17.7,0.0,4.28,17.6,0.0,4.58
2018-07-30,22.0,0.4,4.42,18.2,0.0,4.21,18.0,0.0,4.43
2018-07-31,22.0,0.8,3.78,18.7,0.0,4.02,18.6,0.0,4.69
2018-08-01,21.8,0.4,4.82,18.6,0.5,4.55,18.4,0.0,4.86
2018-08-02,20.1,4.6,3.17,17.1,8.4,3.0,16.7,1.4,3.46
2018-08-03,19.7,8.7,3.81,16.3,6.6,3.57,15.6,0.4,4.31
2018-08-04,18.6,1.4,3.59,14.6,4.1,3.17,14.1,0.0,4.22
2018-08-05,19.3,0.0,5.0,15.5,0.0,4.63,14.8,0.0,4.94
2018-08-06,19.8,0.0,4.85,16.1,0.1,4.46,15.7,0.0,4.67
2018-08-07,19.7,1.3,3.81,16.1,0.8,3.51,15.4,0.2,3.86
2018-08-08,17.0,8.5,2.17,14.5,10.5,2.07,14.4,4.0,2.29
2018-08-09,17.2,11.8,3.15,14.5,11.6,2.77,13.8,5.3,2.58
2018-08-10,16.6,4.7,3.32,13.6,5.9,2.87,13.2,1.5,3.54
2018-08-11,16.9,0.3,4.43,13.3,1.0,3.87,12.9,0.0,4.07
2018-08-12,16.2,8.4,2.4,13.0,8.6,2.09,12.7,0.5,2.64
2018-08-13,15.7,0.3,3.89,11.7,0.0,3.71,11.3,0.0,3.88
2018-08-14,16.7,0.0,4.53,12.5,0.0,4.04,12.2,0.0,4.19
2018-08-15,18.3,0.2,4.31,14.4,0.0,4.15,14.5,0.0,4.78
2018-08-16,20.1,0.0,4.79,16.5,0.0,4.65,18.1,0.0,5.38
2018-08-17,21.3,0.0,5.06,18.7,0.0,4.85,18.9,0.0,5.52
2018-08-18,19.5,0.7,4.24,16.8,0.7,4.09,16.3,0.2,4.87
2018-08-19,18.7,4.4,3.81,15.4,5.9,3.19,14.5,3.8,3.35
2018-08-20,18.0,3.5,2.61,15.6,3.4,2.92,15.8,1.1,3.79
2018-08-21,19.2,0.0,4.2,16.2,0.2,3.82,16.5,0.3,3.85
2018-08-22,17.4,1.3,2.29,14.0,2.4,1.86,13.9,1.4,2.23
2018-08-23,18.6,0.0,4.4,14.6,0.0,4.03,14.6,0.0,4.44
2018-08-24,19.9,0.0,4.6,16.5,0.0,4.39,17.2,0.0,4.87
2018-08-25,22.0,0.0,5.25,20.1,0.0,4.99,19.2,0.0,5.77
2018-08-26,22.6,0.0,5.21,20.9,0.0,5.2,18.9,0.0,6.1
2018-08-27,21.7,0.0,4.88,19.5,0.0,4.85,18.6,0.0,5.72
2018-08-28,22.0,0.0,4.88,19.8,0.0,4.74,20.3,0.0,5.54
2018-08-29,21.1,0.0,4.42,19.6,1.1,4.5,21.2,0.1,5.35
2018-08-30,20.9,0.3,3.95,18.0,0.2,4.0,20.1,0.0,5.4
2018-08-31,19.9,0.3,3.36,17.1,0.7,3.26,16.9,0.0,3.93
2018-09-01,20.8,0.0,4.62,17.0,0.0,4.19,15.9,0.0,4.54
2018-09-02,20.0,0.1,4.59,17.4,0.5,4.28,15.6,0.0,4.59
2018-09-03,19.4,1.1,3.73,16.1,0.3,3.62,15.4,0.0,4.1
2018-09-04,20.5,0.0,4.63,17.5,0.0,4.43,16.8,0.0,4.9
2018-09-05,22.8,0.0,4.64,21.0,0.0,4.99,20.2,0.0,5.25
2018-09-06,19.4,0.7,3.36,17.2,4.4,3.5,17.4,2.5,4.49
2018-09-07,19.5,0.7,3.63,15.7,0.3,3.36,15.0,2.4,3.43
2018-09-08,18.1,0.0,3.97,14.3,0.0,3.74,14.0,0.0,3.94
2018-09-09,16.9,0.3,3.32,13.3,0.1,3.17,12.6,0.1,3.52
2018-09-10,15.6,3.5,2.14,12.1,9.9,1.74,11.0,2.0,2.05
2018-09-11,15.5,0.0,3.21,12.0,0.8,2.9,11.6,2.5,3.06
2018-09-12,16.9,0.0,3.57,13.3,0.1,3.14,14.6,0.0,3.39
2018-09-13,20.4,0.0,4.28,18.9,0.0,4.89,18.5,0.1,5.73
2018-09-14,19.7,3.0,3.0,16.0,4.6,2.78,16.7,6.1,3.78
2018-09-15,17.9,0.0,3.22,14.4,0.1,3.08,13.6,0.0,3.22
2018-09-16,16.9,0.1,2.94,13.0,0.1,2.79,12.8,0.0,3.24
2018-09-17,14.7,3.1,2.39,11.5,5.0,1.94,11.1,0.1,2.22
2018-09-18,14.1,3.3,1.77,10.6,3.8,1.45,10.4,0.0,2.22
2018-09-19,12.8,0.0,2.99,9.4,0.0,2.8,10.1,0.0,3.09
2018-09-20,13.8,0.0,3.05,10.6,0.0,3.05,11.3,0.0,3.58
2018-09-21,15.2,0.0,3.13,12.0,0.0,3.05,13.4,0.0,3.3
2018-09-22,17.1,0.0,3.57,14.0,0.0,3.43,14.1,0.0,3.6
2018-09-23,17.2,0.0,3.52,13.9,0.0,3.28,13.2,0.0,3.55
2018-09-24,18.4,0.0,3.9,16.5,0.0,3.71,15.9,0.0,3.94
2018-09-25,17.2,1.1,3.74,14.8,1.4,3.77,14.8,0.2,4.12
2018-09-26,10.3,5.6,1.14,7.3,9.5,0.97,7.0,1.2,1.27
2018-09-27,10.5,1.6,1.56,6.7,2.1,1.5,6.7,0.0,2.15
2018-09-28,11.8,0.0,2.59,10.0,0.0,2.71,12.1,0.0,3.38
2018-09-29,16.4,0.0,3.33,13.7,0.0,3.13,13.4,0.0,3.17
2018-09-30,18.2,0.4,3.06,14.7,1.3,2.91,14.6,0.4,3.39
2018-10-01,17.4,0.8,2.48,14.4,2.8,2.31,14.0,2.9,2.7
2018-10-02,17.7,0.1,2.99,14.3,0.3,2.78,13.7,0.3,3.41
2018-10-03,16.8,0.0,3.02,13.3,0.0,2.83,13.2,0.0,3.2
2018-10-04,14.0,1.1,2.35,12.0,1.7,2.48,11.5,0.0,3.08
2018-10-05,9.6,4.0,0.88,6.4,3.9,0.86,6.2,0.3,1.67
2018-10-06,9.3,0.0,1.98,5.4,0.0,1.83,5.2,0.0,2.22
2018-10-07,10.9,0.0,2.67,10.2,0.0,2.88,10.7,0.0,3.71
2018-10-08,15.2,0.0,3.07,13.8,0.8,3.31,14.0,0.7,3.68
2018-10-09,14.2,7.1,1.79,12.0,3.1,1.92,11.2,5.3,1.92
2018-10-10,13.1,5.7,1.35,10.7,3.4,1.42,9.9,2.9,1.72
2018-10-11,14.1,0.0,2.07,10.8,0.3,1.95,10.4,3.9,1.98
2018-10-12,14.9,0.1,2.2,11.3,0.0,2.12,10.7,0.4,2.27
2018-10-13,15.4,0.7,2.34,12.6,1.0,2.28,12.2,0.4,2.46
2018-10-14,15.0,0.3,2.24,12.2,1.0,2.11,11.9,2.2,2.2
2018-10-15,15.9,0.0,2.33,14.2,0.0,2.44,12.7,0.0,2.8
2018-10-16,16.4,0.0,2.64,15.2,0.0,2.75,16.4,0.9,2.78
2018-10-17,16.2,0.0,2.42,13.6,0.8,2.49,13.3,0.0,2.65
2018-10-18,16.1,0.2,2.49,13.4,0.0,2.53,12.2,0.0,2.52
2018-10-19,14.9,1.7,2.25,12.4,2.8,2.23,11.4,0.2,2.06
2018-10-20,13.6,3.2,1.81,10.5,6.7,1.75,10.3,3.0,1.91
2018-10-21,13.0,11.7,1.66,10.2,1.7,1.63,9.1,2.4,1.55
2018-10-22,12.2,0.8,1.57,9.4,0.0,1.59,8.6,0.2,1.66
2018-10-23,13.2,0.0,2.0,10.3,2.8,1.77,9.4,1.4,1.9
2018-10-24,14.0,1.0,2.1,10.5,1.3,1.61,8.9,11.8,1.02
2018-10-25,8.9,33.8,0.76,6.3,34.7,0.84,6.1,27.8,0.98
2018-10-26,3.5,6.4,0.85,-0.9,10.6,0.59,-1.9,9.2,0.49
2018-10-27,6.3,0.0,1.85,0.0,0.0,1.49,-0.4,0.0,1.49
2018-10-28,8.0,0.0,2.02,1.1,0.0,1.63,2.1,0.0,2.0
2018-10-29,10.4,0.0,2.26,7.9,0.0,2.16,8.6,0.0,2.27
2018-10-30,10.8,0.0,2.19,6.2,0.0,2.05,8.0,0.0,2.4
2018-10-31,12.7,0.0,2.14,9.3,0.0,1.92,9.2,0.0,2.12
2018-11-01,10.5,0.0,1.92,10.4,0.0,1.87,7.9,0.0,2.2
2018-11-02,10.2,0.0,1.83,8.9,0.0,1.83,7.0,0.0,2.09
2018-11-03,9.3,0.0,1.53,6.0,0.4,1.58,5.4,0.3,1.57
2018-11-04,8.4,0.0,1.55,7.8,0.0,1.65,6.3,0.0,1.67
2018-11-05,7.4,0.6,1.16,4.3,0.0,1.36,3.6,0.0,1.3
2018-11-06,6.7,0.5,0.68,3.4,0.0,0.94,3.1,0.0,1.21
2018-11-07,8.1,0.0,1.42,4.8,0.0,1.38,4.3,0.0,1.57
2018-11-08,7.8,0.0,1.42,5.9,0.0,1.4,5.1,0.0,1.51
2018-11-09,7.8,0.0,1.42,5.9,0.0,1.34,4.7,0.0,1.35
2018-11-10,7.2,0.0,1.49,5.4,0.0,1.54,5.8,0.0,1.71
2018-11-11,7.0,0.0,1.51,5.2,0.0,1.28,4.4,0.0,1.3
2018-11-12,7.2,0.6,1.04,3.7,0.4,1.08,3.1,0.0,1.28
2018-11-13,4.5,2.2,0.4,1.7,1.3,0.46,0.9,0.0,0.56
2018-11-14,1.2,1.4,0.72,-1.7,1.8,0.59,-2.6,0.1,0.46
2018-11-15,2.7,0.2,0.9,-1.1,0.4,0.8,-2.7,1.3,0.79
2018-11-16,1.5,1.5,0.63,-1.6,4.2,0.56,-2.4,8.3,0.63
2018-11-17,2.4,0.0,1.18,-2.2,0.0,0.95,-4.6,0.0,0.9
2018-11-18,4.0,0.0,1.24,-0.3,0.0,1.12,-2.4,0.0,1.03
2018-11-19,6.7,0.0,1.57,2.8,0.0,1.41,1.0,0.0,1.24
2018-11-20,7.8,2.2,1.17,5.0,0.5,1.27,2.5,0.5,1.12
2018-11-21,7.6,2.3,0.54,4.8,1.9,0.52,3.2,1.9,0.48
2018-11-22,7.6,7.3,0.42,4.5,4.6,0.38,3.0,2.9,0.41
2018-11-23,4.0,2.6,0.29,1.4,1.1,0.34,0.5,0.0,0.37
2018-11-24,1.6,0.0,0.81,-0.9,0.0,0.86,-0.5,0.0,1.03
2018-11-25,3.7,0.0,0.97,1.3,0.0,0.83,1.1,0.1,0.64
2018-11-26,3.7,0.7,1.31,1.1,0.6,1.27,0.3,0.0,1.29
2018-11-27,8.7,1.0,1.06,5.0,1.3,0.85,3.1,3.1,0.68
2018-11-28,10.5,0.1,1.3,6.1,0.2,0.86,4.5,0.1,0.63
2018-11-29,8.9,5.2,0.96,6.4,3.2,0.93,5.0,0.9,0.79
2018-11-30,7.0,2.7,1.1,4.8,0.2,0.93,4.1,1.2,0.73
2018-12-01,5.2,4.4,0.23,2.6,5.0,0.25,1.6,13.3,0.24
2018-12-02,5.0,0.1,0.86,2.2,0.0,0.88,0.6,0.0,0.92
2018-12-03,4.3,0.0,1.17,1.4,0.0,1.06,0.4,0.0,1.08
2018-12-04,5.7,1.7,1.24,3.1,0.0,1.28,2.4,0.0,1.19
2018-12-05,7.3,0.8,1.02,3.7,0.6,0.82,2.4,0.1,0.66
2018-12-06,4.5,2.7,0.33,1.0,1.6,0.3,1.5,0.0,0.52
2018-12-07,0.6,14.9,0.21,-1.6,12.2,0.23,-2.1,5.8,0.29
2018-12-08,-1.1,1.0,0.74,-4.4,1.5,0.72,-4.8,3.2,0.66
2018-12-09,1.2,0.0,1.14,-3.1,0.0,0.93,-3.0,0.0,0.94
2018-12-10,5.3,4.8,0.68,1.9,4.6,0.5,1.3,5.6,0.42
2018-12-11,6.3,11.7,1.31,1.7,13.8,0.82,0.7,12.7,0.49
2018-12-12,0.6,15.0,0.31,-1.7,13.9,0.33,-1.2,15.0,0.37
2018-12-13,-1.1,0.9,0.61,-5.2,0.4,0.46,-6.3,0.2,0.42
2018-12-14,0.6,0.9,0.67,-4.4,1.8,0.51,-5.2,2.2,0.5
2018-12-15,4.3,0.2,0.83,0.0,0.5,0.54,-1.2,0.5,0.44
2018-12-16,4.0,0.0,0.84,-0.0,0.0,0.65,-0.6,0.0,0.69
2018-12-17,5.1,0.0,0.98,1.4,0.0,0.75,0.4,0.0,0.66
2018-12-18,4.0,0.4,0.84,0.2,0.2,0.59,-0.9,0.0,0.51
2018-12-19,5.1,6.5,0.44,1.9,5.5,0.48,1.1,2.1,0.43
2018-12-20,3.9,10.6,0.24,0.6,9.1,0.29,-0.1,6.9,0.28
2018-12-21,3.6,0.7,0.52,-0.9,0.3,0.53,-1.5,0.0,0.59
2018-12-22,2.7,0.0,0.6,-1.9,0.1,0.43,-3.8,0.0,0.43
2018-12-23,2.8,1.7,0.93,-2.1,0.7,0.67,-2.9,0.4,0.73
2018-12-24,2.2,5.5,0.72,-1.2,3.1,0.57,-3.1,2.1,0.58
2018-12-25,3.4,3.8,1.0,-0.9,2.3,0.75,-2.3,0.7,0.68
2018-12-26,-2.3,41.0,0.27,-4.5,39.5,0.21,-4.9,30.7,0.24
2018-12-27,-4.0,3.3,0.24,-7.0,5.1,0.25,-8.0,4.4,0.28
2018-12-28,-3.5,1.4,0.36,-6.7,2.7,0.28,-7.9,1.4,0.28
2018-12-29,-5.8,0.0,0.62,-9.3,0.0,0.61,-9.5,0.0,0.73
2018-12-30,-3.5,1.2,0.47,-6.7,1.6,0.44,-6.7,3.3,0.5
2018-12-31,-5.6,0.0,0.7,-8.2,0.0,0.57,-8.2,0.9,0.58
2019-01-01,-6.6,0.0,0.66,-9.7,0.0,0.54,-9.0,0.5,0.65
2019-01-02,1.1,0.1,0.78,-2.5,0.4,0.65,-2.6,0.3,0.65
2019-01-03,2.7,3.8,0.76,-0.2,2.2,0.6,-1.2,2.9,0.53
2019-01-04,4.7,7.5,0.94,0.9,9.6,0.58,-0.2,11.1,0.41
2019-01-05,2.0,8.6,0.67,-0.3,8.7,0.54,-0.7,21.8,0.39
2019-01-06,1.4,14.1,0.51,-0.7,19.2,0.52,-1.4,22.8,0.48
2019-01-07,-2.8,6.2,0.69,-5.6,4.4,0.51,-6.6,2.8,0.45
2019-01-08,-3.5,18.4,0.39,-6.5,20.5,0.42,-5.9,12.8,0.45
2019-01-09,-6.3,6.6,0.55,-8.5,9.4,0.46,-9.7,10.5,0.41
2019-01-10,-7.6,0.0,0.81,-8.7,0.0,0.81,-9.1,0.0,0.94
2019-01-11,-3.6,0.0,0.97,-6.7,0.0,0.81,-7.0,0.0,0.87
2019-01-12,-3.1,0.0,0.98,-5.7,0.0,0.85,-5.9,0.0,0.91
2019-01-13,-0.7,0.0,0.68,-4.3,0.8,0.58,-4.9,0.6,0.55
2019-01-14,0.1,0.0,1.14,-4.9,0.0,0.71,-5.6,0.0,0.7
2019-01-15,3.6,2.5,1.28,-1.1,4.1,0.75,-2.2,2.8,0.62
2019-01-16,-0.9,37.5,0.3,-3.5,40.1,0.32,-3.7,20.8,0.34
2019-01-17,-5.1,2.5,0.58,-7.9,2.7,0.47,-9.4,3.5,0.35
2019-01-18,-8.5,0.0,0.71,-9.6,0.0,0.67,-11.3,0.0,0.65
2019-01-19,-7.8,0.0,0.78,-8.9,0.0,0.77,-9.9,0.0,0.83
2019-01-20,-6.1,0.0,0.85,-8.0,0.0,0.73,-9.2,0.0,0.78
2019-01-21,-4.4,0.0,1.0,-6.1,0.0,0.83,-6.9,0.0,0.9
2019-01-22,-1.8,0.5,0.61,-4.8,3.1,0.57,-5.5,0.8,0.57
2019-01-23,-1.3,0.0,0.97,-3.5,0.0,0.73,-4.6,0.0,0.72
2019-01-24,3.0,0.0,1.22,-0.9,0.1,0.81,-1.8,0.0,0.66
2019-01-25,4.7,0.2,1.39,0.5,0.7,0.95,-0.8,1.5,0.85
2019-01-26,5.2,0.0,1.33,0.7,0.2,0.7,-0.6,0.3,0.57
2019-01-27,5.7,0.3,1.53,1.2,0.8,0.93,-0.2,4.7,0.58
2019-01-28,2.6,0.0,1.28,-1.2,0.0,1.05,-1.3,0.0,1.03
2019-01-29,1.5,0.0,1.33,-1.8,0.0,0.99,-2.5,0.0,1.11
2019-01-30,3.3,0.0,1.19,-0.4,0.0,0.92,-1.5,0.0,0.84
2019-01-31,5.5,0.1,1.63,0.7,0.4,1.03,-0.7,1.7,0.8
2019-02-01,4.4,4.3,1.31,0.0,4.5,0.89,-1.5,8.1,0.66
2019-02-02,1.4,4.8,0.75,-2.0,4.1,0.66,-3.3,4.2,0.66
2019-02-03,0.7,0.0,1.47,-3.4,0.0,1.2,-5.9,0.0,1.19
2019-02-04,2.5,0.0,1.74,-1.8,0.0,1.4,-2.4,0.0,1.51
2019-02-05,2.8,0.0,2.0,-0.4,0.0,1.69,-1.9,0.0,1.72
2019-02-06,3.6,0.9,1.65,0.3,4.6,1.6,-0.3,1.4,1.54
2019-02-07,3.7,5.8,0.78,-0.3,13.7,0.78,-1.0,10.0,0.81
2019-02-08,3.6,0.2,1.46,-0.5,0.1,1.06,-1.4,0.0,1.0
2019-02-09,2.3,0.0,1.08,-0.7,0.0,1.07,-1.8,0.2,0.92
2019-02-10,1.9,1.5,0.46,-1.6,1.9,0.46,-2.4,0.9,0.68
2019-02-11,2.6,0.0,1.36,-1.8,0.0,0.98,-3.7,0.0,0.98
2019-02-12,2.7,0.0,1.79,-1.5,0.0,1.32,-3.3,0.0,1.28
2019-02-13,3.1,0.0,1.45,-1.1,0.0,1.04,-2.8,0.0,1.09
2019-02-14,1.4,1.6,0.66,-1.0,1.6,0.84,-2.1,0.1,1.05
2019-02-15,-0.7,3.4,0.36,-3.4,1.7,0.43,-4.6,0.4,0.46
2019-02-16,-0.6,2.7,0.43,-3.5,2.4,0.43,-5.0,0.4,0.55
2019-02-17,-0.3,0.0,1.41,-3.3,0.0,1.25,-5.4,0.0,1.18
2019-02-18,2.1,0.0,1.76,-0.6,0.0,1.51,-2.5,0.1,1.37
2019-02-19,0.4,0.8,0.61,-3.1,1.3,0.62,-4.4,1.5,0.75
2019-02-20,1.4,0.0,1.83,-2.9,0.0,1.37,-5.4,0.0,1.29
2019-02-21,3.0,0.8,1.69,-1.2,0.1,1.41,-3.1,0.0,1.42
2019-02-22,3.4,0.3,1.65,-1.2,0.0,1.41,-2.3,0.1,1.31
2019-02-23,4.8,0.3,1.95,-0.1,0.0,1.34,-1.8,0.1,1.07
2019-02-24,2.2,0.3,0.8,-0.8,0.0,1.16,-2.2,0.0,1.36
2019-02-25,0.8,0.0,0.89,-1.9,0.0,1.28,-2.2,0.0,1.52
2019-02-26,2.6,1.0,1.79,-0.9,2.0,1.5,-1.7,1.6,1.33
2019-02-27,-0.6,6.7,0.68,-3.7,7.9,0.64,-4.8,3.8,0.76
2019-02-28,-2.9,1.2,0.95,-6.7,1.9,0.65,-8.1,1.8,0.49
2019-03-01,1.0,0.0,1.87,-3.9,0.0,1.45,-6.8,0.0,1.15
2019-03-02,3.9,3.0,1.83,0.3,4.5,1.53,-2.0,3.2,1.28
2019-03-03,0.7,3.7,0.68,-2.0,2.2,0.76,-2.9,1.8,1.26
2019-03-04,1.9,0.0,1.79,-1.1,0.0,1.82,-1.6,0.0,1.58
2019-03-05,4.8,0.0,2.21,1.1,0.0,1.57,-0.6,0.0,1.18
2019-03-06,5.8,3.9,1.63,1.5,2.3,1.31,0.0,0.6,1.19
2019-03-07,0.9,12.4,0.83,-2.3,12.8,0.61,-3.5,7.1,0.56
2019-03-08,2.0,0.0,2.25,-2.3,0.0,2.09,-3.3,0.0,1.92
2019-03-09,4.5,0.0,2.6,-0.2,0.0,2.16,-1.8,0.0,2.32
2019-03-10,6.4,1.2,2.54,1.1,0.3,2.13,-0.2,0.5,2.13
2019-03-11,7.9,0.0,2.07,2.8,0.1,1.82,1.6,0.0,1.63
2019-03-12,9.3,0.5,2.39,4.0,0.6,1.85,3.0,0.6,1.78
2019-03-13,6.6,13.2,0.87,2.6,10.5,0.82,2.3,4.7,0.99
2019-03-14,3.7,0.3,1.6,2.0,1.3,2.02,2.0,0.1,1.69
2019-03-15,6.8,1.1,2.04,2.7,0.7,1.5,1.4,1.0,1.25
2019-03-16,3.2,9.3,0.68,1.1,10.7,1.11,0.3,7.0,0.99
2019-03-17,2.2,8.9,1.38,-1.2,8.4,1.13,-2.6,6.1,0.91
2019-03-18,2.3,0.0,1.99,-1.4,0.0,1.86,-2.9,0.0,1.77
2019-03-19,5.8,0.0,2.79,1.5,0.0,2.48,-0.3,0.0,2.46
2019-03-20,6.8,0.0,2.9,2.4,0.0,2.55,1.1,0.0,2.63
2019-03-21,3.0,0.0,1.59,-0.0,0.0,1.73,-1.7,0.0,1.71
2019-03-22,1.9,0.1,0.83,-1.5,0.0,0.93,-3.1,0.0,1.34
2019-03-23,2.9,5.5,2.09,-1.1,5.7,1.88,-2.1,1.2,1.79
2019-03-24,-1.1,2.5,1.4,-5.4,5.3,1.0,-7.0,2.8,0.74
2019-03-25,-0.4,0.0,1.8,-5.2,0.0,1.43,-7.0,0.0,1.16
2019-03-26,3.1,0.0,2.66,-0.8,0.0,2.46,-1.6,0.0,2.17
2019-03-27,4.6,0.0,2.67,1.6,0.0,2.59,0.9,0.0,2.5
2019-03-28,1.6,0.6,1.2,-1.8,1.6,1.3,-3.1,0.0,1.38
2019-03-29,-0.2,1.2,0.99,-4.1,2.7,0.81,-5.2,3.5,0.69
2019-03-30,-0.6,0.2,1.42,-4.8,1.3,1.12,-4.6,3.1,1.3
2019-03-31,0.1,0.4,1.23,-2.3,0.7,1.41,-1.2,2.1,1.67
2019-04-01,4.9,0.0,2.39,2.2,0.1,2.3,1.1,0.6,2.02
2019-04-02,2.5,2.8,0.87,-0.6,2.0,0.87,-1.3,2.4,0.88
2019-04-03,3.8,0.6,2.5,0.1,0.7,2.33,-1.1,0.5,2.3
2019-04-04,5.3,0.4,2.18,1.6,0.4,2.36,0.2,4.7,2.02
2019-04-05,7.2,0.5,3.01,3.1,0.0,2.65,1.1,0.0,2.45
2019-04-06,8.7,0.2,3.29,4.9,0.0,3.1,2.9,0.0,2.89
2019-04-07,9.9,0.4,2.91,4.4,0.2,2.3,3.1,0.3,2.21
2019-04-08,10.4,0.4,2.46,4.6,0.1,2.07,3.5,0.9,1.71
2019-04-09,11.9,0.0,3.72,6.3,0.0,2.83,5.0,0.0,2.34
2019-04-10,10.6,2.8,3.38,6.2,2.0,3.0,4.1,0.2,2.52
2019-04-11,8.8,1.5,2.78,4.8,1.8,2.34,2.7,1.2,2.03
2019-04-12,9.5,0.0,3.23,5.9,0.8,2.82,3.5,1.7,2.46
2019-04-13,11.1,1.1,3.45,7.8,0.2,3.18,5.4,0.4,3.26
2019-04-14,11.7,6.3,2.85,8.4,7.1,2.63,7.2,7.0,2.72
2019-04-15,7.9,13.3,1.44,5.2,16.6,1.32,4.4,14.3,1.48
2019-04-16,5.4,10.1,0.68,2.4,8.1,0.64,1.8,7.2,0.88
2019-04-17,1.7,13.9,0.63,-1.0,13.4,0.65,-1.8,8.4,0.64
2019-04-18,3.6,1.4,1.37,-0.1,1.1,1.56,-1.2,0.2,1.43
2019-04-19,3.6,3.9,1.63,-0.2,5.1,1.69,-1.2,0.7,1.94
2019-04-20,1.6,1.3,1.37,-2.2,3.4,1.23,-3.5,4.2,1.13
2019-04-21,1.0,7.5,1.16,-2.5,9.6,1.13,-4.0,7.5,1.12
2019-04-22,0.7,8.0,0.74,-2.4,7.8,0.82,-3.4,4.6,0.76
2019-04-23,3.9,0.4,1.61,0.4,0.5,1.52,-1.5,0.3,1.41
2019-04-24,7.8,0.0,3.53,4.0,0.0,3.23,1.3,0.0,3.23
2019-04-25,9.6,0.0,3.88,5.9,0.0,3.36,2.8,0.0,3.36
2019-04-26,10.3,0.0,3.96,7.3,0.0,3.8,5.8,0.0,3.84
2019-04-27,10.8,0.9,3.29,7.8,5.1,2.97,6.4,3.9,2.77
2019-04-28,12.9,0.3,3.64,9.4,1.8,3.17,7.8,1.8,2.98
2019-04-29,12.9,0.5,3.69,9.1,3.3,3.05,7.8,4.6,2.71
2019-04-30,15.1,1.8,4.37,11.1,0.5,3.89,9.7,1.6,3.73
2019-05-01,16.4,0.0,4.76,12.3,0.1,4.11,11.0,0.7,3.87
2019-05-02,13.0,4.7,2.51,10.1,4.4,2.43,9.4,4.8,2.6
2019-05-03,9.5,11.2,2.71,6.7,11.5,2.36,6.0,11.0,2.53
2019-05-04,9.8,0.0,3.06,6.6,0.0,2.87,6.0,0.0,2.59
2019-05-05,12.5,0.2,3.33,9.5,1.0,3.21,8.3,0.2,2.75
2019-05-06,16.7,0.6,4.54,12.4,3.4,3.77,10.7,6.3,3.12
2019-05-07,16.8,0.4,5.0,13.3,0.0,4.36,11.7,0.0,4.09
2019-05-08,9.0,18.2,1.46,7.3,12.6,1.48,7.3,10.3,1.77
2019-05-09,9.3,1.2,3.06,6.4,1.4,3.07,5.0,0.1,3.42
2019-05-10,11.2,0.2,3.48,8.7,0.7,3.29,7.9,1.0,3.45
2019-05-11,11.5,12.5,2.72,9.4,5.5,2.77,8.3,3.1,2.73
2019-05-12,10.1,21.8,2.44,7.8,11.9,2.26,7.0,7.8,2.37
2019-05-13,12.0,0.0,4.29,9.7,0.0,4.27,9.0,0.0,4.43
2019-05-14,14.5,0.0,4.73,14.5,0.0,4.67,14.5,0.0,4.91
2019-05-15,18.2,0.0,5.46,17.3,0.0,5.49,17.2,0.0,5.39
2019-05-16,19.9,0.1,5.13,18.1,0.3,5.08,17.7,0.0,5.25
2019-05-17,18.6,0.0,4.27,17.0,0.9,4.29,17.0,2.0,4.65
2019-05-18,18.7,0.9,4.64,16.5,0.3,4.76,16.1,0.0,5.33
2019-05-19,13.9,4.7,3.29,11.1,5.5,3.18,10.4,3.0,3.55
2019-05-20,14.1,0.5,3.9,11.5,2.1,3.59,10.4,4.4,3.4
2019-05-21,16.9,0.0,4.5,14.5,0.0,4.37,13.8,0.6,4.43
2019-05-22,17.7,0.2,4.75,15.0,0.5,4.5,13.6,0.3,4.32
2019-05-23,15.9,2.0,2.44,13.8,2.3,2.68,12.9,1.4,2.87
2019-05-24,17.6,0.4,3.38,15.0,0.6,3.3,14.1,7.5,3.18
2019-05-25,16.9,1.4,4.5,14.2,1.0,4.51,13.9,0.9,4.93
2019-05-26,14.2,2.2,3.67,11.2,4.2,3.48,10.5,7.0,3.38
2019-05-27,15.0,0.0,4.88,12.5,0.0,4.61,11.2,0.0,4.66
2019-05-28,16.0,0.0,5.24,14.8,0.0,5.12,13.9,0.0,5.33
2019-05-29,19.7,0.0,5.7,17.6,0.0,5.53,17.7,0.0,5.65
2019-05-30,21.2,0.0,5.31,20.0,0.0,5.14,18.8,0.0,5.69
2019-05-31,18.5,0.0,5.01,17.5,0.0,5.0,17.7,0.0,5.48
2019-06-01,20.0,0.9,4.79,17.7,0.1,4.59,16.5,0.2,4.33
2019-06-02,20.9,0.0,4.63,19.4,0.7,4.61,19.4,0.0,5.34
2019-06-03,20.7,0.6,4.62,18.3,2.6,4.25,17.8,4.7,4.46
2019-06-04,21.1,0.0,5.05,18.7,0.0,4.78,17.6,0.7,4.84
2019-06-05,20.5,0.2,4.89,18.6,3.4,4.65,17.9,1.7,4.77
2019-06-06,19.3,1.1,4.18,16.7,7.0,4.36,16.7,6.1,4.76
2019-06-07,18.4,0.4,4.19,16.1,0.0,4.36,15.9,1.5,4.67
2019-06-08,17.9,0.2,4.16,15.5,0.0,4.24,15.5,1.9,4.67
2019-06-09,19.0,0.0,4.27,16.1,0.0,4.14,16.2,0.0,4.53
2019-06-10,20.4,0.9,4.32,17.4,3.5,4.03,16.8,1.4,4.28
2019-06-11,20.2,1.4,4.75,18.1,0.6,4.9,17.7,0.1,5.6
2019-06-12,18.6,3.8,3.86,15.4,26.6,3.79,14.8,8.2,3.79
2019-06-13,17.4,3.3,3.44,14.0,7.3,3.53,13.7,0.8,3.68
2019-06-14,17.4,4.3,3.77,14.1,1.5,3.47,13.4,1.0,3.54
2019-06-15,18.0,0.2,4.04,15.2,3.3,3.93,14.9,12.0,3.89
2019-06-16,19.6,0.6,4.55,16.7,2.3,4.34,16.8,3.4,4.82
2019-06-17,19.7,4.3,4.26,16.2,1.0,4.16,16.3,3.0,4.3
2019-06-18,17.5,18.8,2.68,14.9,8.2,2.92,14.2,7.4,3.19
2019-06-19,17.6,10.8,3.52,14.6,7.4,3.36,14.0,6.7,3.52
2019-06-20,17.7,8.2,3.27,14.9,5.7,3.09,14.3,7.8,3.11
2019-06-21,18.3,2.8,4.02,15.3,3.5,3.66,14.4,1.1,3.56
2019-06-22,18.5,2.7,3.88,15.4,2.0,3.82,14.8,2.5,3.87
2019-06-23,19.4,0.4,4.32,16.3,0.6,3.58,15.5,1.9,3.8
2019-06-24,20.2,0.0,4.99,17.0,0.1,4.65,16.1,0.0,4.4
2019-06-25,20.4,0.0,5.15,17.2,0.0,4.89,16.6,0.1,5.1
2019-06-26,19.9,0.9,3.73,16.9,0.1,4.22,16.4,0.0,4.85
2019-06-27,19.3,0.9,3.74,15.9,1.9,3.42,15.2,0.0,4.21
2019-06-28,19.1,0.0,5.37,15.7,0.0,4.94,14.5,0.0,4.97
2019-06-29,16.0,1.0,3.62,12.5,5.3,3.15,11.4,1.1,3.01
2019-06-30,13.2,2.5,3.56,9.8,2.8,2.94,8.9,0.5,2.75
2019-07-01,13.6,1.0,4.13,9.7,0.9,3.8,9.2,0.0,4.12
2019-07-02,16.0,0.0,5.36,12.8,0.0,4.94,13.3,0.0,5.54
2019-07-03,17.4,0.0,4.72,14.8,0.0,4.8,15.3,0.0,5.17
2019-07-04,18.8,0.0,5.24,15.3,0.0,4.85,14.5,0.0,4.83
2019-07-05,18.6,0.0,4.82,14.7,0.0,4.43,14.3,0.2,4.51
2019-07-06,17.6,0.0,4.12,14.1,0.0,4.19,13.7,0.0,4.67
2019-07-07,17.7,0.0,4.73,13.4,0.0,4.39,13.5,0.0,4.66
2019-07-08,19.7,0.0,5.6,16.2,0.0,5.37,15.8,0.0,5.6
2019-07-09,19.0,1.6,4.5,15.6,2.2,4.15,14.5,0.7,4.65
2019-07-10,19.8,0.0,5.41,17.4,0.0,5.35,16.9,0.0,5.67
2019-07-11,19.9,0.0,4.81,17.5,1.4,4.67,18.2,0.0,5.43
2019-07-12,16.2,10.1,2.84,13.4,4.5,2.67,13.5,0.8,3.4
2019-07-13,15.4,3.2,3.46,12.3,1.2,3.4,12.0,0.0,4.13
2019-07-14,17.0,0.0,5.11,14.2,0.0,4.97,13.7,0.0,5.37
2019-07-15,17.6,2.3,4.14,15.0,6.1,3.79,14.1,5.9,3.69
2019-07-16,16.8,1.3,4.17,13.7,0.4,3.77,13.1,0.3,4.2
2019-07-17,18.3,0.2,5.19,16.1,0.1,4.88,16.1,0.0,5.27
2019-07-18,16.4,10.8,2.38,13.9,14.4,2.5,14.2,8.7,3.05
2019-07-19,15.7,4.3,2.18,12.9,8.2,2.1,12.7,1.4,2.53
2019-07-20,16.9,0.3,2.87,12.9,0.6,2.89,12.9,0.0,3.79
2019-07-21,16.0,1.6,2.06,12.7,4.4,2.1,12.4,1.5,2.6
2019-07-22,16.5,5.7,2.56,13.9,13.9,2.27,14.1,3.0,2.58
2019-07-23,16.6,3.2,2.49,13.7,7.5,2.11,13.4,1.2,2.91
2019-07-24,17.2,0.2,2.87,14.3,0.6,3.15,14.1,0.6,4.12
2019-07-25,17.0,3.4,3.25,14.1,3.5,3.02,13.5,3.2,3.17
2019-07-26,17.5,0.3,4.01,13.7,0.0,4.13,12.7,0.0,4.43
2019-07-27,17.2,0.0,5.01,13.4,0.0,4.64,12.8,0.0,4.71
2019-07-28,17.6,0.0,5.06,13.7,0.0,4.63,13.3,0.0,4.82
2019-07-29,20.5,0.0,5.55,17.7,0.0,5.5,17.0,0.0,5.72
2019-07-30,24.1,0.2,5.75,21.5,0.0,6.11,21.7,0.0,6.55
2019-07-31,20.7,0.4,4.67,18.3,0.3,4.53,18.7,0.2,5.02
2019-08-01,20.5,0.0,5.11,17.8,0.0,4.95,17.1,0.0,5.38
2019-08-02,19.8,0.0,4.95,16.7,0.1,4.69,15.7,0.0,4.99
2019-08-03,20.3,0.0,5.02,16.6,0.0,4.7,15.8,0.0,4.93
2019-08-04,20.8,1.3,4.78,18.0,1.4,4.7,18.2,0.0,4.96
2019-08-05,16.1,4.3,3.08,12.9,7.8,2.69,13.0,0.1,3.65
2019-08-06,15.2,0.0,4.16,11.1,0.0,3.81,11.2,0.0,4.14
2019-08-07,15.4,0.3,3.75,11.7,0.4,3.48,11.4,0.0,4.11
2019-08-08,16.4,0.0,4.42,12.4,0.0,4.02,12.5,0.0,4.35
2019-08-09,17.5,0.3,4.14,14.1,0.0,4.2,15.1,0.0,4.96
2019-08-10,18.2,0.4,3.51,14.3,0.0,3.45,13.9,0.0,4.02
2019-08-11,17.4,0.1,3.71,12.9,0.0,3.53,13.3,0.0,4.36
2019-08-12,17.5,0.0,4.95,13.3,0.0,4.55,13.7,0.0,4.72
2019-08-13,18.8,0.0,4.94,16.8,0.0,4.86,17.7,0.0,5.63
2019-08-14,23.8,0.0,5.55,23.2,0.0,5.58,24.2,0.0,6.35
2019-08-15,24.4,0.0,5.05,25.1,0.0,4.96,27.3,0.0,5.8
2019-08-16,20.0,0.3,3.89,18.9,1.5,3.84,19.9,2.5,4.46
2019-08-17,18.2,0.2,2.33,15.2,1.1,2.44,15.2,0.0,3.45
2019-08-18,16.0,2.7,1.74,13.9,3.5,2.27,14.4,0.5,3.57
2019-08-19,16.7,2.6,2.32,13.3,3.9,2.49,14.1,0.3,3.95
2019-08-20,18.4,2.6,2.95,15.2,2.6,3.12,16.3,0.1,3.87
2019-08-21,18.7,1.6,2.73,15.7,3.2,3.0,15.3,6.0,3.1
2019-08-22,16.9,7.5,1.82,14.9,7.8,1.96,14.7,4.8,2.53
2019-08-23,17.3,4.8,2.21,14.7,4.1,2.38,13.9,1.5,2.49
2019-08-24,18.5,3.7,2.92,15.9,3.6,2.63,15.2,0.4,2.88
2019-08-25,19.5,0.9,4.0,16.3,0.0,3.95,15.7,0.0,4.14
2019-08-26,19.2,0.0,3.93,15.7,0.0,3.74,15.7,0.0,3.78
2019-08-27,18.4,1.3,3.32,15.6,0.6,3.28,15.2,0.0,3.68
2019-08-28,18.6,2.1,3.41,15.5,0.2,3.32,15.1,0.0,3.81
2019-08-29,18.9,0.2,3.79,15.7,0.0,3.57,16.5,0.8,4.03
2019-08-30,16.9,0.6,1.83,14.9,2.1,2.12,15.4,2.6,2.93
2019-08-31,16.9,0.0,3.57,14.4,0.0,3.35,14.5,0.0,3.77
2019-09-01,17.3,0.0,3.59,14.2,0.0,3.52,14.7,0.0,3.99
2019-09-02,18.1,0.0,3.6,14.7,0.0,3.47,13.8,0.0,3.9
2019-09-03,17.8,0.0,4.19,14.2,0.0,3.97,13.5,0.0,4.18
2019-09-04,17.4,0.0,4.05,13.9,0.0,3.78,12.8,0.0,3.97
2019-09-05,16.9,0.0,4.0,13.4,0.0,3.82,13.2,0.0,3.98
2019-09-06,17.2,0.0,4.22,14.9,0.0,4.1,14.3,0.0,4.38
2019-09-07,15.9,0.8,2.77,12.7,0.7,2.73,12.0,0.0,3.29
2019-09-08,15.2,2.0,2.94,11.9,1.5,2.69,10.9,0.7,2.56
2019-09-09,15.7,2.1,2.96,12.3,0.9,2.71,11.6,0.0,3.34
2019-09-10,16.4,0.2,3.24,12.8,0.0,3.18,11.9,0.0,3.25
2019-09-11,16.6,0.0,3.45,13.0,0.0,3.4,12.6,0.0,3.73
2019-09-12,16.6,0.6,3.38,13.0,0.0,3.32,12.8,0.0,3.72
2019-09-13,16.1,0.0,3.44,12.5,0.0,3.28,12.7,0.0,3.61
2019-09-14,16.5,0.7,2.78,13.3,1.4,2.87,13.0,0.3,3.14
2019-09-15,13.2,13.7,0.89,10.4,15.8,0.71,9.8,10.1,0.71
2019-09-16,13.6,2.2,1.63,10.2,1.1,1.53,9.9,0.3,2.14
2019-09-17,15.8,0.3,3.17,12.6,1.2,3.01,12.6,0.0,3.05
2019-09-18,18.0,0.0,4.03,15.1,0.0,4.01,13.6,0.0,3.98
2019-09-19,17.5,0.0,3.68,15.5,0.0,3.75,15.8,0.0,3.99
2019-09-20,16.3,0.6,3.3,15.4,0.5,3.9,15.5,0.0,4.94
2019-09-21,9.2,8.6,0.66,6.7,11.1,0.58,5.7,3.3,0.58
2019-09-22,8.9,0.2,2.24,5.4,0.1,2.24,4.7,0.1,2.51
2019-09-23,11.7,0.0,3.22,9.8,0.0,3.2,10.1,0.0,3.49
2019-09-24,14.9,0.0,3.47,12.5,0.0,3.57,11.3,0.0,3.86
2019-09-25,15.9,1.2,2.82,13.6,3.1,3.0,13.5,4.6,3.47
2019-09-26,16.5,0.7,2.63,13.5,1.3,2.45,12.8,0.4,2.67
2019-09-27,17.4,0.1,2.92,14.7,0.0,2.85,14.5,0.0,3.32
2019-09-28,14.2,3.0,1.81,11.7,2.7,2.04,11.4,0.1,2.57
2019-09-29,14.5,0.2,3.02,12.0,0.0,3.02,10.2,0.0,3.21
2019-09-30,14.9,0.0,3.24,13.9,0.0,3.18,13.4,0.0,3.44
2019-10-01,16.7,0.0,3.48,14.0,0.0,3.42,13.1,0.0,3.64
2019-10-02,17.1,0.0,3.51,16.7,0.0,3.62,15.9,0.0,4.26
2019-10-03,18.9,0.1,3.13,15.7,2.6,3.01,14.8,2.0,2.89
2019-10-04,18.1,0.0,3.55,15.5,0.0,3.55,14.5,0.0,3.5
2019-10-05,18.7,0.0,3.82,15.6,0.0,3.91,14.7,0.0,4.25
2019-10-06,14.0,7.3,1.94,11.7,5.7,1.97,10.8,14.7,2.0
2019-10-07,11.9,4.5,2.63,9.9,5.2,2.65,9.0,1.4,2.76
2019-10-08,16.5,3.0,2.72,14.3,3.7,2.87,13.1,0.3,3.16
2019-10-09,13.1,1.2,1.98,11.9,0.4,2.24,12.0,0.0,2.72
2019-10-10,15.3,0.0,2.89,14.6,0.0,2.9,14.9,0.0,3.2
2019-10-11,15.3,0.0,2.6,12.7,0.0,2.6,12.4,0.0,2.82
2019-10-12,11.7,3.1,1.11,7.9,3.3,0.97,7.3,0.0,1.54
2019-10-13,11.9,0.0,2.49,10.8,0.0,2.74,11.5,0.0,3.07
2019-10-14,15.3,0.0,2.94,13.6,0.0,3.11,14.8,0.0,3.89
2019-10-15,16.1,0.0,2.85,15.4,0.0,3.23,15.0,0.0,3.68
2019-10-16,16.7,0.0,2.9,15.5,0.0,2.96,15.9,0.0,3.44
2019-10-17,16.6,1.4,2.53,14.5,0.5,2.6,13.7,1.3,2.71
2019-10-18,15.7,4.1,2.2,12.6,5.6,2.07,12.1,0.4,2.25
2019-10-19,14.6,1.4,1.91,12.2,2.9,1.91,12.4,2.7,2.1
2019-10-20,13.7,0.5,1.71,10.3,0.2,1.83,9.8,0.2,1.85
2019-10-21,11.7,6.1,1.04,9.5,5.7,1.03,8.7,1.3,1.22
2019-10-22,11.6,6.2,1.09,9.1,1.4,1.17,8.4,0.1,1.42
2019-10-23,12.7,1.1,1.76,9.6,0.3,1.78,8.9,0.0,2.01
2019-10-24,12.4,0.0,1.9,9.5,0.0,1.92,9.2,0.2,2.14
2019-10-25,11.8,0.0,1.86,9.6,0.3,1.95,9.4,0.0,2.3
2019-10-26,11.0,3.3,1.16,8.4,3.2,1.27,7.7,2.3,1.28
2019-10-27,10.2,0.1,1.21,7.6,0.0,1.48,7.1,0.0,1.68
2019-10-28,11.5,0.1,1.93,9.4,0.1,1.97,8.4,0.7,2.21
2019-10-29,10.8,2.8,1.38,8.3,2.3,1.27,7.7,1.1,1.41
2019-10-30,10.7,0.3,1.57,8.0,1.5,1.42,7.0,0.2,1.52
2019-10-31,10.5,0.4,1.59,7.2,2.9,1.54,7.0,0.0,1.65
2019-11-01,6.4,19.7,0.38,4.3,15.8,0.54,5.0,15.5,0.98
2019-11-02,1.9,3.0,0.82,-2.6,2.2,0.85,-3.2,1.7,0.97
2019-11-03,4.0,0.0,1.78,-1.8,0.0,1.58,-3.7,0.0,1.68
2019-11-04,6.6,0.0,1.92,3.2,0.0,1.96,1.2,0.0,1.75
2019-11-05,9.7,0.0,2.01,6.2,0.0,2.09,4.3,0.0,1.91
2019-11-06,10.5,0.0,1.87,7.1,0.0,1.89,6.9,0.0,1.92
2019-11-07,11.1,0.0,2.0,8.1,0.0,2.12,7.8,0.0,2.29
2019-11-08,11.2,0.0,2.05,8.6,0.0,2.35,8.0,0.0,2.52
2019-11-09,10.1,0.0,1.87,8.9,0.0,1.96,8.9,0.0,2.23
2019-11-10,10.7,0.0,1.88,8.6,0.0,2.1,8.0,0.0,2.49
2019-11-11,10.5,0.0,1.83,9.8,0.0,1.93,9.3,0.0,1.91
2019-11-12,9.4,0.0,1.78,9.8,0.0,1.81,10.0,0.0,1.8
2019-11-13,8.4,0.0,1.81,7.0,0.0,1.95,8.7,0.0,2.25
2019-11-14,9.8,0.0,2.11,8.4,0.0,2.45,7.9,0.0,2.67
2019-11-15,12.1,0.0,1.89,9.7,0.0,2.12,8.3,0.0,2.18
2019-11-16,9.1,0.0,1.53,9.2,0.0,1.53,7.3,0.0,1.86
2019-11-17,7.9,0.0,1.51,8.1,0.0,1.53,8.5,0.0,1.82
2019-11-18,7.4,0.0,1.5,5.3,0.0,1.53,5.6,0.0,1.92
2019-11-19,8.0,0.0,1.46,5.9,0.0,1.56,5.3,0.0,1.67
2019-11-20,4.9,0.0,1.39,4.0,0.0,1.48,5.2,0.0,1.56
2019-11-21,5.5,0.0,1.4,1.8,0.0,1.48,2.6,0.0,1.74
2019-11-22,5.5,0.0,1.41,3.0,0.0,1.55,2.6,0.0,1.74
2019-11-23,4.2,0.0,1.34,3.0,0.0,1.69,2.5,0.0,1.78
2019-11-24,4.5,0.0,1.33,2.9,0.0,1.55,1.9,0.0,1.57
2019-11-25,4.6,0.0,1.52,2.8,0.0,1.61,2.0,0.0,1.67
2019-11-26,7.2,0.5,1.59,4.2,0.0,1.55,3.4,0.0,1.61
2019-11-27,6.7,7.2,0.77,3.6,3.8,0.88,2.6,3.5,0.85
2019-11-28,6.3,1.9,0.9,3.9,0.5,0.76,2.3,2.6,0.6
2019-11-29,6.6,4.9,0.94,4.1,9.0,0.88,2.4,5.8,0.71
2019-11-30,7.8,3.2,1.23,5.7,5.5,1.14,3.8,9.5,0.86
2019-12-01,5.5,20.4,0.47,3.7,14.8,0.41,2.4,17.6,0.29
2019-12-02,0.4,2.5,0.51,-3.7,3.7,0.39,-5.2,0.8,0.44
2019-12-03,0.9,0.0,1.04,-3.9,0.0,0.96,-6.5,0.0,0.9
2019-12-04,0.9,2.9,0.32,-2.6,3.5,0.36,-2.9,3.3,0.49
2019-12-05,-0.3,4.3,0.41,-4.2,4.1,0.26,-5.4,4.0,0.35
2019-12-06,-0.4,0.0,0.56,-5.0,0.0,0.65,-5.8,0.0,0.7
2019-12-07,-0.3,0.0,0.98,-6.8,0.0,0.78,-7.6,0.0,0.75
2019-12-08,-0.6,0.0,0.93,-7.4,0.0,0.75,-8.7,0.0,0.71
2019-12-09,0.3,0.0,0.98,-5.5,0.0,0.82,-8.1,0.0,0.78
2019-12-10,2.0,0.0,1.04,-2.8,0.0,0.77,-4.0,0.0,0.82
2019-12-11,1.6,0.0,1.02,-2.8,0.0,0.7,-3.8,0.0,0.66
2019-12-12,3.2,0.0,0.73,-0.6,0.0,0.62,-1.0,1.0,0.69
2019-12-13,5.0,0.4,1.0,0.7,0.7,0.58,-0.3,1.0,0.47
2019-12-14,6.2,0.6,1.14,1.8,0.4,0.6,1.0,1.8,0.52
2019-12-15,6.3,0.3,1.09,1.8,3.7,0.7,0.6,0.7,0.54
2019-12-16,4.5,1.9,0.43,0.9,1.3,0.41,-0.9,0.0,0.52
2019-12-17,3.2,0.0,1.08,0.8,0.0,1.05,0.1,0.0,1.04
2019-12-18,3.3,0.0,1.16,1.2,0.0,1.2,-2.6,0.0,1.05
2019-12-19,4.9,0.0,1.45,4.7,0.0,1.37,4.0,0.0,1.45
2019-12-20,5.1,0.0,1.6,3.3,0.0,1.55,4.0,0.0,1.57
2019-12-21,4.4,0.0,1.44,3.3,0.0,1.9,2.0,0.0,1.69
2019-12-22,5.6,0.0,1.6,3.3,0.0,1.74,2.6,0.0,1.82
2019-12-23,6.6,0.3,1.89,2.5,0.0,1.38,1.5,0.0,1.4
2019-12-24,5.8,14.9,0.93,2.4,11.5,1.02,1.4,5.4,1.06
2019-12-25,4.5,17.4,0.59,1.4,13.8,0.71,0.6,7.3,0.7
2019-12-26,3.4,5.3,0.29,0.6,5.6,0.38,0.1,4.2,0.49
2019-12-27,1.3,11.0,0.25,-1.4,7.5,0.29,-2.2,8.0,0.3
2019-12-28,1.9,0.1,0.69,-3.1,0.6,0.57,-4.5,1.3,0.53
2019-12-29,2.1,5.9,0.49,-0.7,5.1,0.46,-1.2,5.2,0.47
2019-12-30,1.3,2.6,0.31,-0.9,3.8,0.45,-0.5,4.6,0.55
2019-12-31,2.5,0.3,0.62,-1.1,0.0,0.72,-1.9,0.0,0.76
2020-01-01,2.1,8.2,0.46,-2.3,6.2,0.42,-3.1,2.6,0.47
2020-01-02,-0.3,5.1,0.34,-3.3,5.5,0.33,-4.9,3.6,0.32
2020-01-03,0.3,0.1,0.8,-3.6,0.1,0.69,-5.3,0.7,0.71
2020-01-04,-0.1,2.4,0.27,-3.4,2.9,0.33,-3.7,14.2,0.36
2020-01-05,-0.1,0.0,0.85,-5.1,0.0,0.62,-5.8,2.0,0.6
2020-01-06,1.0,1.6,0.84,-2.8,0.8,0.64,-3.0,0.5,0.58
2020-01-07,4.9,0.0,0.87,0.5,0.1,0.71,-0.6,0.1,0.71
2020-01-08,2.8,9.1,0.64,-0.5,8.5,0.7,-1.3,5.4,0.56
2020-01-09,-1.8,2.6,0.32,-4.4,3.3,0.33,-6.1,0.4,0.36
2020-01-10,-1.4,0.9,0.45,-5.5,0.4,0.42,-7.3,0.0,0.45
2020-01-11,-0.8,0.0,1.01,-6.0,0.0,0.8,-7.9,0.0,0.73
2020-01-12,-0.1,2.7,0.41,-3.6,2.8,0.46,-5.3,2.4,0.5
2020-01-13,-1.1,1.4,0.4,-5.1,1.1,0.36,-6.3,1.5,0.29
2020-01-14,0.3,0.0,1.15,-5.0,0.0,0.93,-6.7,0.0,0.94
2020-01-15,0.3,0.0,1.08,-3.5,0.0,0.97,-5.5,0.0,0.96
2020-01-16,0.1,0.0,0.93,-5.8,0.0,0.9,-7.2,0.0,1.01
2020-01-17,-1.5,0.0,1.04,-5.7,0.0,1.03,-8.1,0.0,1.21
2020-01-18,-1.3,3.4,0.29,-5.1,2.7,0.26,-7.5,0.4,0.38
2020-01-19,-1.7,0.9,0.62,-5.0,0.7,0.66,-7.3,0.0,0.86
2020-01-20,-1.8,9.9,0.28,-4.8,10.1,0.32,-5.7,6.1,0.42
2020-01-21,-2.9,5.4,0.29,-5.9,5.0,0.29,-7.4,1.9,0.28
2020-01-22,-3.7,1.9,0.45,-6.3,2.1,0.4,-7.3,1.1,0.42
2020-01-23,-2.9,3.5,0.84,-6.6,3.9,0.69,-8.5,3.6,0.55
2020-01-24,-4.8,3.2,0.5,-8.6,2.9,0.35,-10.1,1.0,0.27
2020-01-25,-5.5,0.0,0.95,-8.0,0.0,0.83,-10.4,0.0,0.74
2020-01-26,-2.2,0.0,1.3,-7.1,0.0,0.98,-8.8,0.0,0.95
2020-01-27,-0.6,0.0,1.34,-5.0,0.0,1.06,-6.6,0.0,1.13
2020-01-28,3.1,0.0,1.26,-1.1,0.4,1.14,-1.4,0.3,1.24
2020-01-29,3.0,0.1,0.95,-0.7,0.6,0.7,-2.0,1.6,0.49
2020-01-30,3.1,15.8,0.66,0.3,20.0,0.51,-1.0,18.2,0.44
2020-01-31,-2.1,29.7,0.29,-4.2,32.8,0.27,-4.8,28.1,0.28
2020-02-01,-3.4,0.3,0.67,-5.8,0.3,0.67,-8.0,0.4,0.72
2020-02-02,-0.1,0.4,0.74,-1.4,0.4,0.59,-4.1,0.6,0.49
2020-02-03,2.7,0.2,1.05,-0.3,0.4,0.74,-2.6,1.0,0.57
2020-02-04,1.8,18.4,0.48,0.3,17.1,0.54,-1.6,20.9,0.56
2020-02-05,6.3,1.3,1.55,2.0,1.6,0.87,0.4,3.2,0.71
2020-02-06,6.8,22.7,1.65,2.4,12.3,0.88,1.2,1.7,0.65
2020-02-07,0.7,19.9,0.34,-1.4,20.0,0.45,-1.9,27.5,0.52
2020-02-08,-6.8,10.1,0.62,-9.6,11.8,0.48,-10.6,11.2,0.42
2020-02-09,-9.5,2.9,0.52,-13.3,2.9,0.38,-15.1,2.7,0.44
2020-02-10,-9.6,1.7,0.83,-15.3,1.6,0.62,-17.5,1.4,0.63
2020-02-11,-6.6,1.6,1.03,-12.9,2.1,0.7,-14.2,1.9,0.73
2020-02-12,-2.0,7.5,0.63,-6.7,8.4,0.51,-7.5,8.3,0.45
2020-02-13,-2.7,9.2,0.56,-5.1,9.9,0.62,-7.0,4.8,0.59
2020-02-14,-6.8,0.3,1.2,-7.2,0.0,1.01,-8.7,0.0,1.1
2020-02-15,-3.2,0.0,1.42,-5.5,0.0,1.3,-5.5,0.0,1.46
2020-02-16,-2.0,0.0,1.2,-4.3,0.0,1.1,-5.8,0.0,1.13
2020-02-17,-3.0,0.0,0.89,-6.2,0.0,0.99,-7.6,0.0,0.89
2020-02-18,-1.7,0.0,1.51,-2.6,0.0,1.3,-3.0,0.0,1.36
2020-02-19,1.7,0.0,1.74,-0.8,0.0,1.43,-0.6,0.0,1.51
2020-02-20,1.4,0.0,1.68,-2.9,0.0,1.4,-2.1,0.0,1.44
2020-02-21,2.8,1.3,1.49,-1.1,2.0,1.13,-1.2,1.4,1.3
2020-02-22,0.9,6.6,0.47,-0.6,4.2,0.77,0.0,2.6,1.28
2020-02-23,1.2,0.9,1.08,-0.9,0.6,1.33,-0.9,0.5,1.2
2020-02-24,4.0,0.6,1.72,0.8,0.7,1.25,-0.4,0.7,0.98
2020-02-25,0.6,9.1,1.22,-2.4,10.9,1.07,-4.0,8.1,0.82
2020-02-26,2.1,0.0,2.24,-1.6,0.0,1.81,-3.2,0.0,1.84
2020-02-27,6.7,0.0,2.99,2.1,0.0,2.32,1.1,0.0,2.21
2020-02-28,7.1,2.5,1.92,2.7,0.3,1.65,1.4,0.3,1.66
2020-02-29,4.2,6.9,0.7,1.3,10.8,0.71,0.5,6.8,0.74
2020-03-01,1.1,4.6,0.62,-2.3,7.8,0.54,-3.4,2.8,0.62
2020-03-02,1.7,0.0,2.17,-2.6,0.0,1.74,-4.1,0.0,1.62
2020-03-03,5.7,0.0,2.54,0.6,0.0,2.03,-0.8,0.0,2.1
2020-03-04,6.7,0.0,2.88,2.5,0.0,2.4,2.0,0.0,2.63
2020-03-05,8.9,0.0,2.97,5.1,0.0,2.59,4.1,0.0,2.67
2020-03-06,8.9,0.5,1.94,4.7,0.4,1.95,3.9,0.0,2.1
2020-03-07,8.3,0.0,2.57,3.4,0.0,2.17,2.3,0.0,2.2
2020-03-08,8.7,0.0,2.82,3.8,0.0,2.4,3.6,0.0,2.74
2020-03-09,9.6,0.0,3.19,5.4,0.0,2.76,4.6,0.0,2.9
2020-03-10,11.6,0.0,3.34,7.0,0.0,2.59,5.7,0.0,2.39
2020-03-11,9.0,1.0,2.73,4.2,0.0,2.24,4.4,0.0,2.2
2020-03-12,8.6,0.1,1.74,5.8,0.4,1.62,4.8,1.5,1.64
2020-03-13,9.3,7.0,0.88,5.0,11.3,1.05,4.4,10.7,1.1
2020-03-14,9.7,2.3,1.38,4.5,4.7,1.33,3.1,2.9,1.12
2020-03-15,7.7,17.9,2.05,3.4,15.5,1.8,3.8,10.3,1.81
2020-03-16,-0.9,9.6,0.56,-4.5,14.7,0.49,-5.5,11.6,0.45
2020-03-17,-3.6,9.5,0.58,-7.6,10.5,0.48,-9.5,8.0,0.39
2020-03-18,-3.4,9.5,0.45,-6.7,8.7,0.48,-8.2,5.3,0.39
2020-03-19,-1.5,6.8,0.64,-4.6,7.1,0.73,-5.0,3.5,1.13
2020-03-20,-0.1,4.5,0.63,-3.2,4.9,0.6,-4.4,2.5,0.69
2020-03-21,1.1,0.1,0.97,-2.1,0.0,1.27,-3.1,0.0,1.57
2020-03-22,5.0,0.0,2.8,0.1,0.0,2.43,0.1,0.0,2.36
2020-03-23,6.9,0.0,2.54,3.3,0.0,2.33,1.7,0.0,2.41
2020-03-24,5.8,3.3,2.27,3.1,0.3,2.35,1.8,0.0,2.21
2020-03-25,4.5,0.1,1.57,1.9,0.0,1.94,1.8,0.1,2.27
2020-03-26,5.2,0.0,2.24,2.2,0.0,2.38,1.0,0.0,2.31
2020-03-27,8.8,0.0,3.06,4.5,0.0,2.42,3.4,0.1,2.13
2020-03-28,9.2,0.3,2.74,4.1,0.3,2.22,3.2,0.4,1.96
2020-03-29,7.0,5.1,1.41,2.7,2.7,1.32,1.3,3.0,1.18
2020-03-30,6.4,1.1,1.49,1.9,0.7,1.29,0.3,3.4,1.03
2020-03-31,7.9,0.4,2.84,2.8,0.2,2.5,1.8,0.0,2.14
2020-04-01,4.3,4.5,0.55,1.2,3.1,0.74,0.9,2.7,1.03
2020-04-02,5.1,0.0,2.04,1.6,0.0,2.16,0.4,0.3,1.93
2020-04-03,6.5,8.1,1.73,2.6,8.4,1.34,1.4,10.0,1.12
2020-04-04,7.0,0.1,2.84,1.7,0.0,2.43,0.4,0.0,2.52
2020-04-05,8.5,0.7,1.71,4.1,2.2,1.63,3.0,1.0,1.88
2020-04-06,3.7,2.4,0.74,1.8,1.2,1.07,1.6,1.1,1.82
2020-04-07,2.9,0.0,2.33,-0.3,0.0,2.06,-0.9,0.0,1.76
2020-04-08,4.7,0.0,2.36,0.5,0.0,2.34,0.5,0.0,2.66
2020-04-09,4.5,0.1,2.0,1.7,0.0,2.11,2.1,1.3,2.19
2020-04-10,4.3,0.0,2.79,0.4,0.0,2.36,-0.5,0.0,1.95
2020-04-11,5.1,0.0,2.87,1.2,0.0,2.46,-0.6,0.0,2.43
2020-04-12,3.9,0.2,1.73,0.1,0.0,1.42,-1.4,0.0,1.72
2020-04-13,4.9,0.0,3.45,2.1,0.0,3.39,1.0,0.0,3.46
2020-04-14,9.5,0.0,3.97,5.9,0.0,3.76,5.3,0.0,3.89
2020-04-15,10.4,2.7,2.13,6.8,2.4,2.25,6.0,3.3,2.65
2020-04-16,3.9,4.3,0.87,1.2,3.6,0.96,2.1,2.4,1.51
2020-04-17,8.9,0.0,3.65,6.0,0.0,3.63,5.9,0.0,3.67
2020-04-18,11.8,0.0,3.59,9.5,0.0,3.33,8.7,0.2,3.38
2020-04-19,11.6,0.0,3.64,8.7,1.0,3.41,8.3,1.0,3.36
2020-04-20,13.0,0.0,3.92,10.1,1.5,3.55,9.3,1.0,3.64
2020-04-21,7.1,6.1,1.11,4.9,7.6,1.17,6.0,16.4,1.45
2020-04-22,3.4,14.0,0.62,1.8,18.8,0.6,3.4,16.2,0.84
2020-04-23,2.6,1.0,1.5,-1.7,0.2,1.3,-2.4,0.6,1.15
2020-04-24,4.1,0.0,3.09,0.1,0.0,2.91,0.4,0.0,3.09
2020-04-25,6.0,0.0,3.09,3.2,0.0,3.09,3.9,0.4,2.98
2020-04-26,8.3,0.0,4.17,6.1,0.0,3.98,5.4,0.0,3.84
2020-04-27,9.1,0.0,3.65,7.0,2.0,3.47,6.4,1.1,3.55
2020-04-28,8.5,0.0,2.93,6.0,0.0,2.9,5.5,1.2,3.19
2020-04-29,10.8,0.2,3.92,8.8,1.5,3.76,7.6,0.5,3.63
2020-04-30,11.8,7.2,2.75,8.9,7.1,2.35,7.3,10.0,2.05
2020-05-01,9.7,23.7,1.16,7.6,10.6,1.18,6.6,8.4,1.08
2020-05-02,11.2,3.6,3.15,8.2,1.9,2.85,6.5,5.8,2.12
2020-05-03,11.0,12.9,2.92,8.2,10.3,2.61,6.9,12.3,2.53
2020-05-04,11.7,2.9,3.08,8.6,2.9,2.71,6.9,10.6,1.8
2020-05-05,11.0,10.7,2.99,8.3,2.4,3.04,7.6,3.1,2.99
2020-05-06,8.9,5.5,1.71,6.1,7.9,1.45,4.9,4.4,1.2
2020-05-07,11.1,6.8,3.31,8.4,5.8,3.16,7.4,4.0,3.15
2020-05-08,6.7,11.3,1.02,4.8,14.6,0.71,5.0,21.1,0.93
2020-05-09,7.0,0.0,2.46,4.3,0.4,2.29,3.8,0.1,2.56
2020-05-10,7.7,0.0,3.43,4.9,0.0,3.12,3.4,0.0,3.12
2020-05-11,11.0,0.0,4.17,8.6,1.5,3.96,7.8,1.4,3.82
2020-05-12,16.2,0.0,5.21,13.3,0.0,4.98,12.0,0.0,4.65
2020-05-13,16.4,0.1,4.66,13.5,0.2,4.5,12.8,0.0,4.54
2020-05-14,15.4,0.0,4.93,14.5,0.0,4.76,12.6,0.0,4.79
2020-05-15,18.2,0.0,5.16,16.9,0.0,4.92,15.8,0.0,4.95
2020-05-16,19.5,0.0,5.16,16.9,0.0,5.2,15.8,0.1,5.17
2020-05-17,16.1,0.0,4.79,13.8,0.0,4.62,12.3,0.0,4.5
2020-05-18,18.6,0.0,5.31,16.1,0.0,5.2,14.5,0.3,5.08
2020-05-19,16.4,0.0,4.89,14.2,0.0,4.64,12.2,0.0,4.6
2020-05-20,18.7,0.0,5.43,17.1,0.0,5.31,15.4,0.0,5.33
2020-05-21,21.4,0.1,5.53,18.6,1.1,5.35,17.0,0.0,5.51
2020-05-22,15.2,7.3,3.44,13.7,13.3,3.73,13.9,6.2,4.19
2020-05-23,5.5,10.0,1.72,2.2,12.7,1.58,1.9,8.7,1.66
2020-05-24,6.2,4.4,1.66,2.0,9.7,1.15,0.8,5.5,1.28
2020-05-25,5.8,3.5,1.02,2.3,5.4,0.89,-0.1,8.3,0.95
2020-05-26,13.0,0.0,4.94,9.8,0.0,4.8,8.4,0.0,4.81
2020-05-27,17.2,0.4,4.86,14.8,1.6,4.87,13.7,0.2,5.16
2020-05-28,15.3,2.5,3.82,15.1,7.9,4.42,16.1,1.0,5.6
2020-05-29,10.7,8.3,2.88,9.6,5.7,3.54,10.8,0.4,4.28
2020-05-30,12.4,0.3,4.09,9.7,0.3,3.68,8.6,0.0,3.99
2020-05-31,13.8,0.4,4.27,11.4,0.0,4.38,10.7,0.2,4.52
2020-06-01,14.7,7.1,3.71,12.2,8.0,3.77,12.3,0.8,4.44
2020-06-02,13.9,7.6,3.71,11.8,7.7,3.75,11.0,6.9,3.89
2020-06-03,13.1,3.2,3.6,10.5,8.7,3.55,9.7,3.3,3.59
2020-06-04,13.1,2.2,3.51,10.8,8.1,3.33,10.6,7.0,3.39
2020-06-05,14.5,0.0,4.63,12.4,0.0,4.63,12.7,0.0,4.82
2020-06-06,18.6,0.0,5.78,16.5,0.0,5.54,15.7,0.0,5.86
2020-06-07,21.4,0.0,6.02,18.7,0.0,6.16,17.3,0.0,6.46
2020-06-08,20.0,1.2,4.89,18.8,0.0,5.09,17.7,0.3,5.37
2020-06-09,20.5,0.0,5.19,18.1,1.1,5.11,17.5,1.2,5.28
2020-06-10,20.1,2.3,4.79,18.0,1.3,4.77,16.9,0.6,4.91
2020-06-11,19.0,4.0,4.42,16.6,1.5,4.2,16.7,1.1,4.53
2020-06-12,16.1,2.1,3.54,13.3,7.9,3.59,12.9,3.0,3.59
2020-06-13,14.6,23.8,3.1,12.0,42.4,3.2,11.1,13.2,3.11
2020-06-14,14.8,1.2,3.59,11.8,3.0,3.54,11.0,0.1,4.08
2020-06-15,17.3,0.0,4.59,14.5,0.2,4.45,13.7,0.4,4.6
2020-06-16,17.9,0.5,4.18,15.5,2.4,4.12,15.2,0.5,4.35
2020-06-17,19.8,0.0,5.31,17.9,0.0,5.2,16.1,0.0,5.36
2020-06-18,17.6,0.9,4.46,14.8,2.0,4.24,15.1,1.3,4.62
2020-06-19,14.9,11.3,2.79,12.1,10.2,2.57,11.4,1.4,2.65
2020-06-20,15.8,1.8,3.57,12.4,3.7,3.02,10.9,1.3,2.58
2020-06-21,16.4,0.9,3.87,13.7,13.5,3.54,12.8,5.3,3.57
2020-06-22,17.7,1.0,4.49,15.2,2.3,4.23,14.0,2.6,4.45
2020-06-23,21.3,0.1,5.28,19.2,0.0,5.37,17.0,0.0,5.9
2020-06-24,17.9,4.4,3.55,15.2,3.4,3.59,14.8,1.8,4.3
2020-06-25,17.3,0.0,4.21,14.1,0.1,3.82,13.3,0.0,4.11
2020-06-26,17.1,1.1,3.86,13.5,0.9,3.67,13.3,0.0,4.23
2020-06-27,16.6,2.3,3.1,13.8,2.7,2.82,13.0,0.4,3.16
2020-06-28,17.3,1.0,3.38,14.2,0.7,3.55,13.6,0.0,4.17
2020-06-29,17.6,0.0,5.06,14.2,0.0,4.76,13.7,0.0,4.88
2020-06-30,16.6,1.5,3.07,13.0,3.3,2.54,13.1,1.1,2.88
2020-07-01,18.3,0.0,5.19,14.3,0.1,4.43,13.8,0.3,4.18
2020-07-02,18.5,0.0,5.36,15.5,0.0,4.78,14.8,0.3,4.89
2020-07-03,20.5,0.0,4.95,18.3,1.4,4.63,18.4,0.0,4.92
2020-07-04,22.1,1.2,5.07,19.8,0.0,4.73,20.5,0.1,5.29
2020-07-05,21.2,0.2,5.11,17.5,0.0,4.69,17.3,0.2,4.89
2020-07-06,21.3,0.0,5.17,17.8,0.0,4.95,17.9,0.0,4.96
2020-07-07,23.8,0.0,5.77,20.6,0.0,5.55,20.3,0.8,5.22
2020-07-08,21.0,5.2,4.19,18.1,4.3,4.13,17.3,2.0,4.3
2020-07-09,17.1,4.9,2.69,14.0,4.7,2.58,13.8,0.3,3.24
2020-07-10,16.5,0.5,2.42,13.2,1.2,2.56,13.7,0.3,3.69
2020-07-11,17.8,0.9,3.48,14.7,0.3,3.83,14.7,0.0,4.58
2020-07-12,18.3,0.4,3.8,15.8,1.3,4.11,15.7,0.0,4.63
2020-07-13,18.4,1.1,4.12,14.8,5.5,3.3,13.9,1.4,3.35
2020-07-14,18.1,0.5,4.58,14.8,0.3,4.48,14.1,0.0,4.66
2020-07-15,19.7,0.0,5.41,17.5,0.0,5.38,16.9,0.0,5.85
2020-07-16,20.6,0.0,5.1,18.7,0.0,5.17,18.8,0.0,6.23
2020-07-17,19.6,0.4,4.2,16.8,0.1,4.08,16.5,0.7,4.48
2020-07-18,18.9,0.2,4.42,16.6,0.2,4.38,17.3,0.0,4.91
2020-07-19,23.0,0.0,5.58,20.5,0.0,5.41,20.9,0.0,5.99
2020-07-20,24.2,0.2,5.91,23.3,0.0,5.93,23.6,0.0,6.5
2020-07-21,18.6,1.9,2.79,15.5,3.6,2.52,15.2,0.6,3.68
2020-07-22,17.7,0.9,3.4,13.9,0.0,3.45,13.2,0.0,4.64
2020-07-23,18.1,0.3,4.31,14.7,0.5,4.27,14.3,0.0,4.76
2020-07-24,18.8,1.2,4.34,15.4,2.3,4.1,15.2,0.0,4.5
2020-07-25,19.0,0.0,4.85,16.2,0.0,4.72,16.8,0.0,4.99
2020-07-26,22.3,0.0,5.54,19.7,0.4,5.33,20.5,0.0,5.65
2020-07-27,22.6,0.0,5.54,21.4,0.0,5.82,21.7,0.0,6.08
2020-07-28,20.1,0.0,4.97,17.4,0.0,4.72,18.3,0.0,4.88
2020-07-29,20.3,0.0,5.33,17.2,0.0,5.13,16.9,0.0,5.39
2020-07-30,20.1,0.0,5.13,17.2,0.2,4.94,15.9,0.0,5.25
2020-07-31,19.4,0.7,4.1,15.8,0.0,4.16,15.1,0.0,4.72
2020-08-01,19.8,0.0,4.83,16.5,0.0,4.53,15.6,0.0,4.68
2020-08-02,17.9,3.3,3.53,14.9,3.8,3.53,14.0,0.7,4.24
2020-08-03,17.1,0.0,4.68,13.1,0.0,4.41,12.9,0.0,4.58
2020-08-04,17.5,0.0,4.7,13.9,0.0,4.51,14.2,0.0,4.86
2020-08-05,18.2,0.0,5.0,14.8,0.0,4.86,15.0,0.0,5.08
2020-08-06,19.4,0.0,5.31,16.3,0.0,5.07,15.5,0.0,5.53
2020-08-07,20.5,0.0,5.29,17.3,0.0,5.1,16.2,0.0,5.52
2020-08-08,20.9,0.0,5.11,18.3,0.0,4.99,18.7,0.0,5.28
2020-08-09,20.8,0.3,4.95,17.9,0.1,4.69,18.0,0.1,4.81
2020-08-10,19.8,0.5,3.97,16.9,0.6,3.8,16.7,0.0,4.22
2020-08-11,19.2,3.5,4.09,15.9,5.0,3.75,15.1,1.3,3.77
2020-08-12,19.1,0.0,4.87,15.3,0.0,4.43,14.4,0.0,4.07
2020-08-13,18.5,0.0,4.19,14.5,0.0,3.89,13.2,0.0,4.1
2020-08-14,16.4,5.3,3.1,13.3,3.7,2.85,12.4,0.1,2.96
2020-08-15,15.4,1.1,3.29,12.1,0.5,3.29,11.6,0.0,3.87
2020-08-16,15.2,0.0,3.55,11.0,0.0,3.34,10.8,0.0,3.9
2020-08-17,15.6,0.0,4.07,11.9,0.0,3.74,11.2,0.0,3.75
2020-08-18,16.9,0.0,4.29,13.2,0.0,4.0,13.2,0.0,4.25
2020-08-19,19.2,0.0,4.93,16.2,0.0,4.86,15.4,0.0,5.15
2020-08-20,21.2,0.0,5.31,19.9,0.1,5.4,19.2,0.0,5.57
2020-08-21,17.0,3.2,2.88,13.7,4.4,2.74,13.2,2.1,3.21
2020-08-22,15.5,11.6,2.46,12.5,15.0,1.93,11.3,10.8,1.68
2020-08-23,16.5,0.3,3.33,12.7,1.9,2.89,11.5,0.9,3.05
2020-08-24,16.6,0.0,4.46,13.7,0.0,4.21,11.9,0.0,4.42
2020-08-25,18.0,0.0,4.86,17.0,0.0,4.74,16.1,0.0,5.27
2020-08-26,20.1,0.0,5.04,19.1,0.0,4.86,18.0,0.0,5.21
2020-08-27,18.6,0.0,4.1,16.5,0.1,4.03,15.8,0.0,4.58
2020-08-28,19.2,0.0,4.48,16.3,0.0,4.43,15.3,0.0,4.8
2020-08-29,19.9,0.0,4.87,17.9,0.0,4.78,16.8,0.0,5.36
2020-08-30,21.0,0.0,4.99,20.2,0.0,5.04,21.1,0.0,5.31
2020-08-31,22.4,0.0,4.98,21.2,0.0,4.91,22.2,0.0,5.29
2020-09-01,23.6,0.0,4.71,22.9,0.2,4.61,23.3,0.0,5.66
2020-09-02,24.9,0.0,5.0,21.8,0.1,5.1,20.6,0.3,5.09
2020-09-03,25.4,0.0,5.1,23.6,0.0,5.09,21.6,0.0,5.17
2020-09-04,25.4,0.0,5.25,23.8,0.0,5.33,23.2,0.0,5.48
2020-09-05,18.7,2.5,2.38,16.4,1.1,2.82,19.0,0.0,4.08
2020-09-06,19.3,0.0,3.8,16.6,0.0,3.69,16.4,0.0,3.97
2020-09-07,19.4,0.0,4.21,16.0,0.0,4.11,15.4,0.0,4.34
2020-09-08,19.0,0.0,4.11,16.6,0.0,4.05,15.2,0.0,4.26
2020-09-09,17.2,3.2,2.95,14.4,2.7,2.69,13.4,0.0,2.72
2020-09-10,18.1,0.3,3.63,15.1,0.2,3.6,14.9,0.0,4.02
2020-09-11,19.8,0.0,3.95,18.7,0.0,4.0,19.3,0.2,5.1
2020-09-12,21.5,0.0,3.78,21.0,0.5,4.25,20.2,0.0,4.7
2020-09-13,21.6,0.1,3.75,21.1,0.0,4.14,20.9,0.0,4.77
2020-09-14,18.8,1.3,2.74,16.6,0.3,3.23,17.1,0.0,3.94
2020-09-15,18.1,0.5,3.16,15.1,0.0,3.39,15.0,0.0,3.65
2020-09-16,17.0,0.0,3.48,14.2,0.0,3.56,14.0,0.0,4.0
2020-09-17,19.0,0.0,3.84,17.7,0.0,4.04,19.2,0.0,4.64
2020-09-18,20.5,0.3,4.11,18.3,0.2,4.17,18.9,0.0,4.36
2020-09-19,16.8,1.9,2.38,14.2,1.1,2.37,13.3,0.0,2.96
2020-09-20,16.6,0.0,3.33,13.2,0.0,3.24,13.1,0.0,3.49
2020-09-21,16.2,0.1,2.5,12.6,0.0,2.15,12.3,0.0,2.46
2020-09-22,15.5,1.6,2.15,13.4,0.2,2.6,13.4,0.0,3.2
2020-09-23,17.2,0.0,3.35,14.8,0.0,3.33,14.6,0.0,3.64
2020-09-24,18.9,0.0,3.66,16.5,0.0,3.67,16.3,0.0,3.86
2020-09-25,18.1,0.0,2.83,16.9,0.3,2.99,16.8,0.9,3.04
2020-09-26,18.2,0.3,3.32,15.6,0.7,3.21,14.7,0.6,3.2
2020-09-27,20.2,0.0,3.92,17.3,0.0,4.04,16.5,0.0,3.92
2020-09-28,19.0,0.0,3.46,18.1,0.0,3.49,17.0,0.0,3.67
2020-09-29,21.1,0.0,3.69,19.4,0.0,3.73,18.3,0.1,3.91
2020-09-30,18.9,0.4,3.2,16.1,1.0,3.36,15.8,0.0,3.81
2020-10-01,16.3,0.6,2.37,13.2,14.7,2.38,13.7,0.9,2.96
2020-10-02,15.7,1.6,2.52,12.3,3.1,2.4,11.9,0.9,2.58
2020-10-03,15.1,0.0,3.04,12.2,0.0,2.83,12.0,0.0,3.05
2020-10-04,14.8,0.0,2.99,11.7,0.0,2.83,9.8,0.0,2.95
2020-10-05,15.0,0.0,3.12,11.7,0.0,2.97,10.7,0.0,3.15
2020-10-06,15.5,0.0,3.17,13.8,0.0,3.16,11.8,0.0,3.43
2020-10-07,15.6,0.0,3.08,13.4,0.0,3.06,12.5,0.0,3.4
2020-10-08,15.7,0.0,3.22,13.4,0.0,3.39,12.8,0.0,3.85
2020-10-09,18.6,0.0,3.95,16.1,0.0,4.53,15.0,0.0,4.74
2020-10-10,18.1,0.1,3.87,16.3,0.0,4.63,15.8,0.0,5.31
2020-10-11,17.4,0.1,2.93,15.3,0.0,3.52,15.2,0.0,4.3
2020-10-12,17.7,0.0,2.95,15.2,0.0,3.68,15.1,0.0,4.23
2020-10-13,18.1,0.0,3.34,15.7,0.0,3.97,15.5,0.0,4.63
2020-10-14,17.9,0.3,3.07,16.0,0.0,3.31,16.2,0.0,3.79
2020-10-15,16.4,1.3,2.37,14.0,0.0,2.39,14.6,0.0,2.97
2020-10-16,15.9,0.0,2.71,15.7,0.0,2.8,17.1,0.0,3.21
2020-10-17,16.5,0.0,2.76,14.8,0.0,2.86,15.2,0.0,3.45
2020-10-18,15.7,0.0,2.74,14.2,0.0,3.02,13.6,0.0,3.73
2020-10-19,14.7,0.6,2.45,12.1,2.4,2.49,11.9,0.9,2.97
2020-10-20,12.1,2.1,1.12,8.8,2.8,0.89,8.4,7.5,0.94
2020-10-21,12.0,0.1,1.78,9.0,0.0,1.81,9.2,0.0,1.99
2020-10-22,13.6,0.0,2.35,12.5,0.0,2.35,12.8,0.0,2.79
2020-10-23,14.7,0.0,2.46,13.7,0.0,2.53,15.3,0.0,2.89
2020-10-24,14.8,0.0,2.55,14.3,0.0,2.68,15.1,0.0,3.06
2020-10-25,14.4,0.0,2.64,13.7,0.0,2.74,14.5,0.0,2.84
2020-10-26,14.3,0.0,2.46,12.7,0.0,2.81,13.0,0.0,3.28
2020-10-27,15.8,0.0,2.82,14.0,0.0,3.33,13.5,0.0,3.96
2020-10-28,16.9,0.0,2.95,15.1,0.0,3.79,14.1,0.0,4.25
2020-10-29,14.7,0.0,2.8,12.9,0.0,3.04,12.9,0.0,3.62
2020-10-30,14.2,0.3,2.17,11.5,0.0,2.52,11.8,0.0,3.4
2020-10-31,12.9,2.4,2.04,11.0,0.5,2.36,10.1,0.5,2.34
2020-11-01,11.0,0.4,1.52,8.8,3.8,1.61,8.0,13.8,1.43
2020-11-02,9.7,0.0,1.29,6.5,1.2,1.25,6.2,15.2,0.95
2020-11-03,9.1,0.5,1.5,6.7,0.4,1.55,6.3,2.7,1.25
2020-11-04,8.7,12.9,0.57,6.9,14.2,0.63,6.6,8.2,0.77
2020-11-05,9.7,11.7,0.64,7.4,9.3,0.73,6.5,1.4,0.93
2020-11-06,7.8,6.1,0.67,5.1,11.3,0.48,4.4,2.8,0.5
2020-11-07,6.2,1.1,0.4,3.0,2.2,0.34,2.2,0.3,0.59
2020-11-08,7.4,0.1,0.79,3.6,0.0,0.86,3.3,0.0,1.22
2020-11-09,9.1,0.0,1.75,7.3,0.0,1.83,6.1,0.0,1.94
2020-11-10,8.1,0.2,1.14,6.0,0.3,1.26,6.6,0.0,1.44
2020-11-11,6.8,2.8,0.82,3.9,1.2,0.8,3.0,0.0,0.84
2020-11-12,5.9,0.0,1.27,2.9,0.0,1.3,2.2,0.0,1.5
2020-11-13,5.6,0.0,1.5,3.3,0.0,1.5,2.7,0.0,1.62
2020-11-14,5.8,0.0,1.53,3.7,0.0,1.52,2.6,0.0,1.85
2020-11-15,5.1,0.0,1.28,3.3,0.0,1.24,3.2,0.0,1.51
2020-11-16,4.7,0.0,1.08,1.3,0.0,0.97,1.7,0.0,1.16
2020-11-17,5.5,0.0,1.26,2.4,0.0,1.19,1.4,0.0,1.24
2020-11-18,5.0,0.5,0.73,2.0,0.2,0.83,1.1,0.0,0.98
2020-11-19,3.2,1.0,0.55,-0.1,0.3,0.63,-0.8,0.0,0.76
2020-11-20,3.5,2.5,0.56,1.7,1.6,0.56,1.2,2.0,0.61
2020-11-21,3.6,0.8,0.82,0.7,0.4,0.83,-0.1,0.2,0.84
2020-11-22,3.1,0.0,0.7,-0.5,0.4,0.79,-1.3,0.5,0.91
2020-11-23,2.0,0.0,0.95,-0.9,0.8,0.91,-1.5,0.1,1.04
2020-11-24,2.6,0.0,1.25,0.9,0.0,1.37,1.6,0.0,1.64
2020-11-25,2.3,0.8,0.33,-0.7,0.6,0.38,-1.6,0.0,0.59
2020-11-26,1.3,0.0,0.48,-2.1,0.0,0.56,-2.9,0.0,0.71
2020-11-27,1.6,0.0,1.15,0.2,0.0,1.29,-0.7,0.0,1.41
2020-11-28,3.3,0.0,1.42,1.1,0.0,1.61,0.8,0.0,1.55
2020-11-29,3.3,0.0,1.2,1.2,0.0,1.19,2.3,0.0,1.3
2020-11-30,3.3,0.0,1.22,1.1,0.0,1.33,1.7,0.0,1.5
2020-12-01,5.0,0.5,0.79,2.5,0.0,0.8,1.5,1.1,0.57
2020-12-02,6.3,0.5,1.07,3.2,0.0,0.85,1.8,0.2,0.7
2020-12-03,5.0,0.4,1.09,2.4,0.0,1.06,1.2,0.0,1.07
2020-12-04,4.3,0.0,1.23,1.7,0.0,1.13,0.5,0.0,1.1
2020-12-05,3.4,0.0,1.16,0.8,0.0,1.1,0.8,0.0,1.15
2020-12-06,3.9,0.0,1.04,1.3,0.0,0.95,0.5,0.0,1.06
2020-12-07,3.1,0.0,1.15,0.3,0.0,1.19,-0.6,0.0,1.24
2020-12-08,4.6,11.2,0.6,1.7,8.5,0.69,1.0,4.8,0.71
2020-12-09,4.2,4.7,0.93,0.2,3.2,0.69,-1.7,4.6,0.57
2020-12-10,2.4,0.0,1.13,-2.1,0.0,0.95,-4.1,0.0,0.98
2020-12-11,3.9,4.0,1.22,-0.1,1.2,1.12,-1.5,0.5,0.91
2020-12-12,6.1,0.6,1.06,1.7,0.6,0.6,0.9,2.4,0.51
2020-12-13,8.1,0.0,1.34,3.5,0.0,0.96,1.8,0.0,0.65
2020-12-14,7.9,2.1,1.23,3.8,1.3,0.9,2.6,2.1,0.67
2020-12-15,6.8,3.5,0.44,3.7,3.3,0.49,2.7,3.1,0.43
2020-12-16,3.9,5.4,0.27,1.1,2.1,0.34,1.1,0.2,0.7
2020-12-17,3.5,0.0,0.47,0.0,0.0,0.49,-1.0,0.0,0.69
2020-12-18,3.0,0.0,0.91,-0.3,0.0,0.92,-0.8,0.0,0.98
2020-12-19,1.3,0.1,0.68,-1.9,0.0,0.66,-2.0,0.2,0.82
2020-12-20,0.7,0.0,0.93,-2.1,0.0,0.93,-3.1,0.0,0.93
2020-12-21,0.8,0.0,0.78,-2.1,0.2,0.85,-2.4,0.1,0.97
2020-12-22,0.7,1.3,0.4,-1.4,1.4,0.47,-1.9,4.1,0.47
2020-12-23,-1.1,6.2,0.53,-5.0,2.1,0.56,-6.0,1.4,0.52
2020-12-24,-1.4,0.0,0.93,-6.6,0.0,0.79,-8.4,0.2,0.68
2020-12-25,0.9,0.0,0.9,-3.7,0.0,0.8,-6.1,0.0,0.6
2020-12-26,2.8,0.0,1.25,-1.3,0.0,1.08,-2.4,0.0,0.95
2020-12-27,2.7,0.0,1.21,-0.4,0.0,1.21,-1.7,0.0,1.15
2020-12-28,3.4,0.0,1.28,1.4,0.0,1.68,-0.3,0.0,1.38
2020-12-29,3.9,0.0,1.5,1.6,0.0,1.69,-0.8,0.0,1.29
2020-12-30,3.3,0.0,1.32,1.0,0.0,1.46,-0.9,0.0,1.22
2020-12-31,3.9,0.0,1.4,2.3,0.0,1.44,1.5,0.0,1.41
2021-01-01,4.4,0.0,1.33,2.2,0.0,1.24,1.3,0.0,1.19
2021-01-02,4.4,0.0,1.06,2.8,0.1,1.0,1.1,0.0,0.9
2021-01-03,2.8,0.0,1.08,1.4,0.0,1.07,1.1,0.0,1.09
2021-01-04,2.8,0.0,1.21,0.8,0.0,1.34,-0.1,0.0,1.48
2021-01-05,4.4,0.4,1.46,1.8,0.2,1.76,0.9,0.0,1.74
2021-01-06,4.8,1.6,0.99,2.5,3.1,1.19,1.3,1.8,1.14
2021-01-07,4.0,0.0,1.32,1.8,0.0,1.32,1.0,0.0,1.36
2021-01-08,4.8,0.0,1.18,2.1,0.0,1.28,1.6,0.0,1.39
2021-01-09,5.6,0.0,1.55,2.9,0.0,1.55,2.0,0.0,1.57
2021-01-10,7.5,0.0,1.38,4.0,0.0,1.42,2.5,0.0,1.41
2021-01-11,9.5,1.0,0.89,7.6,1.1,1.19,5.0,1.3,1.02
2021-01-12,11.8,0.7,1.6,8.6,0.7,1.38,6.8,0.6,1.23
2021-01-13,10.5,20.0,2.08,6.0,16.7,1.42,4.6,6.9,1.27
2021-01-14,3.4,18.6,0.54,0.0,27.2,0.45,-0.3,23.3,0.43
2021-01-15,0.8,2.4,0.67,-3.3,4.5,0.56,-4.1,9.7,0.58
2021-01-16,1.5,5.3,0.55,-1.4,7.8,0.51,-1.6,14.2,0.44
2021-01-17,3.7,12.9,0.74,0.1,8.9,0.61,-0.8,12.3,0.45
2021-01-18,-2.6,5.2,0.69,-7.5,3.8,0.49,-8.6,1.6,0.4
2021-01-19,-5.6,0.0,0.9,-12.7,0.0,0.72,-15.3,0.0,0.63
2021-01-20,-5.2,0.0,0.79,-11.5,0.0,0.61,-14.4,0.0,0.48
2021-01-21,-4.1,0.0,1.07,-11.7,0.0,0.7,-14.8,0.0,0.58
2021-01-22,-1.7,0.0,1.14,-7.8,0.0,0.83,-9.6,0.0,0.8
2021-01-23,-0.8,0.0,1.3,-6.4,0.0,0.97,-7.9,0.0,1.02
2021-01-24,0.7,0.0,1.46,-4.1,0.0,1.2,-4.7,0.0,1.23
2021-01-25,2.5,0.0,1.85,-3.0,0.1,1.48,-3.9,0.0,1.43
2021-01-26,4.5,0.0,1.65,-0.7,0.3,1.36,-1.7,0.2,1.33
2021-01-27,5.8,0.0,2.38,0.1,0.0,1.58,-1.1,0.0,1.43
2021-01-28,3.8,4.5,1.2,-0.9,6.1,0.8,-2.3,9.2,0.72
2021-01-29,0.0,0.8,0.75,-4.7,1.8,0.59,-5.2,7.3,0.47
2021-01-30,-0.9,1.8,1.4,-7.4,2.4,0.92,-8.3,2.3,0.91
2021-01-31,2.6,5.2,0.98,-1.6,6.5,0.83,-2.7,8.4,0.85
2021-02-01,3.9,0.0,1.36,-1.2,0.0,0.79,-2.1,0.0,0.78
2021-02-02,5.4,0.0,1.49,0.6,0.0,0.94,-0.4,0.0,1.09
2021-02-03,5.2,0.1,1.46,0.7,0.4,1.02,0.2,0.0,1.21
2021-02-04,5.8,0.1,1.64,1.5,0.5,1.2,0.5,0.0,1.18
2021-02-05,4.9,3.2,1.21,1.5,2.0,1.03,0.0,2.5,0.99
2021-02-06,4.7,0.0,1.75,0.0,0.0,1.31,-1.4,0.0,1.15
2021-02-07,6.4,0.0,1.83,2.1,0.0,1.57,0.7,0.0,1.47
2021-02-08,8.8,0.0,1.79,4.0,0.0,1.63,3.2,0.0,1.73
2021-02-09,10.4,0.1,2.84,4.4,0.2,1.88,3.0,0.8,1.62
2021-02-10,8.2,0.2,2.06,2.9,0.0,1.3,1.8,0.7,1.11
2021-02-11,6.5,0.0,2.0,1.5,0.0,1.47,0.5,0.0,1.36
2021-02-12,7.4,2.8,2.15,2.7,2.5,1.49,1.6,3.6,1.4
2021-02-13,1.4,3.2,1.41,-2.9,2.8,1.14,-2.5,2.7,1.11
2021-02-14,0.7,0.0,1.16,-0.2,0.0,1.37,0.5,0.0,1.32
2021-02-15,-0.2,0.2,0.48,-0.6,0.6,0.84,1.3,0.1,1.25
2021-02-16,-5.6,22.6,0.35,-9.3,24.2,0.28,-9.4,12.7,0.26
2021-02-17,-8.0,9.2,0.49,-11.3,11.5,0.37,-13.0,10.8,0.37
2021-02-18,-10.7,0.0,1.01,-13.7,0.0,0.87,-15.2,0.0,0.79
2021-02-19,-6.3,4.2,0.68,-10.3,4.2,0.6,-12.1,2.8,0.6
2021-02-20,-7.3,0.0,1.06,-11.8,0.0,0.98,-11.6,0.0,0.97
2021-02-21,-8.9,0.0,1.19,-7.5,0.0,1.3,-8.5,0.0,1.25
2021-02-22,-5.7,0.0,1.52,-4.7,0.0,1.61,-5.6,0.0,1.49
2021-02-23,-2.3,0.0,1.75,-1.3,0.0,1.78,-3.2,0.0,1.62
2021-02-24,-1.0,0.0,1.28,-2.3,0.0,1.18,-5.1,0.0,1.07
2021-02-25,-0.2,0.4,1.34,-4.5,0.0,1.15,-6.4,0.0,0.94
2021-02-26,-0.9,0.0,1.69,-3.8,0.0,1.44,-5.5,0.0,1.35
2021-02-27,1.3,0.0,2.05,-3.0,0.0,1.76,-4.2,0.0,1.67
2021-02-28,0.9,4.7,1.44,-2.8,6.7,1.45,-4.0,5.2,1.59
2021-03-01,-0.5,1.1,1.23,-4.5,2.0,1.02,-6.0,1.1,0.99
2021-03-02,0.8,0.0,1.84,-4.4,0.0,1.5,-6.0,0.0,1.45
2021-03-03,0.6,0.0,1.76,-3.9,0.0,1.61,-5.2,0.0,1.78
2021-03-04,0.4,0.5,1.58,-3.2,0.3,1.51,-4.6,0.0,1.52
2021-03-05,3.5,0.0,2.44,-2.5,0.0,2.03,-4.4,0.0,1.79
2021-03-06,5.8,0.2,1.93,1.0,0.0,1.71,-0.4,0.3,1.93
2021-03-07,0.4,9.3,0.47,-2.2,6.8,0.58,-2.6,2.1,1.02
2021-03-08,-0.4,0.1,1.46,-4.9,0.0,1.24,-4.8,0.0,1.19
2021-03-09,1.7,0.0,2.26,-3.0,0.0,1.84,-4.4,0.0,1.7
2021-03-10,3.7,0.0,2.38,-1.2,0.0,1.96,-1.7,0.0,1.94
2021-03-11,3.5,13.0,1.16,0.8,9.3,1.25,0.2,4.5,1.35
2021-03-12,-3.9,2.5,0.94,-8.4,3.2,0.7,-8.6,2.4,0.62
2021-03-13,1.4,0.0,2.39,-4.3,0.0,1.94,-5.1,0.0,2.05
2021-03-14,6.2,0.0,2.7,0.8,0.0,2.25,0.5,0.0,2.31
2021-03-15,6.8,0.2,1.6,2.3,0.5,1.24,0.9,1.4,1.09
2021-03-16,6.1,9.0,1.55,2.0,8.5,0.92,0.9,15.1,0.73
2021-03-17,3.7,6.9,0.84,0.6,8.3,0.79,-0.2,18.0,0.88
2021-03-18,3.0,0.4,2.28,-1.3,0.0,1.74,-2.5,1.0,1.45
2021-03-19,3.4,2.0,1.96,-1.3,1.8,1.48,-2.7,0.2,1.48
2021-03-20,5.3,4.9,1.57,1.3,4.2,1.3,-0.2,3.3,1.09
2021-03-21,5.4,6.6,1.37,2.9,9.9,1.31,1.5,7.4,1.05
2021-03-22,9.0,3.9,2.44,5.1,7.7,1.83,3.4,5.8,1.6
2021-03-23,7.4,15.1,1.69,6.1,9.0,1.65,3.8,9.0,1.52
2021-03-24,-1.6,12.2,0.65,-4.6,22.6,0.64,-4.6,19.6,0.77
2021-03-25,-2.6,6.6,0.74,-6.5,8.2,0.7,-7.1,5.8,0.81
2021-03-26,-1.7,0.2,1.55,-6.7,1.0,1.32,-7.3,3.7,1.06
2021-03-27,-0.0,3.4,1.24,-4.8,5.0,1.19,-6.3,1.2,1.1
2021-03-28,1.8,0.0,2.37,-2.9,0.0,2.22,-4.4,0.0,2.11
2021-03-29,4.1,0.0,2.49,-0.1,0.0,2.26,-3.3,0.0,2.32
2021-03-30,3.3,0.0,2.26,-0.7,0.0,2.49,-1.7,0.0,2.66
2021-03-31,3.3,2.0,1.43,-0.0,0.8,1.68,0.9,0.3,2.4
2021-04-01,3.4,5.0,1.52,1.8,5.1,1.99,1.3,6.0,2.02
2021-04-02,5.2,5.9,1.94,1.8,2.8,1.89,0.1,1.1,1.92
2021-04-03,6.7,0.0,2.63,3.2,0.1,2.19,0.3,0.0,1.97
2021-04-04,9.2,0.6,3.13,5.6,0.1,2.82,3.1,0.0,2.66
2021-04-05,10.8,3.0,1.89,7.4,3.0,1.7,3.9,5.6,1.35
2021-04-06,12.8,2.4,2.88,9.5,2.5,2.86,5.6,1.4,2.25
2021-04-07,16.5,0.0,5.2,11.6,0.0,4.33,7.5,0.0,3.32
2021-04-08,14.0,0.5,4.47,11.1,0.0,4.09,8.0,0.0,3.79
2021-04-09,2.0,3.2,0.73,-0.1,2.9,0.74,-0.1,0.3,1.38
2021-04-10,-0.4,8.1,0.68,-3.5,7.7,0.6,-4.5,2.6,0.71
2021-04-11,0.6,10.6,1.18,-1.9,10.0,1.33,-2.5,7.7,1.22
2021-04-12,4.4,0.7,2.11,-0.3,0.5,2.2,-0.6,1.4,1.45
2021-04-13,4.4,0.1,1.87,0.1,0.1,1.91,-0.7,0.2,1.6
2021-04-14,6.7,0.0,2.99,2.1,0.0,2.48,0.7,0.0,2.37
2021-04-15,10.3,2.4,2.98,6.6,0.6,2.76,5.3,1.7,2.67
2021-04-16,11.5,0.3,2.6,8.8,0.0,2.7,7.4,0.1,2.83
2021-04-17,13.4,0.6,3.12,11.2,1.5,3.39,10.0,0.1,3.46
2021-04-18,14.6,0.7,2.21,11.6,1.4,2.16,9.6,2.0,1.86
2021-04-19,16.1,0.5,2.63,13.3,0.4,2.75,12.0,1.2,2.87
2021-04-20,16.4,0.2,4.14,13.9,1.7,4.04,13.7,3.7,4.28
2021-04-21,10.4,0.3,2.88,7.8,5.5,2.93,9.6,0.3,3.77
2021-04-22,9.2,0.2,2.98,6.3,5.0,2.82,6.3,2.3,3.13
2021-04-23,11.2,0.0,4.17,8.4,0.0,4.06,8.0,0.0,4.23
2021-04-24,11.0,0.0,3.99,9.3,0.0,3.91,9.4,0.3,4.27
2021-04-25,7.4,5.4,1.88,8.9,5.9,2.45,11.3,5.2,3.25
2021-04-26,5.9,7.1,1.07,6.6,14.3,1.61,7.8,11.9,2.35
2021-04-27,8.3,0.0,3.46,6.1,0.0,3.39,6.8,0.0,3.67
2021-04-28,15.3,0.0,4.51,12.0,0.0,4.39,10.8,0.0,4.37
2021-04-29,16.8,0.2,4.28,13.7,3.8,3.88,12.0,2.9,3.68
2021-04-30,13.2,2.1,1.64,10.6,6.7,1.49,9.1,8.1,1.53
2021-05-01,14.7,0.3,4.18,11.7,0.9,3.72,9.5,1.7,3.49
2021-05-02,15.8,0.0,4.37,14.1,0.0,4.25,12.3,0.0,4.34
2021-05-03,18.6,0.1,4.66,15.9,0.1,4.5,14.5,0.1,4.4
2021-05-04,12.8,4.9,1.51,10.3,9.5,1.51,9.9,4.8,2.02
2021-05-05,11.7,0.5,4.09,9.0,0.6,3.81,8.3,0.2,3.62
2021-05-06,12.6,7.4,2.97,10.3,10.1,2.8,9.3,7.4,2.99
2021-05-07,12.3,0.0,3.97,9.6,0.0,3.61,8.8,0.0,3.81
2021-05-08,16.8,0.1,4.45,13.3,3.1,4.3,12.1,0.0,4.34
2021-05-09,6.6,16.0,0.75,4.6,15.1,0.62,4.3,15.4,0.77
2021-05-10,5.3,0.0,3.36,1.4,0.0,3.01,0.3,0.0,2.93
2021-05-11,7.8,0.0,4.06,5.3,0.0,3.88,4.4,0.0,4.11
2021-05-12,13.2,0.0,4.97,11.0,0.0,4.9,9.6,0.1,4.9
2021-05-13,17.9,0.0,5.38,15.1,0.0,5.56,13.8,0.0,5.77
2021-05-14,19.1,0.0,5.57,16.4,0.0,5.69,15.7,0.0,6.27
2021-05-15,17.9,0.0,4.96,16.1,0.0,5.0,15.7,0.0,5.41
2021-05-16,19.4,0.5,5.48,17.3,0.0,5.58,16.4,0.0,6.45
2021-05-17,14.4,10.5,2.96,11.1,10.1,2.9,10.4,7.1,3.15
2021-05-18,16.5,0.0,4.33,13.0,0.0,3.88,12.3,0.0,4.54
2021-05-19,16.2,0.0,5.1,13.8,0.1,4.9,13.2,0.0,5.25
2021-05-20,20.0,0.0,6.51,16.9,0.0,6.3,16.2,0.0,7.03
2021-05-21,22.4,0.0,6.24,19.9,0.0,6.6,19.2,0.2,7.16
2021-05-22,10.7,18.6,1.82,10.3,21.1,1.8,11.3,10.9,2.59
2021-05-23,9.2,26.4,0.93,6.5,24.1,1.02,5.9,12.0,1.36
2021-05-24,10.9,1.6,2.06,8.5,1.6,2.45,8.6,0.6,3.02
2021-05-25,14.9,0.1,4.22,11.8,0.6,3.82,10.7,0.4,3.91
2021-05-26,13.7,0.0,4.95,12.2,0.0,4.82,11.3,0.0,4.9
2021-05-27,15.6,0.0,5.06,14.3,0.0,4.9,14.0,0.0,5.3
2021-05-28,18.3,0.3,4.94,16.3,3.1,4.69,15.8,0.8,4.94
2021-05-29,14.3,9.2,2.73,12.6,17.2,3.02,12.5,8.5,3.6
2021-05-30,15.2,0.0,4.19,12.1,0.4,3.49,10.9,0.0,3.09
2021-05-31,16.5,6.4,4.02,14.3,7.7,4.06,13.4,3.9,4.35
2021-06-01,15.1,15.4,3.2,13.4,10.6,3.65,12.7,6.6,4.21
2021-06-02,13.2,3.2,3.46,10.1,6.7,3.35,8.8,5.7,2.84
2021-06-03,12.2,0.1,3.65,9.1,0.1,3.38,8.2,0.0,3.2
2021-06-04,12.5,0.1,3.75,9.4,1.1,3.26,8.4,0.0,2.84
2021-06-05,11.6,0.3,3.03,8.2,0.3,2.71,7.2,0.2,2.71
2021-06-06,11.0,0.2,3.07,8.2,1.5,2.82,7.0,0.5,2.9
2021-06-07,13.7,0.1,4.37,11.4,2.1,4.11,10.5,0.0,4.08
2021-06-08,15.0,0.8,3.81,12.7,8.0,3.7,12.0,4.6,4.05
2021-06-09,14.4,17.6,2.98,11.8,22.2,3.08,11.2,8.2,3.26
2021-06-10,15.2,0.1,4.43,11.9,0.9,3.66,11.1,2.3,3.47
2021-06-11,15.7,0.0,4.72,12.7,0.0,4.42,11.8,0.0,4.74
2021-06-12,15.6,0.0,4.76,13.0,0.0,4.39,12.4,0.3,4.51
2021-06-13,16.9,0.0,4.87,14.0,0.1,4.52,13.0,0.0,4.79
2021-06-14,16.9,1.6,4.58,14.5,4.3,4.38,15.9,0.2,5.26
2021-06-15,17.2,0.1,4.72,14.6,0.2,4.67,14.6,0.0,5.3
2021-06-16,16.1,6.4,3.94,14.0,5.6,4.43,15.1,0.5,5.69
2021-06-17,16.3,0.1,4.13,12.9,0.0,3.72,11.8,0.0,3.99
2021-06-18,17.4,0.0,5.32,14.0,0.0,4.81,14.3,0.0,5.19
2021-06-19,17.3,0.0,5.2,15.5,0.0,4.9,14.9,0.0,5.27
2021-06-20,18.7,0.0,5.61,16.4,0.0,5.3,17.0,0.0,5.57
2021-06-21,18.8,0.0,5.22,18.2,0.0,5.63,19.5,0.0,7.34
2021-06-22,18.8,0.0,4.73,16.7,2.7,4.78,17.7,0.0,5.79
2021-06-23,17.8,0.9,3.85,14.7,0.0,3.86,14.9,0.0,4.31
2021-06-24,17.9,0.0,4.76,14.8,0.0,4.38,14.6,0.0,4.45
2021-06-25,18.0,0.1,4.08,14.4,4.5,3.78,14.6,0.6,4.3
2021-06-26,18.2,0.7,4.49,15.0,1.3,4.05,15.1,0.5,4.55
2021-06-27,19.0,0.1,4.18,15.7,0.1,4.19,15.4,0.0,4.88
2021-06-28,18.9,1.6,4.19,15.3,2.2,3.81,15.1,0.0,4.37
2021-06-29,18.4,0.0,4.61,14.4,0.0,4.31,13.9,0.0,4.23
2021-06-30,19.0,0.0,4.54,14.9,0.0,4.54,15.5,0.0,5.13
2021-07-01,20.2,0.0,5.11,17.2,0.0,4.98,17.8,0.0,5.71
2021-07-02,23.1,0.0,6.27,20.6,0.0,6.07,20.1,0.0,6.35
2021-07-03,22.1,0.3,5.44,20.1,1.6,5.28,20.7,0.0,5.9
2021-07-04,17.4,15.6,2.62,14.7,15.5,2.75,14.2,6.3,3.13
2021-07-05,18.4,0.0,5.36,14.8,0.0,4.88,14.1,0.0,5.12
2021-07-06,19.3,0.0,4.12,16.0,0.4,4.11,16.0,0.1,4.68
2021-07-07,20.5,0.2,4.86,17.1,0.0,4.62,16.8,0.3,4.92
2021-07-08,19.5,0.0,5.38,16.4,0.0,4.9,16.0,0.0,4.99
2021-07-09,18.9,0.7,5.03,15.4,0.2,4.7,15.1,0.0,4.93
2021-07-10,17.5,2.6,3.3,14.0,4.1,3.13,14.2,0.0,4.08
2021-07-11,18.8,1.1,4.06,15.7,0.0,3.92,15.6,0.0,4.51
2021-07-12,20.8,0.0,5.42,17.4,0.0,5.11,16.9,0.0,5.26
2021-07-13,20.4,0.0,5.15,17.8,0.0,5.03,16.9,0.0,5.91
2021-07-14,19.0,0.4,4.76,15.8,0.0,4.61,14.8,0.0,4.61
2021-07-15,18.7,5.8,4.2,15.3,4.9,3.59,14.5,1.9,3.54
2021-07-16,20.7,1.3,4.86,16.7,0.0,4.61,17.2,0.0,5.38
2021-07-17,23.0,0.0,5.66,20.3,0.0,5.56,21.0,0.1,5.74
2021-07-18,25.8,0.0,5.71,23.3,0.0,5.41,23.2,0.1,5.6
2021-07-19,27.5,0.0,5.6,25.0,0.0,5.59,24.9,0.0,6.45
2021-07-20,26.6,0.0,6.18,24.1,0.0,6.39,25.6,0.0,6.64
2021-07-21,21.1,1.6,3.83,18.6,0.0,4.21,18.7,0.0,5.15
2021-07-22,20.0,1.9,3.88,16.6,2.5,3.53,16.2,1.1,4.06
2021-07-23,17.9,0.8,3.67,13.8,3.2,2.99,13.5,0.6,3.48
2021-07-24,16.5,1.6,3.35,13.2,4.2,2.96,13.1,0.1,3.6
2021-07-25,18.5,0.1,3.89,14.2,0.0,3.81,14.9,0.0,4.55
2021-07-26,19.0,3.1,3.63,16.3,3.8,3.85,16.7,0.8,4.56
2021-07-27,18.2,5.3,3.27,15.2,13.4,2.93,14.7,3.7,3.11
2021-07-28,17.4,3.8,4.04,14.2,4.1,3.44,13.8,3.4,3.49
2021-07-29,17.5,1.7,3.32,14.7,2.4,3.46,14.5,0.8,4.39
2021-07-30,18.2,1.4,2.99,15.4,1.5,3.2,15.4,0.0,4.59
2021-07-31,19.5,0.0,4.49,16.0,0.1,3.94,16.1,0.0,4.74
2021-08-01,19.3,0.0,4.06,15.8,0.0,4.0,16.1,0.0,4.69
2021-08-02,19.9,0.0,3.75,16.5,0.1,3.75,17.0,0.1,4.6
2021-08-03,21.1,0.0,5.06,17.2,0.0,4.64,17.8,0.0,5.09
2021-08-04,21.5,0.0,5.1,17.4,0.0,4.85,18.0,0.0,5.44
2021-08-05,21.6,0.0,5.18,17.9,0.0,4.87,18.0,0.0,5.4
2021-08-06,23.3,0.0,5.56,20.6,0.0,5.35,20.6,0.0,5.66
2021-08-07,23.5,1.6,4.48,19.9,2.4,4.65,19.1,1.4,4.43
2021-08-08,19.2,10.8,2.7,16.1,9.4,2.62,15.6,1.2,3.09
2021-08-09,16.4,7.0,1.97,14.3,7.9,2.22,14.2,2.7,2.67
2021-08-10,17.3,1.1,3.12,14.6,2.2,3.12,14.1,1.0,3.04
2021-08-11,17.5,10.1,3.47,14.8,9.6,3.23,14.9,0.2,3.81
2021-08-12,18.1,6.5,3.46,15.0,1.1,3.32,14.2,6.1,2.76
2021-08-13,17.5,3.3,2.95,14.3,7.3,2.68,13.8,0.7,3.09
2021-08-14,15.1,19.9,1.83,12.6,9.6,1.88,12.1,1.9,2.13
2021-08-15,15.1,2.5,1.89,11.7,3.3,1.57,11.8,0.3,2.87
2021-08-16,16.0,0.3,2.33,12.4,1.7,1.87,12.2,0.1,2.72
2021-08-17,17.9,0.0,3.76,14.5,0.0,3.7,14.2,0.0,4.22
2021-08-18,18.9,0.0,4.48,15.9,0.0,4.36,16.3,0.0,4.9
2021-08-19,18.8,0.0,4.3,15.7,0.0,4.29,15.4,0.0,4.88
2021-08-20,18.0,1.0,3.49,14.8,0.3,3.49,14.4,0.0,4.3
2021-08-21,17.6,0.0,3.88,14.1,0.0,3.82,14.5,0.0,4.22
2021-08-22,18.1,0.0,3.99,14.6,0.0,3.89,15.3,0.0,4.39
2021-08-23,17.5,3.4,2.1,15.2,4.7,2.28,15.7,2.5,3.5
2021-08-24,18.8,2.9,3.1,16.1,1.4,3.31,16.0,0.4,4.04
2021-08-25,19.4,0.0,4.22,17.2,0.0,4.18,18.4,0.0,4.73
2021-08-26,22.6,0.0,4.96,20.4,0.0,5.03,20.1,0.0,5.71
2021-08-27,22.9,0.0,5.1,20.5,0.0,5.06,21.8,0.0,5.74
2021-08-28,23.7,0.0,5.18,22.9,0.0,5.29,22.4,0.0,6.08
2021-08-29,24.5,0.0,4.99,23.6,0.0,4.97,25.2,0.0,5.84
2021-08-30,22.1,0.2,4.81,20.4,0.0,4.91,22.7,0.0,6.22
2021-08-31,19.7,0.0,3.53,17.1,0.0,3.61,17.6,0.1,4.12
2021-09-01,19.5,0.0,3.52,16.7,0.1,3.37,17.6,1.1,3.9
2021-09-02,16.1,6.2,1.94,13.5,11.0,1.72,13.4,8.5,2.09
2021-09-03,14.2,0.3,2.57,10.1,3.9,2.12,9.2,1.1,2.24
2021-09-04,13.6,0.0,3.33,9.9,0.0,3.11,10.0,0.0,3.45
2021-09-05,14.0,0.0,3.59,10.3,0.0,3.34,10.5,0.0,3.59
2021-09-06,13.0,0.5,2.41,9.7,0.1,2.31,9.1,0.0,2.59
2021-09-07,12.2,0.3,2.43,8.5,0.8,2.16,8.6,0.0,2.69
2021-09-08,13.2,0.0,3.34,10.2,0.0,3.16,11.5,0.0,3.71
2021-09-09,15.1,0.0,3.36,11.8,0.0,3.34,12.2,0.0,4.04
2021-09-10,16.4,0.0,3.72,14.7,0.0,3.8,16.2,0.0,4.49
2021-09-11,15.3,2.1,2.57,12.6,1.2,2.54,12.5,1.2,3.15
2021-09-12,16.0,0.0,3.57,12.6,0.0,3.27,12.7,0.0,3.7
2021-09-13,16.6,0.0,3.66,14.1,0.0,3.47,14.7,0.0,4.07
2021-09-14,16.6,0.1,3.45,13.7,0.0,3.19,14.6,0.3,3.61
2021-09-15,16.0,5.3,1.83,13.6,3.6,2.19,13.5,2.5,2.96
2021-09-16,13.2,15.2,1.23,11.2,18.2,1.49,10.7,8.2,1.84
2021-09-17,12.3,2.2,1.47,9.3,3.9,1.35,8.6,1.8,1.7
2021-09-18,14.7,0.0,3.52,12.0,0.0,3.43,11.7,0.0,3.5
2021-09-19,17.0,1.0,3.06,13.5,0.1,2.94,13.2,0.8,3.18
2021-09-20,16.8,0.1,3.25,14.1,0.8,2.94,13.3,0.4,2.99
2021-09-21,17.9,2.5,3.35,14.7,0.9,3.23,14.5,0.0,3.42
2021-09-22,11.6,9.3,0.78,9.3,6.5,0.88,8.7,2.0,1.43
2021-09-23,9.7,17.4,1.08,7.2,19.9,1.26,7.0,9.4,1.84
2021-09-24,8.5,2.5,1.8,5.3,3.1,1.67,4.5,1.5,1.36
2021-09-25,10.5,0.0,1.85,7.1,0.0,1.84,5.9,0.0,1.99
2021-09-26,11.5,0.0,2.94,8.9,0.0,2.83,8.6,0.0,3.16
2021-09-27,12.0,0.0,2.9,10.8,0.0,2.79,10.4,0.0,3.18
2021-09-28,11.8,0.0,2.53,8.8,0.0,2.45,7.7,0.0,2.82
2021-09-29,10.7,1.0,1.52,7.7,1.0,1.84,7.3,0.0,2.29
2021-09-30,10.0,0.1,2.23,7.2,0.0,2.15,7.0,1.7,2.44
2021-10-01,9.7,0.0,1.75,6.2,0.0,1.78,6.2,0.8,2.3
2021-10-02,10.3,0.8,2.4,7.7,3.3,2.4,9.3,1.9,2.9
2021-10-03,9.0,3.6,0.74,6.9,8.7,0.72,7.0,22.9,0.75
2021-10-04,9.7,0.5,1.88,6.4,0.7,1.83,5.6,0.0,2.02
2021-10-05,8.8,1.2,1.51,5.6,0.9,1.54,4.4,0.1,1.62
2021-10-06,8.7,0.1,1.34,5.2,1.0,1.14,3.8,0.4,1.11
2021-10-07,9.8,0.0,2.37,7.0,0.0,2.33,6.2,0.0,2.62
2021-10-08,11.2,0.0,2.45,8.2,0.0,2.46,10.0,0.0,3.02
2021-10-09,13.0,0.0,2.85,12.0,0.0,3.02,11.2,0.0,3.62
2021-10-10,13.8,0.0,2.53,12.8,0.0,2.72,13.7,0.0,3.39
2021-10-11,14.5,0.0,2.76,13.4,0.0,2.84,16.0,0.0,3.42
2021-10-12,14.9,0.0,2.84,13.3,0.0,2.96,14.8,0.0,3.9
2021-10-13,15.5,0.2,3.1,12.3,0.0,2.96,12.2,0.0,3.62
2021-10-14,12.9,0.0,2.16,10.6,0.0,2.22,12.0,0.0,3.18
2021-10-15,13.5,0.0,2.24,12.9,0.0,2.42,13.6,0.0,2.98
2021-10-16,14.9,0.0,2.69,12.4,0.1,2.62,11.4,0.0,2.98
2021-10-17,12.8,0.1,2.04,9.2,7.4,1.88,10.0,5.7,2.09
2021-10-18,9.9,3.6,0.77,6.6,3.4,0.82,6.0,2.0,1.3
2021-10-19,8.5,3.8,0.79,5.4,6.6,0.82,4.7,0.6,1.15
2021-10-20,6.8,1.1,1.11,3.5,1.5,0.93,2.7,0.0,1.29
2021-10-21,8.1,0.0,2.03,5.7,0.0,2.2,5.1,0.0,2.37
2021-10-22,10.6,0.0,2.39,8.3,0.0,2.53,8.7,0.0,2.88
2021-10-23,11.9,0.0,2.39,8.1,0.0,2.27,10.0,0.0,2.58
2021-10-24,10.8,0.6,2.41,7.5,1.1,2.26,8.1,0.3,2.42
2021-10-25,5.0,7.3,0.63,1.5,9.7,0.51,0.7,1.9,0.75
2021-10-26,5.1,0.0,1.58,1.1,0.0,1.48,1.2,0.0,1.92
2021-10-27,7.4,0.0,2.03,5.9,0.0,2.23,6.5,0.0,2.78
2021-10-28,7.2,0.2,1.61,6.3,0.0,1.85,7.7,0.1,2.22
2021-10-29,6.3,5.2,0.48,2.6,6.1,0.3,1.7,7.4,0.27
2021-10-30,7.2,0.0,1.38,5.4,0.1,1.53,4.6,0.0,1.55
2021-10-31,10.2,0.4,1.82,8.0,0.5,1.62,7.1,0.2,1.46
2021-11-01,12.4,0.6,2.06,9.5,0.3,1.57,8.8,0.7,1.49
2021-11-02,11.6,2.2,0.74,9.6,2.1,0.82,8.6,12.6,0.84
2021-11-03,9.7,4.0,0.52,8.1,3.8,0.55,7.2,2.8,0.6
2021-11-04,9.8,0.0,1.72,8.2,0.0,1.68,7.3,0.0,1.74
2021-11-05,10.4,0.0,1.89,10.7,0.0,1.84,9.9,0.0,2.12
2021-11-06,10.6,0.0,1.99,10.3,0.0,1.97,9.4,0.0,2.07
2021-11-07,8.3,0.0,1.66,8.3,0.0,1.69,5.1,0.0,1.87
2021-11-08,9.8,0.0,1.59,9.2,0.0,1.54,8.9,0.0,1.76
2021-11-09,10.8,0.0,1.8,8.7,0.0,1.88,8.3,0.0,2.13
2021-11-10,4.2,15.6,0.35,0.9,20.7,0.28,0.6,8.2,0.44
2021-11-11,0.3,4.1,0.49,-3.6,3.3,0.52,-4.9,1.4,0.61
2021-11-12,1.8,0.0,1.32,-3.3,0.0,1.31,-0.6,0.0,1.41
2021-11-13,4.7,0.0,1.58,0.3,0.0,1.41,0.3,0.0,1.68
2021-11-14,5.9,0.0,1.43,2.3,0.0,1.43,4.1,0.0,1.94
2021-11-15,6.0,0.0,1.39,3.6,0.0,1.41,3.9,0.0,1.77
2021-11-16,4.4,1.7,0.66,1.3,0.0,0.79,0.3,0.0,0.92
2021-11-17,5.0,0.0,1.42,2.8,0.0,1.67,2.8,0.0,2.08
2021-11-18,6.5,0.0,1.44,3.5,0.0,1.54,3.3,0.0,1.77
2021-11-19,5.5,0.2,1.12,2.5,2.0,1.16,2.3,0.0,1.29
2021-11-20,4.4,5.6,0.48,1.1,5.9,0.43,0.5,1.7,0.52
2021-11-21,4.3,0.0,1.19,1.7,0.0,1.1,1.2,0.0,1.17
2021-11-22,6.3,0.0,1.44,3.5,0.0,1.28,3.0,0.0,1.25
2021-11-23,7.5,0.0,1.42,4.9,0.0,1.31,4.0,0.0,1.37
2021-11-24,5.7,18.7,0.3,3.0,21.0,0.32,2.1,13.3,0.31
2021-11-25,1.1,12.3,0.3,-1.1,16.5,0.41,0.0,23.0,0.43
2021-11-26,3.5,0.0,1.14,1.3,0.0,0.89,1.3,0.2,0.79
2021-11-27,8.1,0.6,0.93,4.1,0.6,0.76,3.2,1.1,0.72
2021-11-28,10.1,11.7,1.07,6.3,7.1,0.84,4.9,5.7,0.68
2021-11-29,11.2,0.2,1.68,7.3,0.0,1.27,6.8,0.0,1.39
2021-11-30,13.3,12.2,2.21,9.1,6.1,1.84,7.9,0.3,1.79
2021-12-01,4.0,4.0,0.9,0.9,7.5,0.85,-1.4,11.6,0.7
2021-12-02,1.4,0.0,1.1,-3.6,0.0,0.89,-6.2,0.0,0.78
2021-12-03,2.5,0.0,1.34,-1.8,0.0,1.15,-2.5,0.0,1.21
2021-12-04,4.2,0.2,1.34,-0.0,0.6,1.16,-0.9,0.0,1.19
2021-12-05,6.4,2.0,1.28,2.3,0.4,1.1,1.1,0.4,1.05
2021-12-06,5.6,0.0,1.38,2.4,0.0,1.28,1.2,0.0,1.15
2021-12-07,7.5,0.0,2.11,3.7,0.0,1.77,2.6,0.0,1.72
2021-12-08,8.1,0.4,1.57,3.7,0.7,1.13,2.3,2.1,0.83
2021-12-09,5.2,6.5,0.58,1.7,6.4,0.49,0.1,3.2,0.36
2021-12-10,4.1,0.0,1.21,0.8,0.0,1.02,-0.9,0.0,0.88
2021-12-11,5.3,0.0,1.25,2.0,0.0,1.18,1.3,0.0,1.25
2021-12-12,5.8,0.0,1.45,3.3,0.0,1.43,2.7,0.0,1.52
2021-12-13,6.3,0.0,1.33,4.0,0.0,1.51,4.1,0.0,1.72
2021-12-14,7.9,5.6,0.84,5.6,1.4,1.4,5.0,0.7,1.68
2021-12-15,6.8,0.0,1.36,3.9,0.0,1.6,2.7,0.0,1.74
2021-12-16,4.3,6.6,0.38,2.2,4.5,0.57,2.2,3.1,0.85
2021-12-17,3.5,3.2,0.44,0.6,5.4,0.5,-0.4,2.3,0.49
2021-12-18,1.7,3.7,0.4,-2.5,3.6,0.38,-2.6,10.5,0.3
2021-12-19,1.2,7.5,0.32,-2.1,7.2,0.41,-1.5,8.4,0.44
2021-12-20,3.8,0.1,0.8,0.2,2.3,0.55,-0.8,13.2,0.51
2021-12-21,-0.8,1.3,0.75,-5.2,0.1,0.53,-6.8,0.6,0.4
2021-12-22,-4.3,0.0,0.67,-9.8,0.0,0.41,-12.4,0.0,0.35
2021-12-23,-5.0,3.7,0.43,-11.2,1.0,0.44,-13.2,1.1,0.45
2021-12-24,-6.0,0.0,0.8,-14.3,0.0,0.48,-15.5,0.0,0.45
2021-12-25,-1.9,0.0,1.11,-8.5,0.0,0.8,-10.0,0.0,0.75
2021-12-26,-0.0,0.0,1.16,-5.2,0.0,0.91,-6.8,0.0,0.88
2021-12-27,1.7,0.0,1.05,-2.7,0.0,0.83,-4.9,0.0,0.76
2021-12-28,1.3,0.0,1.07,-3.3,0.0,0.84,-5.1,0.0,0.88
2021-12-29,0.9,0.0,1.07,-3.8,0.0,0.87,-5.2,0.0,0.86
2021-12-30,1.2,0.0,1.09,-2.8,0.0,0.87,-4.2,0.0,0.77
2021-12-31,1.0,0.0,1.03,-3.6,0.0,0.78,-5.4,0.0,0.81
2022-01-01,2.3,6.9,0.57,-2.7,6.2,0.47,-3.5,2.4,0.43
2022-01-02,1.1,16.7,0.38,-1.5,16.3,0.37,-2.9,9.5,0.36
2022-01-03,-0.3,0.4,0.92,-4.8,0.3,0.73,-6.8,0.8,0.72
2022-01-04,-0.2,4.1,0.41,-2.7,10.3,0.59,-4.9,3.6,0.65
2022-01-05,-1.1,0.0,0.97,-2.4,0.0,0.85,-3.8,0.0,0.89
2022-01-06,2.4,0.0,1.14,-1.5,0.0,0.86,-2.0,0.0,0.91
2022-01-07,3.0,0.0,0.84,-1.2,0.0,0.55,-2.2,0.0,0.57
2022-01-08,2.7,0.0,0.93,-0.9,0.0,0.62,-2.0,0.0,0.65
2022-01-09,5.3,0.0,1.31,0.9,0.1,0.74,0.0,0.0,0.6
2022-01-10,5.5,1.2,1.2,1.3,1.6,0.78,0.3,1.5,0.6
2022-01-11,5.4,0.9,0.8,1.5,1.3,0.52,0.6,2.7,0.6
2022-01-12,4.4,16.2,0.34,1.5,12.5,0.4,0.8,15.9,0.5
2022-01-13,-3.0,13.5,0.34,-6.0,16.6,0.28,-6.7,13.5,0.27
2022-01-14,-4.8,0.3,0.66,-9.3,0.8,0.54,-10.7,0.3,0.56
2022-01-15,-4.3,3.5,0.44,-9.0,6.7,0.35,-10.9,3.1,0.36
2022-01-16,-4.7,1.2,0.63,-9.4,1.0,0.44,-11.2,1.5,0.42
2022-01-17,-5.0,0.1,0.78,-8.6,0.0,0.56,-10.7,1.0,0.55
2022-01-18,-2.6,6.0,0.65,-6.9,7.4,0.54,-8.2,7.9,0.59
2022-01-19,-6.4,1.9,0.52,-10.2,5.4,0.36,-11.7,7.7,0.29
2022-01-20,-8.6,0.8,0.59,-10.3,0.5,0.45,-12.2,1.5,0.45
2022-01-21,-7.2,0.1,0.91,-9.6,0.0,0.78,-10.1,0.0,0.84
2022-01-22,-1.2,10.9,0.74,-6.0,3.0,0.61,-6.6,3.5,0.65
2022-01-23,-1.4,13.7,0.56,-4.8,11.2,0.67,-6.5,12.2,0.59
2022-01-24,-5.7,5.5,0.63,-9.6,2.8,0.48,-11.3,4.0,0.46
2022-01-25,-8.3,2.4,0.53,-11.3,3.5,0.49,-11.2,4.2,0.69
2022-01-26,-5.4,10.2,0.34,-7.9,13.2,0.32,-7.6,14.3,0.37
2022-01-27,-6.3,1.7,0.7,-9.2,2.1,0.45,-10.0,1.9,0.35
2022-01-28,-9.3,0.0,0.74,-11.7,0.0,0.61,-12.2,0.0,0.8
2022-01-29,-9.0,0.0,0.77,-10.9,0.0,0.73,-11.1,0.0,0.85
2022-01-30,-5.3,0.6,0.69,-8.1,0.8,0.55,-8.3,1.6,0.6
2022-01-31,-0.7,16.6,0.46,-3.8,14.3,0.49,-4.5,12.8,0.6
2022-02-01,1.2,1.9,0.97,-1.4,6.5,0.62,-2.4,7.8,0.54
2022-02-02,4.0,0.0,1.36,0.4,0.0,0.84,-1.0,0.0,0.67
2022-02-03,4.2,0.0,1.67,0.4,0.3,1.21,-1.1,3.7,1.17
2022-02-04,-1.0,5.1,0.35,-3.5,7.9,0.38,-4.3,4.4,0.46
2022-02-05,-4.9,0.4,1.02,-7.2,1.3,0.85,-8.8,0.6,0.95
2022-02-06,-4.6,0.0,1.0,-6.5,0.0,0.88,-8.2,0.0,0.8
2022-02-07,-2.8,0.0,1.27,-5.3,0.0,0.98,-6.5,0.0,0.97
2022-02-08,2.6,0.0,1.31,-1.1,0.3,0.79,-2.3,0.3,0.68
2022-02-09,2.7,6.3,0.81,-0.2,7.1,0.76,-1.0,4.2,0.89
2022-02-10,-1.9,6.1,0.54,-5.2,8.1,0.38,-6.7,8.7,0.35
2022-02-11,-2.7,0.0,1.32,-4.8,0.1,1.25,-6.1,0.0,1.31
2022-02-12,-2.7,0.0,1.4,-4.0,0.0,1.33,-5.0,0.0,1.44
2022-02-13,-1.1,0.0,0.88,-3.3,0.0,0.98,-4.6,0.0,1.31
2022-02-14,-1.3,0.0,0.83,-4.3,0.0,0.97,-4.2,0.0,1.35
2022-02-15,0.4,0.0,1.11,-4.9,0.0,1.07,-6.6,0.0,1.3
2022-02-16,-2.1,0.0,1.38,-7.0,0.0,1.23,-7.4,0.0,1.26
2022-02-17,-2.0,0.0,1.47,-7.0,0.0,1.12,-7.2,0.0,1.26
2022-02-18,1.2,0.0,1.57,-3.6,1.5,1.14,-4.1,0.0,1.17
2022-02-19,0.9,2.5,0.64,-2.8,0.9,0.93,-2.7,0.0,1.42
2022-02-20,1.6,0.0,1.66,-2.7,0.0,1.24,-4.1,0.0,1.26
2022-02-21,4.2,0.0,1.46,0.3,0.2,1.22,-1.6,0.8,0.99
2022-02-22,5.1,0.4,1.42,1.6,2.6,1.17,0.8,0.0,1.27
2022-02-23,5.4,0.0,1.91,2.0,0.0,1.26,1.2,0.0,1.23
2022-02-24,6.4,1.2,1.13,3.2,0.0,1.22,2.7,0.1,1.37
2022-02-25,5.4,12.5,0.77,2.2,6.7,0.87,1.6,9.1,0.83
2022-02-26,3.2,10.1,0.51,0.5,6.3,0.61,-0.3,7.0,0.72
2022-02-27,4.2,0.0,1.62,-0.0,0.0,1.36,-0.7,0.0,1.34
2022-02-28,5.6,1.0,1.73,2.0,0.5,1.31,0.8,1.5,0.91
2022-03-01,4.0,3.5,0.96,0.6,4.7,0.84,-0.4,13.1,0.6
2022-03-02,2.1,6.7,0.64,0.8,8.2,0.72,0.7,4.6,0.8
2022-03-03,-0.7,22.8,0.38,-0.6,23.7,0.61,-0.3,13.3,0.86
2022-03-04,-3.7,1.0,1.39,-5.1,1.5,1.13,-6.4,1.4,1.2
2022-03-05,-0.9,0.0,1.69,-4.2,0.1,1.4,-5.3,0.2,1.21
2022-03-06,2.1,0.0,1.75,-1.5,0.0,1.67,-3.1,0.0,1.6
2022-03-07,3.1,1.1,2.08,-0.7,0.1,1.58,-2.2,0.1,1.43
2022-03-08,2.5,11.6,1.08,-0.5,7.8,1.29,-1.3,9.1,1.4
2022-03-09,-1.4,8.0,0.52,-3.5,9.7,0.51,-3.3,8.4,0.63
2022-03-10,-2.9,4.0,0.57,-6.6,4.9,0.52,-7.1,6.7,0.53
2022-03-11,-4.6,12.2,0.53,-8.1,15.3,0.42,-9.4,13.7,0.39
2022-03-12,-6.7,0.7,1.18,-10.5,1.7,0.85,-11.9,1.1,0.78
2022-03-13,-6.3,3.3,0.94,-10.3,1.7,0.85,-11.6,0.4,0.82
2022-03-14,-5.8,6.5,0.84,-9.2,4.1,0.6,-10.9,1.7,0.58
2022-03-15,-5.4,3.6,0.89,-9.1,4.4,0.61,-10.8,2.5,0.56
2022-03-16,-3.7,0.8,1.59,-6.8,1.3,1.28,-8.8,2.0,1.19
2022-03-17,-3.4,6.2,0.81,-5.9,5.1,0.8,-7.2,2.7,0.96
2022-03-18,-5.7,3.4,0.93,-9.4,4.7,0.65,-10.8,3.6,0.65
2022-03-19,-7.7,4.1,0.82,-11.0,5.0,0.6,-12.4,4.0,0.55
2022-03-20,-5.0,6.9,0.65,-8.7,6.7,0.61,-10.0,3.8,0.75
2022-03-21,-3.9,4.2,0.78,-7.4,4.8,0.73,-8.4,2.1,0.81
2022-03-22,-2.1,2.1,1.22,-6.1,0.4,1.19,-7.8,0.1,1.45
2022-03-23,-1.6,0.9,1.63,-4.9,1.1,1.77,-5.4,1.0,1.76
2022-03-24,-1.0,0.0,1.53,-4.8,0.2,1.47,-5.8,0.0,1.78
2022-03-25,-0.3,0.0,1.52,-4.7,0.0,1.41,-5.1,0.0,1.84
2022-03-26,0.5,2.0,1.73,-3.3,0.6,1.79,-5.3,0.1,1.95
2022-03-27,1.3,0.0,2.38,-3.4,0.0,1.86,-6.1,0.0,1.63
2022-03-28,3.8,0.0,2.56,0.5,0.0,2.29,-2.7,0.0,2.24
2022-03-29,6.9,0.0,3.11,2.5,0.0,2.5,0.7,0.0,2.44
2022-03-30,7.2,0.3,1.74,2.5,0.1,1.68,1.1,0.7,1.71
2022-03-31,8.6,0.0,3.36,4.0,0.0,2.7,3.0,0.0,2.56
2022-04-01,12.4,0.0,3.93,7.4,0.0,3.38,5.9,0.0,3.2
2022-04-02,15.1,0.0,4.95,9.1,0.0,3.87,7.6,0.0,3.66
2022-04-03,13.2,0.0,4.39,8.4,0.0,3.7,6.5,0.0,3.21
2022-04-04,7.8,0.1,3.26,4.3,0.0,2.89,2.4,0.0,2.8
2022-04-05,8.9,0.1,1.99,6.6,0.4,2.69,5.1,0.1,2.67
2022-04-06,9.3,0.4,2.92,5.4,3.0,2.89,4.6,0.0,3.04
2022-04-07,11.0,0.6,3.86,4.4,0.5,3.1,3.4,0.0,2.87
2022-04-08,11.0,4.3,3.21,5.7,4.2,2.92,4.6,0.6,2.62
2022-04-09,10.2,0.5,3.76,4.5,0.8,3.13,3.0,1.0,3.07
2022-04-10,11.5,0.0,2.94,6.1,0.5,2.34,5.2,0.1,2.48
2022-04-11,11.6,5.5,3.86,6.3,2.3,3.08,5.7,0.4,2.91
2022-04-12,2.1,15.6,0.56,-1.2,22.4,0.72,-2.3,12.5,0.79
2022-04-13,0.6,2.0,2.29,-4.0,2.3,1.86,-5.3,0.9,1.87
2022-04-14,3.1,0.1,2.0,-1.2,0.0,2.12,-3.0,0.1,2.11
2022-04-15,5.9,0.0,1.74,1.7,0.1,1.88,0.6,0.0,2.02
2022-04-16,8.0,0.0,3.71,3.0,0.0,3.32,1.9,0.0,3.27
2022-04-17,11.8,0.2,4.25,6.2,0.1,3.61,4.9,0.5,3.69
2022-04-18,16.9,0.0,5.79,9.9,0.0,4.22,7.9,0.4,3.64
2022-04-19,12.8,15.9,2.67,7.2,8.3,2.36,5.7,9.9,1.5
2022-04-20,7.3,5.4,1.82,3.4,0.0,2.35,2.8,0.0,2.43
2022-04-21,8.8,1.0,3.21,4.4,0.0,2.92,3.8,0.0,2.98
2022-04-22,10.4,0.0,3.98,4.3,0.0,3.5,2.4,0.0,3.38
2022-04-23,13.6,0.0,4.53,8.4,0.0,4.02,6.4,0.0,3.84
2022-04-24,15.5,0.0,4.63,12.0,0.0,4.52,9.2,0.0,4.29
2022-04-25,16.8,0.0,5.02,13.4,0.0,4.85,9.9,0.0,4.63
2022-04-26,16.4,0.0,4.71,14.8,0.3,4.68,12.3,0.1,4.53
2022-04-27,13.9,0.0,4.21,12.2,1.9,4.22,11.7,0.6,4.51
2022-04-28,13.3,0.0,4.08,11.3,4.2,3.82,11.3,0.1,4.15
2022-04-29,14.0,0.0,3.69,12.0,2.2,3.64,10.7,2.4,3.95
2022-04-30,12.2,7.4,3.39,10.6,3.4,3.54,9.9,3.9,3.54
2022-05-01,7.5,2.3,0.87,5.4,5.5,0.95,5.8,3.6,1.29
2022-05-02,9.3,0.6,2.37,6.1,0.6,2.13,5.2,1.7,1.91
2022-05-03,10.6,0.0,2.66,8.2,0.8,2.25,7.3,3.7,1.56
2022-05-04,9.9,26.0,1.89,8.1,15.3,2.02,7.9,9.2,2.41
2022-05-05,5.4,12.5,0.95,2.1,18.7,0.79,0.8,17.0,0.84
2022-05-06,5.5,6.6,0.76,2.3,16.1,0.7,1.0,4.9,1.0
2022-05-07,5.6,1.6,0.98,2.6,5.2,1.06,1.6,1.6,1.39
2022-05-08,6.1,0.2,1.22,3.3,2.4,1.27,2.2,0.9,1.47
2022-05-09,7.5,0.5,1.85,4.3,2.4,1.75,3.3,1.2,1.75
2022-05-10,8.4,0.2,2.64,5.2,0.4,2.52,4.1,0.0,2.77
2022-05-11,9.3,0.4,3.88,6.3,2.5,3.53,6.2,1.3,3.61
2022-05-12,9.1,0.0,3.5,5.8,0.1,3.17,4.6,0.7,3.01
2022-05-13,11.2,0.0,4.62,8.4,0.0,4.4,7.9,0.0,4.53
2022-05-14,15.6,0.0,4.77,12.4,2.7,4.52,11.4,0.8,4.6
2022-05-15,13.2,7.2,3.21,10.5,16.4,3.02,10.5,7.0,3.17
2022-05-16,11.9,0.2,3.6,8.1,0.2,3.13,6.6,2.4,2.8
2022-05-17,12.2,0.0,4.34,9.6,0.0,3.98,8.1,0.0,3.86
2022-05-18,14.5,0.0,4.52,11.9,0.0,4.33,10.3,0.0,4.36
2022-05-19,7.1,6.7,0.9,4.2,5.6,1.0,4.6,0.5,1.55
2022-05-20,7.0,0.2,1.86,3.2,3.6,1.56,2.3,2.0,1.84
2022-05-21,10.7,0.0,4.61,8.5,0.0,4.44,7.6,0.0,4.61
2022-05-22,15.7,0.0,5.22,12.6,0.4,5.05,11.9,2.0,5.01
2022-05-23,11.4,4.3,2.14,7.7,8.4,1.68,7.0,6.7,1.99
2022-05-24,8.5,8.0,2.36,5.8,10.9,2.37,5.2,6.1,2.48
2022-05-25,10.6,0.0,3.7,7.7,0.9,3.43,6.5,0.2,3.55
2022-05-26,13.9,0.0,5.03,11.4,0.0,4.78,10.7,0.0,4.89
2022-05-27,15.1,0.0,4.24,13.3,0.9,4.02,11.9,0.6,4.14
2022-05-28,17.0,0.0,5.01,15.0,0.6,4.87,13.5,0.1,5.16
2022-05-29,18.8,0.0,5.4,16.2,0.1,5.03,15.1,0.0,5.06
2022-05-30,20.6,0.0,5.23,17.2,2.7,5.06,17.4,0.3,5.39
2022-05-31,20.1,0.5,4.67,17.4,5.1,4.56,16.8,1.9,4.58
2022-06-01,19.1,0.0,4.62,16.0,2.2,4.46,16.0,1.1,5.18
2022-06-02,19.1,0.0,3.73,16.8,4.2,3.43,17.4,0.5,4.68
2022-06-03,22.3,0.0,5.09,21.0,1.1,5.37,20.4,0.0,6.36
2022-06-04,17.9,0.0,4.46,18.8,0.7,4.98,19.5,0.2,5.97
2022-06-05,17.9,1.0,4.94,15.3,0.0,4.42,15.6,5.0,4.58
2022-06-06,16.7,1.9,2.56,13.5,3.4,2.75,13.5,0.0,3.64
2022-06-07,16.4,2.8,3.14,13.5,2.5,3.1,13.3,0.6,3.64
2022-06-08,18.0,5.7,3.98,14.9,17.5,3.9,14.4,10.2,4.0
2022-06-09,18.0,7.7,4.09,15.0,8.6,3.53,13.2,4.1,3.42
2022-06-10,18.7,1.4,4.6,15.3,4.0,4.27,14.5,2.8,4.41
2022-06-11,20.5,0.0,5.11,17.4,0.2,4.83,16.4,0.3,5.02
2022-06-12,17.6,12.2,3.78,15.0,16.8,3.76,15.9,1.4,4.92
2022-06-13,15.8,16.7,3.09,12.9,23.8,2.69,12.3,12.5,2.81
2022-06-14,15.6,2.0,3.16,12.4,14.1,2.89,11.6,13.1,3.14
2022-06-15,16.4,1.3,4.33,12.8,2.9,3.85,12.0,0.2,3.98
2022-06-16,16.3,0.8,3.83,12.7,0.3,3.77,12.1,0.0,4.28
2022-06-17,16.3,0.7,3.32,13.3,0.5,3.48,13.1,0.4,4.29
2022-06-18,16.5,0.4,3.47,13.6,0.0,3.93,12.8,0.0,4.48
2022-06-19,16.6,0.0,4.09,12.8,0.0,3.82,12.4,0.0,4.06
2022-06-20,17.2,0.0,5.23,14.6,0.0,4.94,14.0,0.0,5.14
2022-06-21,17.3,2.5,4.47,15.0,5.9,4.13,14.7,1.9,4.64
2022-06-22,16.9,3.0,4.49,13.4,7.5,3.84,12.0,4.5,3.0
2022-06-23,15.9,0.0,3.77,12.3,0.0,3.73,10.9,0.0,4.11
2022-06-24,14.0,3.4,2.76,11.1,12.2,2.5,10.2,2.8,2.45
2022-06-25,15.3,1.2,4.22,12.1,5.0,3.64,11.7,0.9,3.7
2022-06-26,13.0,13.4,3.12,10.2,9.0,2.82,9.6,4.8,3.1
2022-06-27,13.9,4.6,2.69,10.9,5.8,2.5,10.0,2.5,2.69
2022-06-28,14.5,25.1,2.61,12.1,1.9,2.45,11.6,2.0,2.53
2022-06-29,16.0,2.1,3.34,13.1,5.4,3.2,13.3,11.4,3.5
2022-06-30,17.6,1.5,3.72,14.8,0.2,3.94,14.6,2.4,4.24
2022-07-01,16.5,3.4,3.06,13.6,2.5,2.79,13.2,0.6,3.23
2022-07-02,16.7,0.0,4.43,13.1,0.2,3.71,12.1,0.9,3.36
2022-07-03,15.2,0.4,4.84,10.9,0.0,4.19,10.0,0.0,4.01
2022-07-04,15.2,0.0,4.84,10.6,0.0,4.22,10.2,0.0,4.23
2022-07-05,15.9,0.0,4.72,11.5,0.0,4.27,11.8,0.0,4.5
2022-07-06,17.3,0.0,4.86,14.1,0.0,4.65,14.6,0.0,5.16
2022-07-07,18.8,0.0,5.27,16.1,0.0,4.99,17.3,0.0,5.41
2022-07-08,19.3,0.0,5.41,16.0,0.0,5.08,15.1,0.0,5.16
2022-07-09,20.4,0.0,5.57,17.8,0.0,5.34,16.9,0.0,5.6
2022-07-10,19.7,0.2,4.65,17.2,0.9,4.53,17.6,1.2,5.14
2022-07-11,17.7,2.7,3.37,13.8,11.7,2.55,13.6,0.8,2.96
2022-07-12,16.6,0.6,2.55,12.2,2.2,2.22,12.5,0.0,3.28
2022-07-13,16.1,0.6,2.85,12.3,1.7,2.23,12.3,0.8,3.29
2022-07-14,15.5,2.5,2.97,11.8,4.5,2.59,11.5,1.0,2.9
2022-07-15,16.3,0.4,3.19,12.7,0.5,3.31,12.7,0.0,4.4
2022-07-16,16.7,2.2,2.34,13.0,4.4,1.9,12.9,0.3,3.05
2022-07-17,17.6,6.4,3.08,14.6,13.0,2.89,14.8,3.6,3.45
2022-07-18,16.6,9.2,1.68,13.8,15.2,1.5,13.9,3.6,2.5
2022-07-19,16.0,3.7,2.56,12.1,3.3,2.04,11.8,0.5,2.8
2022-07-20,14.6,1.8,1.82,11.3,2.9,1.83,11.0,0.2,3.13
2022-07-21,15.2,2.4,1.94,11.5,5.3,1.6,11.0,0.7,2.23
2022-07-22,16.6,0.0,3.77,12.3,0.8,3.27,11.8,0.0,4.06
2022-07-23,16.4,0.0,4.07,12.7,0.0,3.82,11.6,0.0,4.39
2022-07-24,16.0,0.4,3.32,11.8,3.2,2.84,11.1,0.5,3.49
2022-07-25,16.6,0.0,4.49,12.5,0.0,4.13,12.0,0.0,4.5
2022-07-26,16.9,0.0,4.8,13.1,0.0,4.41,12.4,0.0,4.62
2022-07-27,18.1,0.0,5.23,15.1,0.0,4.84,13.9,0.0,5.21
2022-07-28,18.4,0.0,5.23,15.8,0.0,4.97,15.1,0.0,5.51
2022-07-29,18.8,0.0,5.15,16.5,0.0,5.0,16.6,0.0,5.67
2022-07-30,18.7,0.0,5.12,16.6,0.0,4.91,16.8,0.0,5.52
2022-07-31,19.4,0.0,5.11,16.7,0.0,4.91,17.1,0.0,5.47
2022-08-01,20.6,0.0,5.21,18.1,0.0,5.02,17.7,0.0,5.57
2022-08-02,20.7,0.0,4.93,18.1,0.0,4.63,18.2,0.0,5.41
2022-08-03,20.3,0.3,3.04,17.7,0.5,3.87,17.3,0.0,4.66
2022-08-04,21.7,0.1,5.0,18.0,0.0,4.79,18.3,0.3,5.39
2022-08-05,21.0,0.0,4.6,17.9,0.0,4.5,18.3,0.0,5.19
2022-08-06,20.6,0.0,5.03,17.5,0.0,4.87,17.5,0.0,5.51
2022-08-07,20.0,0.5,4.35,16.4,0.0,4.32,16.1,0.0,4.8
2022-08-08,19.8,0.1,4.94,16.1,0.0,4.55,16.1,0.0,4.72
2022-08-09,20.2,0.2,3.93,16.7,0.0,3.92,17.5,0.0,4.85
2022-08-10,20.8,0.0,4.69,17.6,0.0,4.54,17.4,0.0,4.68
2022-08-11,20.9,0.0,5.01,17.5,0.0,4.73,16.5,0.0,5.08
2022-08-12,20.0,1.3,2.85,16.1,1.5,3.09,15.9,0.0,4.34
2022-08-13,20.5,1.8,3.37,17.6,1.3,3.75,17.9,0.0,4.67
2022-08-14,22.1,0.0,4.94,18.3,0.0,4.73,18.3,0.0,5.05
2022-08-15,22.3,0.0,4.73,20.3,0.1,4.57,21.0,0.0,5.42
2022-08-16,22.2,0.2,4.38,19.0,0.5,4.36,19.3,0.1,4.81
2022-08-17,22.6,0.3,4.69,19.0,0.0,4.61,18.8,0.0,4.84
2022-08-18,20.6,2.1,3.64,17.5,1.7,3.42,17.1,0.4,3.67
2022-08-19,19.7,0.3,3.55,16.3,0.5,3.55,16.1,0.4,4.06
2022-08-20,19.6,1.0,3.61,16.4,3.1,3.18,16.0,1.7,3.57
2022-08-21,21.4,0.0,4.54,18.3,0.2,4.22,18.9,0.1,4.58
2022-08-22,23.0,0.8,4.69,20.5,4.7,4.3,20.1,1.2,4.45
2022-08-23,23.5,0.2,4.83,20.6,0.3,4.46,20.5,0.1,4.63
2022-08-24,23.7,0.0,4.78,21.7,0.0,4.45,21.9,0.0,4.91
2022-08-25,23.0,0.4,4.74,21.6,0.0,5.24,22.4,0.0,6.22
2022-08-26,22.8,0.0,4.61,20.2,0.0,4.66,20.7,0.0,6.03
2022-08-27,22.1,0.0,4.51,19.9,0.0,4.75,20.4,0.0,5.82
2022-08-28,22.6,0.1,4.33,19.3,0.6,4.3,20.2,0.0,5.03
2022-08-29,22.2,0.6,3.92,18.9,0.1,4.05,18.3,0.1,4.5
2022-08-30,23.2,0.0,4.7,21.1,0.0,4.67,22.6,0.0,5.5
2022-08-31,24.5,0.0,4.7,22.9,0.0,5.18,22.7,0.0,6.06
2022-09-01,24.3,0.0,4.85,23.1,0.0,5.63,23.6,0.0,6.59
2022-09-02,23.0,0.0,4.25,22.7,0.0,4.77,23.9,0.0,6.85
2022-09-03,25.7,0.1,5.27,23.6,0.2,5.94,24.2,0.0,7.44
2022-09-04,19.8,4.7,2.6,16.6,10.3,2.31,16.9,0.3,3.58
2022-09-05,16.9,8.8,2.63,13.8,10.0,2.24,13.7,0.1,2.74
2022-09-06,13.9,7.1,2.15,10.4,7.5,1.73,10.1,0.0,2.1
2022-09-07,12.3,0.1,2.32,8.7,0.2,2.35,8.2,0.0,3.1
2022-09-08,13.4,0.1,3.26,9.8,0.0,3.19,9.5,0.0,3.59
2022-09-09,15.1,0.0,3.97,12.2,0.0,3.84,12.1,0.0,4.26
2022-09-10,17.4,0.0,4.2,15.9,0.0,4.11,15.6,0.0,4.69
2022-09-11,20.2,0.0,4.48,17.3,0.0,4.48,17.4,0.0,4.57
2022-09-12,20.0,0.1,4.09,18.1,0.7,4.48,18.9,0.0,5.34
2022-09-13,15.4,3.6,2.33,12.4,24.2,2.23,11.7,41.8,2.58
2022-09-14,14.4,1.1,2.74,11.0,1.1,2.39,10.3,0.1,2.7
2022-09-15,16.4,0.0,3.88,13.4,0.0,3.73,13.2,0.0,3.79
2022-09-16,20.3,0.0,4.09,17.4,0.0,4.15,16.7,0.0,4.36
2022-09-17,22.6,0.0,4.2,20.8,0.0,4.28,18.3,0.0,4.44
2022-09-18,23.1,0.0,4.6,20.9,0.0,5.04,19.8,0.0,5.61
2022-09-19,17.0,0.1,1.87,13.5,0.4,2.11,14.0,0.0,2.9
2022-09-20,17.0,0.1,3.12,14.4,2.6,2.97,14.3,9.2,3.14
2022-09-21,13.0,27.2,0.99,10.4,50.4,1.01,10.0,10.2,1.27
2022-09-22,13.5,28.0,2.13,10.9,14.6,2.27,10.8,19.7,2.44
2022-09-23,12.8,20.6,2.38,9.9,19.7,2.22,9.5,7.2,2.35
2022-09-24,10.4,7.3,0.88,7.3,6.4,0.73,6.3,9.8,0.64
2022-09-25,10.9,0.0,2.94,7.8,0.0,2.8,7.3,0.0,2.97
2022-09-26,14.0,0.0,3.34,11.4,0.0,3.27,11.2,0.0,3.51
2022-09-27,15.8,0.0,3.64,13.2,0.0,3.89,13.4,0.0,4.59
2022-09-28,18.5,0.0,3.69,15.5,0.0,3.91,15.1,0.0,4.38
2022-09-29,17.2,0.1,2.97,14.3,0.4,2.8,13.8,0.2,2.92
2022-09-30,18.2,0.0,3.34,15.0,0.0,3.16,13.5,0.0,3.25
2022-10-01,17.3,0.0,3.22,15.5,0.0,3.06,13.7,0.0,3.37
2022-10-02,17.7,3.5,3.16,15.0,5.7,3.14,13.6,1.3,3.42
2022-10-03,13.2,6.2,1.18,10.1,26.4,1.17,10.1,17.2,1.63
2022-10-04,13.4,0.9,2.1,10.9,28.5,1.87,11.4,7.7,2.03
2022-10-05,11.8,3.6,0.89,8.9,27.4,0.93,8.5,42.4,1.01
2022-10-06,11.1,2.2,0.91,7.7,14.7,0.84,7.5,1.1,1.44
2022-10-07,12.0,0.4,1.76,8.8,0.7,1.74,10.3,0.1,2.62
2022-10-08,12.2,20.0,1.36,10.9,12.6,1.78,12.8,3.7,2.52
2022-10-09,12.4,1.6,2.12,9.4,6.1,1.82,8.1,7.2,1.7
2022-10-10,12.3,0.0,1.64,8.8,1.2,1.4,7.0,0.6,1.22
2022-10-11,11.8,0.0,2.28,8.9,0.0,2.25,7.2,0.0,2.43
2022-10-12,10.9,0.0,2.06,9.1,0.0,2.15,9.6,0.0,2.45
2022-10-13,11.5,0.9,1.72,8.6,1.0,1.69,8.1,2.2,1.67
2022-10-14,10.3,0.3,1.35,8.1,0.6,1.56,8.4,0.0,2.09
2022-10-15,10.4,4.1,1.35,8.6,6.7,1.44,9.3,0.4,1.41
2022-10-16,12.5,1.1,2.02,10.6,1.4,2.13,10.2,0.5,2.19
2022-10-17,12.4,10.7,1.31,9.7,3.9,1.39,9.6,1.4,1.8
2022-10-18,12.8,1.8,1.23,9.8,0.9,1.29,9.4,0.0,1.83
2022-10-19,13.3,17.4,2.09,11.5,2.8,2.23,10.6,0.7,2.15
2022-10-20,10.5,5.5,0.98,8.2,20.8,1.0,7.7,5.5,1.03
2022-10-21,6.4,3.7,1.22,3.0,6.8,0.73,1.9,0.2,0.7
2022-10-22,6.3,0.6,1.3,2.9,0.1,1.36,2.4,0.0,1.43
2022-10-23,8.8,0.0,2.12,5.6,0.0,2.1,4.2,0.0,2.1
2022-10-24,9.7,0.0,1.9,6.7,0.0,1.95,5.4,0.0,1.95
2022-10-25,9.2,0.0,1.95,6.5,0.0,1.89,6.0,0.0,2.07
2022-10-26,11.4,0.0,2.21,8.5,0.0,2.18,7.0,0.0,2.4
2022-10-27,9.7,0.0,1.19,7.6,1.2,1.25,6.3,0.2,1.43
2022-10-28,7.8,0.5,1.05,4.6,1.5,0.97,3.2,0.0,1.31
2022-10-29,7.7,0.3,1.22,4.1,0.2,1.3,3.3,0.0,1.57
2022-10-30,8.3,0.0,1.76,6.4,0.0,1.86,5.1,0.0,2.22
2022-10-31,8.8,0.0,1.98,6.3,0.0,1.98,6.5,0.0,2.27
2022-11-01,8.0,0.5,0.87,4.9,0.8,0.93,3.2,1.8,0.66
2022-11-02,7.5,0.0,1.69,4.4,0.0,1.6,3.9,0.0,1.77
2022-11-03,8.9,0.0,1.9,6.2,0.3,1.81,5.3,0.0,1.84
2022-11-04,8.9,0.0,1.78,6.0,0.0,1.57,4.7,0.6,1.43
2022-11-05,9.0,0.0,1.87,6.5,0.0,1.83,6.0,0.0,1.8
2022-11-06,9.7,0.0,1.86,7.8,0.0,1.95,6.6,0.0,1.85
2022-11-07,8.7,7.5,0.97,5.6,10.0,0.96,5.0,8.4,1.1
2022-11-08,7.7,10.1,0.53,4.8,7.4,0.53,3.9,8.6,0.47
2022-11-09,5.9,3.9,0.71,3.6,2.0,0.68,3.2,2.3,0.61
2022-11-10,5.4,0.0,1.14,3.0,0.0,1.03,2.4,0.0,1.08
2022-11-11,5.7,0.0,1.38,3.6,0.0,1.33,3.7,0.0,1.3
2022-11-12,6.0,0.0,1.35,3.8,0.0,1.34,4.8,0.0,1.46
2022-11-13,6.1,0.0,1.38,3.6,0.0,1.35,2.7,0.0,1.43
2022-11-14,4.7,0.0,1.27,3.4,0.0,1.25,2.0,0.0,1.22
2022-11-15,5.5,0.0,1.34,4.2,0.0,1.48,3.8,0.0,1.67
2022-11-16,6.4,0.1,1.21,4.0,0.0,0.94,2.7,3.4,0.56
2022-11-17,7.3,0.0,1.72,4.7,0.0,1.5,3.2,0.0,1.37
2022-11-18,9.4,12.7,1.09,6.0,3.7,1.1,4.2,1.2,0.96
2022-11-19,11.0,0.6,1.61,7.5,0.5,1.37,5.8,0.0,1.07
2022-11-20,10.0,0.0,1.7,7.0,0.0,1.62,6.1,0.0,1.58
2022-11-21,10.4,0.0,1.32,7.2,0.0,1.48,6.7,0.0,1.65
2022-11-22,9.8,0.3,1.31,6.8,1.0,1.32,6.1,0.3,1.62
2022-11-23,8.9,0.0,1.6,6.2,0.0,1.58,5.1,0.0,1.54
2022-11-24,9.6,0.0,1.6,6.5,0.0,1.51,5.4,0.1,1.46
2022-11-25,8.8,21.1,0.74,5.2,19.1,0.66,4.4,6.3,0.64
2022-11-26,4.2,18.8,0.31,0.4,23.6,0.33,-0.1,18.2,0.27
2022-11-27,4.4,0.0,1.11,-1.0,0.0,0.95,-2.8,0.0,0.98
2022-11-28,4.1,0.0,1.18,-0.6,0.0,1.0,-0.4,0.0,1.1
2022-11-29,6.8,0.0,1.25,3.5,0.0,0.99,2.6,0.0,0.86
2022-11-30,7.8,0.0,1.28,4.9,0.0,1.15,3.4,0.0,0.89
2022-12-01,7.7,0.0,1.28,4.7,0.0,1.07,3.9,0.0,1.09
2022-12-02,7.6,0.5,1.15,4.4,0.6,0.99,3.1,0.2,0.79
2022-12-03,5.6,0.0,0.86,2.6,1.0,0.83,1.3,0.3,0.9
2022-12-04,4.9,0.0,0.78,1.1,0.0,0.79,0.3,0.0,0.92
2022-12-05,3.7,0.0,0.95,-0.1,0.0,0.87,0.4,0.0,0.93
2022-12-06,3.1,0.0,0.95,0.2,0.0,0.93,0.1,0.0,0.94
2022-12-07,3.2,0.0,1.1,0.7,0.0,0.99,0.3,0.0,0.8
2022-12-08,4.8,0.0,1.07,2.3,0.0,0.97,1.3,0.0,0.83
2022-12-09,4.4,0.0,1.06,1.6,0.0,0.92,0.6,0.0,0.84
2022-12-10,5.4,0.0,1.15,2.2,0.0,1.11,1.6,0.0,1.07
2022-12-11,6.2,2.0,0.68,2.8,2.0,0.77,1.9,1.9,0.78
2022-12-12,7.1,0.7,0.94,2.8,0.9,0.79,2.1,0.3,0.96
2022-12-13,8.0,0.1,1.27,3.8,0.6,0.98,1.8,1.0,0.55
2022-12-14,6.4,4.1,0.39,3.0,5.0,0.42,2.0,3.8,0.42
2022-12-15,7.8,1.6,1.22,4.3,0.9,0.88,2.9,4.3,0.58
2022-12-16,7.7,5.1,1.12,5.3,4.4,1.02,3.3,1.0,0.82
2022-12-17,6.8,0.0,1.17,3.7,0.0,1.08,2.7,0.0,1.15
2022-12-18,6.0,0.0,1.16,4.3,0.0,1.14,3.7,0.0,1.37
2022-12-19,4.6,2.5,0.5,2.6,1.8,0.63,1.7,0.3,0.84
2022-12-20,-1.6,3.1,0.33,-4.5,3.1,0.3,-4.8,1.9,0.4
2022-12-21,-0.7,0.2,0.84,-3.0,0.5,0.87,-1.2,0.1,1.01
2022-12-22,1.5,0.0,0.99,-3.1,0.0,0.9,-1.0,0.0,1.1
2022-12-23,1.5,0.0,1.04,-1.9,0.0,0.91,-1.3,0.0,1.0
2022-12-24,-0.3,0.0,0.93,-3.7,0.0,0.88,-3.7,0.0,0.86
2022-12-25,-0.4,0.0,0.94,-4.4,0.0,0.86,-4.7,0.0,0.88
2022-12-26,1.2,1.2,0.53,-2.9,2.9,0.41,-3.5,1.9,0.34
2022-12-27,2.1,0.0,0.98,-2.9,0.2,0.8,-2.8,0.0,0.86
2022-12-28,2.6,0.4,0.87,-2.5,0.9,0.76,-2.6,0.3,0.72
2022-12-29,2.2,0.5,0.9,-3.3,0.0,0.76,-4.9,0.0,0.86
2022-12-30,0.8,0.0,1.04,-4.5,0.0,0.92,-5.6,0.0,1.1
2022-12-31,1.0,0.0,1.07,-2.4,0.0,0.99,-1.4,0.0,1.36
2023-01-01,1.7,0.0,1.24,-1.6,0.0,1.06,-1.2,0.0,1.23
2023-01-02,1.3,0.0,1.23,-0.7,0.0,1.21,1.1,0.0,1.34
2023-01-03,2.0,0.0,1.3,1.0,0.0,1.9,1.5,0.0,2.03
2023-01-04,2.4,0.0,1.33,-0.2,0.0,1.61,0.2,0.0,1.73
2023-01-05,1.9,0.1,0.87,-0.8,1.0,0.72,-1.5,0.5,0.74
2023-01-06,0.9,2.8,0.67,-0.6,3.4,0.8,-1.1,3.8,0.98
2023-01-07,0.7,1.0,0.62,-3.0,1.4,0.51,-3.2,0.7,0.49
2023-01-08,-0.3,0.9,0.67,-4.5,1.4,0.62,-5.9,0.6,0.56
2023-01-09,-0.8,0.1,0.92,-6.3,0.4,0.82,-7.3,0.2,0.84
2023-01-10,-0.6,0.0,1.23,-5.1,0.0,1.08,-6.8,0.0,1.09
2023-01-11,1.4,0.0,1.5,-2.8,0.0,1.33,-4.0,0.0,1.32
2023-01-12,2.5,0.0,1.37,-1.6,0.0,1.38,-2.2,0.0,1.4
2023-01-13,2.5,0.0,1.48,-2.0,0.0,1.38,-2.6,0.0,1.39
2023-01-14,1.7,0.0,1.15,-1.8,0.0,0.85,-2.6,0.1,0.67
2023-01-15,2.8,0.3,1.07,-0.5,0.0,0.85,-2.2,0.0,0.69
2023-01-16,1.9,0.0,1.13,-0.8,0.0,0.88,-2.3,0.0,0.63
2023-01-17,3.5,0.0,1.32,0.8,0.0,1.04,-0.6,0.0,0.68
2023-01-18,4.2,0.0,1.36,1.3,0.0,1.12,-0.6,0.0,0.97
2023-01-19,4.8,0.0,1.38,1.5,0.0,1.31,1.0,0.0,1.38
2023-01-20,5.1,0.0,1.7,3.0,0.0,1.97,2.9,0.0,2.12
2023-01-21,4.9,0.0,1.57,2.2,0.0,1.61,1.2,0.0,1.7
2023-01-22,2.4,0.0,1.33,0.3,0.0,1.4,-0.6,0.0,1.56
2023-01-23,2.5,0.0,1.29,0.8,0.0,1.3,0.4,0.0,1.51
2023-01-24,1.4,0.0,1.23,-0.8,0.0,1.24,-0.6,0.0,1.45
2023-01-25,0.5,0.0,0.92,-2.7,0.0,0.94,-3.4,0.0,1.13
2023-01-26,1.0,0.0,1.16,-2.1,0.0,1.28,-3.0,0.0,1.35
2023-01-27,3.1,0.3,1.71,0.1,0.4,1.89,-1.1,0.4,1.82
2023-01-28,4.3,2.0,1.44,0.1,3.6,1.09,-1.4,5.1,0.95
2023-01-29,2.1,7.2,0.74,-0.8,0.9,0.8,-2.2,1.3,0.82
2023-01-30,-0.3,2.5,0.84,-4.1,2.2,0.87,-4.6,0.6,0.82
2023-01-31,-0.4,3.6,0.88,-4.0,2.9,0.67,-3.6,1.8,0.75
2023-02-01,-1.5,16.1,0.29,-4.0,14.9,0.32,-4.3,8.0,0.42
2023-02-02,-3.0,2.1,0.97,-6.6,5.1,0.7,-8.3,4.4,0.59
2023-02-03,-2.1,0.0,1.21,-7.1,0.0,0.8,-8.5,0.1,0.65
2023-02-04,-0.7,0.5,0.9,-5.9,0.7,0.76,-6.9,0.4,0.78
2023-02-05,-1.2,0.0,1.13,-6.2,0.0,0.77,-6.9,0.6,0.73
2023-02-06,-1.7,32.9,0.28,-5.5,41.2,0.26,-5.4,24.6,0.29
2023-02-07,-4.9,6.6,0.4,-8.0,9.0,0.35,-8.8,6.7,0.33
2023-02-08,-5.8,2.0,0.5,-9.0,2.5,0.43,-10.4,2.6,0.45
2023-02-09,-5.2,0.3,0.93,-8.1,0.7,0.78,-10.5,0.0,0.82
2023-02-10,-7.5,0.0,0.87,-9.8,0.0,0.9,-9.6,0.0,0.99
2023-02-11,-5.3,0.0,0.91,-8.3,0.0,0.9,-10.3,0.0,0.91
2023-02-12,-8.3,0.0,1.15,-11.6,0.0,0.98,-13.0,0.0,1.04
2023-02-13,-7.1,2.0,0.61,-10.3,1.8,0.46,-13.2,2.3,0.48
2023-02-14,-6.6,0.0,1.18,-10.5,0.0,0.95,-12.2,0.0,0.98
2023-02-15,-4.6,8.7,0.63,-8.6,8.8,0.5,-11.2,2.5,0.59
2023-02-16,-5.4,9.7,0.74,-7.7,3.6,0.53,-9.7,1.1,0.59
2023-02-17,-5.6,0.0,1.26,-7.3,0.0,0.96,-9.6,0.0,0.84
2023-02-18,-3.3,1.1,1.44,-5.1,1.3,1.27,-6.7,0.8,1.23
2023-02-19,1.3,3.7,0.92,-0.5,4.4,0.98,-2.8,8.1,0.75
2023-02-20,1.5,9.2,1.08,-0.3,7.8,1.0,-1.4,5.4,0.96
2023-02-21,-0.2,0.8,1.5,-2.1,1.2,1.15,-4.1,2.8,0.86
2023-02-22,1.5,0.0,1.68,-0.6,0.0,1.47,-2.4,0.0,1.39
2023-02-23,1.3,0.7,0.67,-1.0,0.9,0.88,-2.0,0.6,1.23
2023-02-24,0.8,0.0,1.77,-3.2,0.0,1.5,-4.7,0.0,1.69
2023-02-25,2.9,0.0,2.08,-1.3,0.0,1.68,-2.8,0.0,1.72
2023-02-26,4.9,0.0,2.27,0.9,0.0,1.8,-0.0,0.0,1.82
2023-02-27,5.9,0.0,2.38,2.1,0.0,1.88,1.5,0.0,2.03
2023-02-28,7.1,0.0,2.35,2.8,0.0,1.97,2.5,0.0,2.21
2023-03-01,7.3,0.1,1.98,3.2,0.1,1.72,3.6,0.4,1.81
2023-03-02,6.3,0.0,1.79,3.5,0.4,1.59,3.0,0.7,1.5
2023-03-03,6.7,16.5,1.38,3.4,8.7,1.3,3.0,6.8,1.34
2023-03-04,8.0,0.6,2.22,4.0,0.0,1.94,3.0,0.4,1.76
2023-03-05,8.6,6.2,1.82,4.5,8.1,1.63,3.0,2.0,1.33
2023-03-06,6.4,7.3,1.73,2.1,4.9,1.48,0.3,9.2,1.36
2023-03-07,4.9,0.0,2.09,0.3,0.0,1.59,-1.1,0.0,1.44
2023-03-08,6.6,0.3,2.38,1.3,0.0,1.92,0.6,0.0,1.79
2023-03-09,6.4,0.0,2.48,1.3,0.0,2.16,0.2,0.0,2.18
2023-03-10,7.8,1.8,1.74,2.6,5.1,1.29,1.6,7.2,1.1
2023-03-11,11.1,0.2,3.01,6.0,0.0,2.06,4.0,0.2,1.57
2023-03-12,11.3,6.9,2.66,6.9,2.8,2.3,5.2,0.8,2.35
2023-03-13,0.7,28.9,0.47,-0.6,35.8,0.44,1.9,26.0,0.48
2023-03-14,0.9,2.4,1.34,2.1,3.2,1.54,3.8,5.4,1.18
2023-03-15,7.2,11.4,1.39,3.9,11.6,1.34,5.4,5.8,1.26
2023-03-16,9.4,2.3,2.17,5.6,0.2,1.66,4.9,1.6,1.25
2023-03-17,8.4,1.1,2.47,4.5,1.4,1.91,3.6,1.7,1.78
2023-03-18,7.6,3.3,2.08,4.6,2.3,1.75,3.6,3.6,1.5
2023-03-19,3.6,10.8,0.74,1.5,13.9,0.8,2.0,16.8,1.01
2023-03-20,1.2,11.3,0.49,-1.8,11.7,0.6,-2.3,8.9,0.46
2023-03-21,3.3,2.2,1.02,-0.5,1.8,1.13,-2.1,0.5,1.33
2023-03-22,6.6,0.0,2.77,1.6,0.0,2.41,0.4,0.0,2.44
2023-03-23,7.0,4.7,1.72,3.0,7.6,1.62,2.7,4.4,1.66
2023-03-24,5.3,2.2,1.44,2.2,3.5,1.43,1.2,4.9,1.35
2023-03-25,7.3,6.3,2.17,3.0,0.9,1.81,0.1,0.2,1.69
2023-03-26,8.5,0.0,3.08,4.6,0.0,2.46,3.5,0.1,2.36
2023-03-27,8.0,0.0,2.55,5.0,0.1,2.39,4.6,0.2,2.6
2023-03-28,9.4,7.3,2.91,5.9,12.4,2.53,5.2,15.2,2.44
2023-03-29,0.8,30.2,0.46,-1.7,28.3,0.46,-1.9,27.9,0.64
2023-03-30,-3.8,3.0,1.6,-7.0,4.0,1.41,-8.1,4.2,1.4
2023-03-31,-3.4,0.1,1.52,-7.3,0.0,1.26,-8.3,0.1,1.15
2023-04-01,2.1,0.0,2.34,-3.2,0.0,1.99,-6.5,0.0,1.8
2023-04-02,8.9,0.5,2.54,3.3,1.9,2.14,2.0,1.0,2.19
2023-04-03,10.5,0.2,2.7,6.4,0.2,2.23,3.6,0.6,2.09
2023-04-04,13.0,0.0,3.78,9.1,0.2,3.19,6.3,0.0,2.73
2023-04-05,11.0,5.9,3.5,7.2,9.1,3.08,5.5,8.5,2.7
2023-04-06,5.5,9.7,1.34,3.0,7.8,1.31,1.6,6.6,1.24
2023-04-07,5.7,10.5,1.68,2.4,10.8,1.23,1.0,22.5,0.86
2023-04-08,6.2,4.5,2.12,1.9,2.8,1.92,0.1,2.0,2.04
2023-04-09,8.9,0.1,2.91,4.5,1.1,2.54,1.6,0.6,2.55
2023-04-10,10.1,4.9,1.67,7.6,9.4,1.72,5.6,4.6,1.59
2023-04-11,8.8,20.2,0.91,7.0,20.1,0.97,6.3,11.7,1.14
2023-04-12,7.7,2.4,2.39,5.3,6.0,2.53,4.9,3.4,2.48
2023-04-13,6.4,10.9,2.24,3.4,6.2,1.95,2.6,4.1,1.75
2023-04-14,8.3,0.3,2.98,5.3,0.1,2.53,3.7,0.3,2.29
2023-04-15,12.6,0.0,3.61,9.5,0.1,3.62,7.6,0.0,3.33
2023-04-16,12.4,2.7,3.32,10.3,2.7,3.41,9.3,0.7,3.51
2023-04-17,13.6,0.9,3.78,10.9,2.2,3.68,9.6,1.6,3.62
2023-04-18,13.7,3.0,3.79,11.1,4.3,3.63,10.2,4.7,3.45
2023-04-19,14.3,2.6,3.69,11.0,2.9,3.31,10.1,1.1,3.34
2023-04-20,9.5,21.0,1.24,7.1,15.5,1.27,5.4,33.1,0.93
2023-04-21,8.2,2.2,2.69,5.3,3.2,2.46,4.0,6.2,2.32
2023-04-22,8.8,0.0,3.4,5.9,5.9,3.04,4.7,0.9,2.85
2023-04-23,8.8,18.7,2.43,6.5,9.1,2.32,4.7,9.7,1.58
2023-04-24,6.2,10.0,0.85,4.4,12.3,0.99,3.3,5.7,1.56
2023-04-25,9.7,0.0,3.68,6.4,0.1,3.36,5.3,0.1,3.38
2023-04-26,11.6,2.2,3.68,8.5,2.0,3.43,7.8,0.3,3.53
2023-04-27,11.7,11.4,3.02,8.4,8.9,2.73,7.6,8.1,2.66
2023-04-28,8.3,24.0,1.67,5.3,14.6,1.41,4.8,32.1,1.86
2023-04-29,4.9,7.4,1.03,1.6,2.3,1.15,0.6,2.6,1.21
2023-04-30,6.5,0.8,2.59,2.9,5.2,2.21,1.2,2.6,2.22
2023-05-01,6.4,1.0,2.59,2.8,0.2,2.42,1.3,0.7,2.67
2023-05-02,5.7,1.3,2.47,2.3,1.6,2.43,1.6,2.0,2.59
2023-05-03,7.5,0.0,3.58,4.9,0.0,3.32,3.3,0.0,3.29
2023-05-04,11.1,0.0,4.48,9.2,0.0,4.38,8.3,0.0,4.59
2023-05-05,14.2,0.0,4.59,12.4,0.0,4.58,11.3,0.8,4.8
2023-05-06,14.0,4.2,3.14,11.2,4.6,3.16,10.4,4.6,3.46
2023-05-07,10.1,8.3,2.15,7.8,13.9,2.03,6.9,19.8,2.33
2023-05-08,9.3,1.9,1.67,6.8,6.6,1.83,6.1,4.4,1.95
2023-05-09,10.4,0.0,3.96,7.5,0.8,3.35,6.9,0.3,3.45
2023-05-10,9.4,0.6,2.33,7.7,10.5,2.73,8.7,4.4,3.21
2023-05-11,8.8,0.6,1.72,7.4,10.5,1.99,9.3,20.3,2.73
2023-05-12,8.7,8.3,1.8,9.8,9.8,2.35,10.9,5.7,2.52
2023-05-13,7.0,15.6,0.91,6.2,5.3,0.93,6.1,1.4,1.12
2023-05-14,9.0,0.0,3.1,6.1,0.1,2.91,5.1,0.4,2.84
2023-05-15,10.0,0.0,4.27,7.7,0.0,3.92,5.4,0.0,3.75
2023-05-16,12.0,0.0,4.71,11.6,0.0,4.48,9.9,0.0,4.67
2023-05-17,14.6,0.0,4.66,13.2,2.4,4.56,12.8,0.0,4.92
2023-05-18,15.8,8.1,4.37,14.1,0.3,4.41,13.6,0.2,4.71
2023-05-19,13.5,8.9,3.11,11.2,21.5,3.25,11.0,0.8,4.01
2023-05-20,12.4,1.7,2.68,10.3,2.2,2.96,9.5,1.5,3.05
2023-05-21,12.9,9.9,3.18,10.1,12.8,3.21,9.5,6.2,2.99
2023-05-22,14.0,17.6,3.58,11.5,2.4,3.13,10.5,4.5,3.12
2023-05-23,14.5,10.3,3.51,11.9,9.9,3.09,11.1,17.7,2.94
2023-05-24,13.9,6.1,3.86,11.1,7.7,3.59,10.8,5.9,3.59
2023-05-25,13.4,1.2,3.84,11.4,3.0,3.62,10.9,5.5,3.64
2023-05-26,13.5,8.1,3.1,11.0,22.8,3.02,10.9,4.9,3.52
2023-05-27,14.8,2.4,4.11,12.6,4.3,4.05,11.5,9.0,4.03
2023-05-28,15.6,3.3,3.06,12.9,6.2,2.49,11.8,5.8,2.31
2023-05-29,15.9,1.9,4.25,12.6,1.5,3.56,11.7,7.7,3.37
2023-05-30,16.4,0.6,4.24,13.0,3.5,3.64,11.6,1.3,3.5
2023-05-31,13.6,15.4,2.7,11.1,15.7,2.56,10.5,7.9,2.95
2023-06-01,14.3,5.3,3.33,11.4,12.4,3.05,10.6,12.6,2.95
2023-06-02,15.5,4.9,3.72,13.0,12.3,3.89,12.1,4.8,3.9
2023-06-03,18.6,1.1,4.8,16.2,0.0,4.73,14.9,0.8,4.79
2023-06-04,15.8,8.7,3.43,13.2,7.8,3.56,12.8,1.5,3.96
2023-06-05,14.2,10.8,2.85,11.6,11.9,2.58,10.9,6.7,2.79
2023-06-06,14.0,11.9,2.34,11.6,6.0,2.23,11.0,1.1,2.63
2023-06-07,15.1,0.0,4.49,12.2,0.0,4.48,11.7,0.0,4.7
2023-06-08,16.4,0.0,5.1,15.1,0.0,5.02,15.7,0.0,5.47
2023-06-09,17.4,12.5,3.67,15.2,10.3,3.64,14.3,5.3,3.48
2023-06-10,15.9,8.2,2.73,13.4,13.4,2.83,13.0,10.5,3.02
2023-06-11,16.7,1.7,4.22,13.8,3.6,4.13,13.4,1.7,4.07
2023-06-12,15.8,5.3,2.77,13.1,19.4,2.41,13.5,3.9,3.48
2023-06-13,15.5,11.9,2.71,12.7,14.9,2.72,12.5,1.6,3.75
2023-06-14,14.6,11.2,2.28,12.3,5.6,2.02,11.7,12.4,2.37
2023-06-15,15.2,3.6,2.82,12.5,7.8,2.47,11.8,4.9,2.85
2023-06-16,16.6,0.2,4.51,14.0,1.0,4.24,13.1,0.1,4.15
2023-06-17,18.5,2.9,4.34,16.3,5.9,4.45,15.7,2.0,4.99
2023-06-18,16.7,13.7,3.45,14.0,10.2,3.34,13.5,8.8,3.9
2023-06-19,15.5,7.9,3.26,13.0,8.6,3.25,12.9,2.4,3.46
2023-06-20,15.4,7.8,2.93,12.7,19.2,2.84,12.2,4.2,3.02
2023-06-21,14.5,11.6,2.49,11.9,20.9,2.29,11.4,2.0,2.87
2023-06-22,14.5,13.9,3.29,11.4,3.4,2.7,10.3,2.4,2.65
2023-06-23,15.3,1.1,4.18,12.1,1.5,3.3,10.7,4.6,2.74
2023-06-24,16.7,0.0,5.09,13.7,0.0,4.68,12.4,0.0,4.67
2023-06-25,18.4,0.0,5.41,17.2,0.0,5.35,16.1,0.0,5.63
2023-06-26,18.6,0.0,5.37,16.7,0.0,5.12,17.4,0.1,5.37
2023-06-27,17.5,0.7,4.59,14.8,1.3,4.49,13.5,0.0,4.57
2023-06-28,18.3,0.5,4.47,15.7,0.0,4.32,14.8,0.1,4.56
2023-06-29,19.0,2.2,4.7,16.9,15.9,4.37,16.5,1.4,4.58
2023-06-30,15.6,3.2,2.8,12.9,8.3,2.73,12.5,6.6,3.26
2023-07-01,16.1,0.0,4.81,12.5,0.0,4.48,11.2,0.0,4.66
2023-07-02,18.0,0.0,5.56,16.6,0.0,5.39,15.0,0.0,5.59
2023-07-03,21.7,0.0,5.57,19.6,0.0,5.71,18.2,0.0,5.88
2023-07-04,21.3,0.0,5.71,19.3,0.0,5.43,18.0,0.0,5.53
2023-07-05,19.9,0.0,5.72,17.7,0.0,5.35,16.4,0.0,5.58
2023-07-06,20.0,0.0,5.43,18.3,0.0,5.03,18.7,0.2,5.34
2023-07-07,20.0,1.2,3.84,17.8,0.6,4.28,17.8,0.4,4.28
2023-07-08,19.2,5.6,4.36,16.4,2.4,3.76,15.7,2.1,3.46
2023-07-09,17.0,7.8,2.85,14.6,8.5,2.8,13.6,13.0,2.92
2023-07-10,14.7,7.1,1.43,11.8,11.0,1.24,10.7,10.5,1.08
2023-07-11,15.7,0.1,4.29,12.2,0.5,3.94,10.7,0.8,3.69
2023-07-12,17.6,0.0,4.97,14.7,0.0,4.88,13.4,0.0,4.96
2023-07-13,19.4,0.0,5.36,16.8,0.0,5.0,15.1,0.0,5.11
2023-07-14,20.0,0.0,5.53,17.6,0.0,5.37,15.8,0.0,5.67
2023-07-15,19.4,0.4,4.7,16.8,2.0,4.27,15.4,0.0,5.07
2023-07-16,17.8,6.8,4.02,14.4,2.4,3.38,13.4,0.4,3.4
2023-07-17,16.3,0.0,4.42,12.4,0.0,4.06,11.8,0.0,4.4
2023-07-18,16.1,0.0,5.15,12.5,0.0,4.6,11.5,0.0,4.57
2023-07-19,17.1,0.0,5.04,13.3,0.0,4.55,12.7,0.0,4.6
2023-07-20,17.6,0.0,5.22,15.5,0.0,5.0,14.9,0.0,5.24
2023-07-21,20.7,0.0,5.57,18.3,0.0,5.29,17.6,0.0,5.65
2023-07-22,20.7,0.0,5.44,17.5,0.0,5.16,16.2,0.0,5.38
2023-07-23,21.3,0.0,5.62,17.9,0.0,5.26,15.9,0.0,5.45
2023-07-24,19.2,6.3,4.19,16.2,4.0,3.74,14.7,0.6,4.41
2023-07-25,18.0,2.6,4.21,14.5,0.9,3.85,14.0,0.3,4.21
2023-07-26,19.4,0.0,5.18,16.5,0.0,4.96,17.1,0.0,5.45
2023-07-27,23.9,0.0,5.88,21.4,0.0,5.9,21.2,0.3,6.52
2023-07-28,17.8,1.7,2.23,15.4,3.2,2.62,16.0,0.0,4.24
2023-07-29,17.3,0.1,4.77,13.8,0.0,4.51,13.5,0.0,4.82
2023-07-30,17.4,0.6,3.96,13.8,0.0,3.92,13.1,0.0,4.32
2023-07-31,18.1,0.0,4.54,15.3,0.0,4.42,16.0,0.0,5.23
2023-08-01,21.3,0.0,5.47,18.8,0.0,5.24,19.5,0.0,5.63
2023-08-02,22.5,0.0,5.31,20.4,0.0,5.11,19.7,0.4,5.27
2023-08-03,22.1,0.0,5.06,20.1,0.1,4.95,20.4,0.0,5.53
2023-08-04,20.7,0.0,5.28,16.9,0.0,5.0,15.9,0.0,5.1
2023-08-05,20.5,0.0,5.29,18.0,0.0,5.12,18.0,0.0,5.57
2023-08-06,24.5,0.0,5.9,21.8,0.0,5.79,22.6,0.0,6.29
2023-08-07,23.9,0.0,5.61,22.1,0.0,5.44,22.7,0.0,6.2
2023-08-08,22.3,0.2,5.13,20.5,0.0,5.06,22.1,0.0,5.96
2023-08-09,21.3,1.3,3.73,18.1,0.1,3.9,18.4,0.4,4.67
2023-08-10,22.0,0.0,4.86,20.4,0.0,5.04,22.9,0.0,6.41
2023-08-11,21.5,0.1,4.74,20.4,0.0,4.92,22.3,0.0,6.1
2023-08-12,21.4,0.2,3.53,18.3,1.3,3.71,18.2,1.0,4.41
2023-08-13,22.4,0.0,5.1,20.3,0.0,5.05,21.4,0.0,5.75
2023-08-14,25.3,0.0,5.51,24.0,0.0,5.96,24.3,0.0,6.66
2023-08-15,25.3,0.0,5.73,24.2,0.0,6.15,23.1,0.0,6.99
2023-08-16,22.6,0.0,5.29,20.8,0.0,5.23,20.9,0.0,5.89
2023-08-17,23.0,0.0,5.22,20.7,0.0,5.09,21.4,0.0,5.49
2023-08-18,22.9,0.0,5.15,20.5,0.0,5.02,19.6,0.0,5.44
2023-08-19,22.5,0.0,4.93,18.7,0.0,4.76,18.0,0.0,5.08
2023-08-20,20.9,0.0,4.99,18.9,0.0,4.89,18.1,0.0,5.31
2023-08-21,21.5,0.0,4.5,17.7,0.0,4.5,17.0,0.0,4.78
2023-08-22,22.0,0.0,4.99,18.1,0.0,4.73,17.1,0.0,4.79
2023-08-23,21.5,0.0,5.11,17.6,0.0,4.8,17.1,0.0,5.01
2023-08-24,20.9,0.0,4.67,17.7,0.0,4.5,16.1,0.0,4.82
2023-08-25,19.0,0.3,3.67,15.7,0.2,3.81,14.2,0.0,4.33
2023-08-26,18.6,0.0,4.58,14.9,0.0,4.31,14.1,0.0,4.51
2023-08-27,18.8,0.0,4.61,16.2,0.0,4.48,16.6,0.0,4.94
2023-08-28,19.6,0.7,3.62,16.0,1.3,3.47,15.6,0.7,3.44
2023-08-29,18.7,5.7,3.47,15.6,5.1,3.06,15.0,1.2,3.45
2023-08-30,21.7,0.0,4.67,18.4,0.0,4.57,18.1,0.0,4.34
2023-08-31,24.2,0.0,5.19,21.9,0.0,4.8,20.9,0.0,4.33
2023-09-01,22.7,0.4,4.37,21.7,0.2,4.51,21.7,0.0,4.72
2023-09-02,21.3,3.1,2.86,18.3,5.6,2.96,17.8,0.9,3.59
2023-09-03,19.0,4.5,2.63,16.0,5.7,2.47,15.6,8.7,3.06
2023-09-04,18.5,3.2,2.93,15.5,3.9,2.93,15.2,1.3,3.1
2023-09-05,20.6,0.0,4.11,18.6,0.0,4.38,19.1,0.0,5.39
2023-09-06,20.6,0.2,3.92,17.5,0.0,3.97,17.4,0.0,4.18
2023-09-07,19.6,2.9,3.14,16.8,0.9,3.15,15.7,0.2,3.78
2023-09-08,17.7,3.1,2.9,14.6,1.3,2.87,13.4,0.1,3.16
2023-09-09,15.5,0.7,3.8,12.7,0.7,3.64,12.1,0.0,3.79
2023-09-10,14.3,0.1,2.99,10.5,0.0,3.01,9.3,0.0,3.09
2023-09-11,12.8,0.5,3.31,8.5,0.0,3.04,7.6,0.0,3.0
2023-09-12,12.4,0.2,2.25,8.9,1.2,2.09,8.1,0.0,3.14
2023-09-13,14.1,0.0,2.98,9.7,0.0,2.9,8.7,0.0,3.24
2023-09-14,13.3,0.0,3.55,9.6,0.0,3.28,8.7,0.0,3.43
2023-09-15,14.5,0.0,3.49,11.2,0.0,3.33,11.2,0.0,3.63
2023-09-16,15.0,0.2,3.16,11.3,0.0,3.2,11.1,0.0,3.41
2023-09-17,14.4,0.3,2.36,11.0,0.2,2.3,10.2,0.0,3.03
2023-09-18,13.4,0.8,3.09,9.6,0.0,3.09,9.5,0.0,3.29
2023-09-19,14.2,0.0,2.82,11.0,0.0,2.95,11.7,0.0,3.54
2023-09-20,16.2,0.0,3.47,14.7,0.8,3.23,16.4,0.5,3.46
2023-09-21,17.7,0.0,3.44,15.9,0.9,3.36,16.2,0.3,3.64
2023-09-22,20.0,0.0,3.78,17.3,0.1,3.76,17.8,0.0,4.1
2023-09-23,19.9,0.0,3.91,18.0,0.0,3.75,17.2,0.7,3.77
2023-09-24,19.0,0.0,3.92,17.5,0.0,3.87,16.9,0.0,4.1
2023-09-25,17.1,0.0,3.54,15.5,0.0,3.57,15.3,0.0,4.03
2023-09-26,16.5,0.0,3.3,13.3,0.0,3.33,12.9,0.0,3.63
2023-09-27,16.8,0.0,3.38,14.6,0.0,3.45,15.7,0.0,4.01
2023-09-28,19.3,0.2,3.62,16.5,0.9,3.6,16.5,0.0,3.96
2023-09-29,18.4,0.2,3.24,15.8,0.8,3.18,15.6,3.6,3.25
2023-09-30,16.7,1.3,2.81,13.5,0.8,2.6,13.3,4.9,2.45
2023-10-01,15.0,9.0,1.47,12.0,6.3,1.57,11.8,8.5,1.6
2023-10-02,13.1,13.5,0.92,10.5,13.3,0.9,9.5,16.1,0.81
2023-10-03,11.8,3.1,1.93,8.8,5.5,1.71,8.0,1.4,1.78
2023-10-04,11.2,0.6,2.28,8.0,0.6,2.15,7.1,0.0,2.2
2023-10-05,12.0,0.0,2.87,8.9,0.0,2.72,8.6,0.0,2.93
2023-10-06,12.8,0.0,2.76,10.0,0.0,2.68,9.3,0.0,3.08
2023-10-07,12.2,0.0,2.65,9.7,0.0,2.54,8.6,0.0,2.64
2023-10-08,14.4,0.0,3.0,11.2,0.0,3.1,10.3,0.0,3.27
2023-10-09,10.7,2.5,1.17,8.4,1.8,1.64,8.8,0.2,2.25
2023-10-10,10.9,0.0,2.06,8.1,0.6,1.82,7.3,0.0,1.71
2023-10-11,9.9,1.3,1.65,7.1,1.8,1.58,6.3,0.0,2.02
2023-10-12,9.2,0.0,2.02,6.4,0.0,2.07,6.8,0.0,2.44
2023-10-13,12.2,0.0,2.7,9.7,0.0,2.54,9.1,0.0,2.78
2023-10-14,12.7,0.0,2.68,11.4,0.0,2.72,10.8,0.0,3.13
2023-10-15,13.7,1.7,2.39,10.9,5.9,2.39,10.5,0.7,2.51
2023-10-16,13.3,1.5,2.1,9.9,1.7,1.8,9.1,4.7,1.72
2023-10-17,9.7,2.1,1.44,7.2,3.0,1.39,7.0,0.3,1.55
2023-10-18,9.0,11.3,1.05,8.6,6.4,1.34,8.4,6.8,1.73
2023-10-19,9.5,8.7,1.29,7.3,9.1,1.22,6.6,7.2,1.17
2023-10-20,11.4,0.0,2.49,8.4,0.0,2.36,8.3,0.0,2.09
2023-10-21,13.5,0.0,2.48,11.1,0.0,2.37,10.8,0.0,2.39
2023-10-22,15.0,0.0,2.28,14.7,0.0,2.21,13.5,0.0,2.02
2023-10-23,15.5,0.0,2.46,12.8,0.9,2.36,11.5,0.9,2.34
2023-10-24,14.3,2.4,2.2,11.5,4.9,2.07,10.3,2.1,2.08
2023-10-25,14.9,0.0,2.64,11.9,0.0,2.65,11.5,0.0,2.84
2023-10-26,16.4,0.0,2.42,13.4,0.0,2.61,13.1,0.0,3.05
2023-10-27,16.4,0.0,2.57,12.9,0.0,2.56,12.5,0.3,2.58
2023-10-28,16.7,0.0,2.78,13.3,0.0,2.79,13.2,0.0,3.1
2023-10-29,14.9,0.0,2.44,12.7,0.0,2.36,12.8,0.0,2.63
2023-10-30,14.2,0.0,1.95,13.8,0.0,2.12,12.5,0.0,2.17
2023-10-31,15.4,0.0,2.29,13.4,0.0,2.4,12.2,0.0,2.58
2023-11-01,15.2,0.7,1.92,11.8,5.2,1.87,12.5,0.0,2.59
2023-11-02,14.5,2.9,1.93,11.3,2.6,1.87,10.6,2.6,1.96
2023-11-03,13.8,2.6,1.95,10.4,2.5,1.65,8.9,4.3,1.29
2023-11-04,14.2,0.0,2.18,10.3,0.0,2.01,10.0,0.0,2.06
2023-11-05,14.5,0.0,2.31,10.5,0.0,2.2,11.1,0.0,2.32
2023-11-06,14.7,0.2,2.07,11.3,0.0,1.79,10.4,0.0,1.84
2023-11-07,13.3,0.0,1.79,10.2,0.1,1.65,8.9,0.0,1.82
2023-11-08,11.6,0.0,1.94,8.9,0.0,1.93,9.3,0.0,2.15
2023-11-09,11.8,1.3,1.66,8.2,1.7,1.64,7.9,0.0,1.76
2023-11-10,9.8,1.7,1.22,7.4,1.7,1.19,6.8,1.1,1.38
2023-11-11,13.0,0.0,2.25,9.8,0.0,2.16,9.8,0.0,2.53
2023-11-12,15.0,0.0,2.68,10.8,0.0,2.39,10.9,0.0,2.95
2023-11-13,14.4,0.0,2.37,10.6,0.0,2.33,10.1,0.0,2.77
2023-11-14,10.7,10.9,0.63,7.5,8.7,0.59,7.0,6.5,0.79
2023-11-15,9.6,0.0,1.57,6.6,0.0,1.4,6.1,0.0,1.31
2023-11-16,9.9,11.6,1.43,6.7,12.2,1.33,6.5,5.5,1.29
2023-11-17,7.7,1.9,1.31,4.2,1.7,1.25,3.1,0.6,1.37
2023-11-18,10.2,0.5,2.25,6.3,0.0,1.89,5.4,0.0,1.72
2023-11-19,7.7,15.3,1.45,4.0,14.3,1.02,1.7,24.2,0.39
2023-11-20,3.4,2.7,0.69,-0.1,2.4,0.55,-3.7,1.9,0.4
2023-11-21,4.2,1.6,1.05,0.2,1.8,0.83,-3.1,0.5,0.61
2023-11-22,5.0,0.0,1.25,1.1,0.0,1.24,-0.9,0.0,1.09
2023-11-23,5.9,3.9,0.57,3.5,0.4,0.65,1.1,0.4,0.63
2023-11-24,9.1,13.0,1.36,6.5,6.2,1.0,4.0,2.3,0.66
2023-11-25,10.1,3.3,1.53,6.0,5.4,1.03,4.4,1.1,0.87
2023-11-26,10.0,15.2,2.05,5.6,17.6,1.13,4.1,17.9,0.78
2023-11-27,2.2,1.9,1.03,-1.8,2.0,0.89,-4.7,9.0,0.73
2023-11-28,-0.8,0.0,1.06,-4.6,0.0,0.94,-6.9,0.0,0.8
2023-11-29,4.9,0.0,1.27,-0.3,0.0,0.98,-0.8,0.0,1.07
2023-11-30,6.5,2.3,0.68,2.1,2.5,0.56,1.3,1.5,0.58
2023-12-01,7.6,0.0,1.33,3.5,0.0,1.04,2.4,0.0,0.91
2023-12-02,7.6,0.0,1.34,3.2,0.0,1.16,2.9,0.0,1.11
2023-12-03,8.0,0.0,1.29,4.3,0.0,1.31,4.4,0.0,1.55
2023-12-04,8.2,0.0,1.34,4.6,0.0,1.32,5.2,0.0,1.66
2023-12-05,5.9,0.0,0.98,4.1,0.0,1.05,5.2,0.5,1.13
2023-12-06,6.6,0.1,1.05,3.6,0.0,0.79,3.7,0.3,0.54
2023-12-07,6.9,0.5,0.93,4.0,0.1,0.61,3.5,1.3,0.52
2023-12-08,8.2,2.3,0.76,5.2,2.9,0.56,4.5,3.6,0.54
2023-12-09,8.1,16.7,0.88,4.8,14.3,0.73,4.2,6.6,0.75
2023-12-10,5.6,0.0,0.75,2.3,0.2,0.68,1.2,2.2,0.55
2023-12-11,6.6,3.0,0.63,4.1,2.7,0.49,3.6,1.6,0.53
2023-12-12,7.0,5.0,0.68,3.9,4.4,0.58,2.5,12.0,0.36
2023-12-13,3.5,3.6,0.41,0.2,1.9,0.34,-1.0,5.3,0.38
2023-12-14,3.6,0.0,1.03,0.5,0.0,1.01,-1.8,0.0,0.8
2023-12-15,6.9,0.0,1.19,3.1,0.0,1.14,3.0,0.0,1.16
2023-12-16,6.6,0.0,1.09,4.0,0.0,1.11,4.4,0.0,1.32
2023-12-17,0.1,17.9,0.37,-2.4,14.3,0.31,-2.7,7.6,0.28
2023-12-18,-0.1,0.0,0.85,-4.7,0.0,0.79,-5.4,0.0,0.81
2023-12-19,1.0,0.0,0.52,-2.7,0.2,0.5,-3.0,0.3,0.63
2023-12-20,2.4,0.0,1.06,-2.4,0.0,0.9,-2.2,0.0,0.96
2023-12-21,3.0,0.6,0.53,-0.2,0.8,0.57,0.1,1.0,0.71
2023-12-22,5.3,2.3,0.93,1.2,3.4,0.53,0.3,4.3,0.53
2023-12-23,5.6,6.2,1.58,1.1,5.3,1.03,-0.6,9.1,0.9
2023-12-24,3.0,9.4,1.08,-0.8,8.2,0.71,-2.4,10.7,0.57
2023-12-25,4.6,0.1,0.79,1.5,0.0,0.74,-0.3,0.6,0.55
2023-12-26,5.8,0.0,1.19,0.6,0.0,0.92,0.5,0.0,0.95
2023-12-27,4.9,0.0,1.18,-0.4,0.0,0.92,-0.1,0.0,0.96
2023-12-28,4.1,0.0,0.73,0.4,0.0,0.66,-0.6,0.0,0.7
2023-12-29,2.2,0.0,1.13,-3.0,0.0,0.95,-3.4,0.0,1.09
2023-12-30,2.4,0.0,1.12,-2.5,0.0,0.96,-2.1,0.0,1.13
2023-12-31,2.7,0.0,0.87,-1.3,0.0,0.82,-1.2,0.0,0.99
2024-01-01,2.9,0.0,1.1,-0.8,0.0,1.01,-1.9,0.0,1.0
2024-01-02,5.1,0.2,0.81,1.2,2.5,0.78,0.6,1.7,0.83
2024-01-03,6.0,4.2,0.78,2.6,2.9,0.52,0.9,5.2,0.39
2024-01-04,5.9,2.1,0.47,2.8,2.3,0.4,1.2,6.3,0.29
2024-01-05,3.9,26.2,0.42,1.9,11.9,0.38,-0.1,14.5,0.35
2024-01-06,1.8,0.0,1.04,-1.9,0.0,0.91,-4.8,0.0,0.95
2024-01-07,4.6,0.0,1.4,0.8,0.0,1.52,0.6,0.0,1.54
2024-01-08,7.4,10.4,1.38,3.6,3.2,1.07,1.9,0.0,0.89
2024-01-09,5.7,7.2,0.73,3.1,7.0,0.54,1.7,5.4,0.45
2024-01-10,1.0,2.7,0.25,-1.0,1.3,0.27,-1.2,0.2,0.31
2024-01-11,-1.5,0.2,0.46,-3.3,0.0,0.49,-3.6,0.0,0.59
2024-01-12,-0.0,7.7,0.29,-2.2,4.9,0.33,-3.3,4.1,0.27
2024-01-13,-3.9,4.6,0.5,-7.5,5.1,0.4,-8.0,3.0,0.45
2024-01-14,-3.4,0.0,0.96,-9.6,0.0,0.74,-10.9,0.0,0.71
2024-01-15,-0.0,0.0,1.29,-4.7,0.0,0.96,-5.2,0.0,0.93
2024-01-16,4.7,6.1,0.85,1.6,6.4,0.56,-0.1,5.1,0.39
2024-01-17,3.0,7.9,0.41,1.0,7.1,0.47,0.2,8.5,0.47
2024-01-18,3.4,0.0,1.06,-0.2,0.0,0.72,-0.5,0.0,0.84
2024-01-19,6.4,3.9,1.05,2.5,2.6,0.65,1.7,2.9,0.56
2024-01-20,6.6,1.0,1.19,3.6,2.8,0.97,2.0,4.6,0.64
2024-01-21,1.6,22.0,0.22,-0.4,26.3,0.23,-0.6,26.5,0.29
2024-01-22,-3.2,2.7,0.54,-6.9,3.3,0.41,-8.2,4.7,0.37
2024-01-23,-3.5,0.2,0.76,-8.5,0.0,0.69,-9.4,0.0,0.64
2024-01-24,-3.7,0.1,0.57,-8.6,0.3,0.47,-10.3,0.3,0.46
2024-01-25,-2.4,0.0,0.94,-9.1,0.0,0.75,-9.4,0.0,0.79
2024-01-26,0.2,1.9,0.71,-4.2,4.4,0.62,-4.7,4.0,0.5
2024-01-27,-0.9,0.6,0.88,-5.6,2.2,0.68,-6.7,3.7,0.46
2024-01-28,-1.3,0.3,0.88,-7.6,1.0,0.74,-10.1,0.0,0.71
2024-01-29,-2.2,1.1,0.6,-6.6,0.6,0.5,-9.0,0.0,0.65
2024-01-30,-1.7,0.3,0.83,-6.9,0.0,0.79,-10.5,0.0,0.8
2024-01-31,-1.7,0.0,1.08,-6.6,0.0,0.98,-9.1,0.0,1.02
2024-02-01,-2.2,0.0,0.98,-7.6,0.0,0.93,-8.7,0.0,1.0
2024-02-02,0.1,0.0,1.26,-5.9,0.0,1.13,-8.6,0.0,1.01
2024-02-03,0.0,0.4,0.75,-4.5,0.7,0.8,-6.5,0.7,0.66
2024-02-04,1.2,0.0,1.36,-4.3,0.0,1.09,-4.5,0.0,0.88
2024-02-05,2.9,4.8,0.94,-0.7,1.4,0.72,-2.7,3.5,0.48
2024-02-06,4.0,19.0,0.78,1.8,1.2,0.78,-1.1,2.2,0.64
2024-02-07,4.7,0.0,1.74,0.3,0.0,1.4,0.1,0.0,1.27
2024-02-08,5.7,0.0,1.5,1.4,0.0,1.04,1.4,0.0,0.68
2024-02-09,6.3,0.2,1.53,2.2,0.0,1.1,1.6,0.3,0.88
2024-02-10,4.8,0.0,1.74,1.1,0.0,1.26,0.6,0.0,0.93
2024-02-11,5.9,0.0,1.72,2.0,0.0,1.5,1.1,0.0,1.39
2024-02-12,6.7,0.0,1.6,3.4,0.0,1.45,2.5,0.0,1.5
2024-02-13,8.0,0.0,1.32,4.4,0.9,0.9,3.3,2.0,0.89
2024-02-14,7.7,9.1,1.2,4.1,4.8,1.02,3.3,2.0,0.77
2024-02-15,6.5,4.5,1.27,3.2,4.7,1.0,1.5,7.2,0.75
2024-02-16,4.1,0.1,1.53,1.9,0.6,1.5,1.1,0.3,1.47
2024-02-17,4.0,1.2,0.72,0.7,0.5,0.67,-0.9,0.1,0.61
2024-02-18,2.9,3.3,0.76,0.2,2.2,0.88,-1.2,0.0,0.99
2024-02-19,1.4,1.5,0.76,-2.0,0.8,0.67,-3.0,0.0,0.73
2024-02-20,1.2,0.0,1.37,-1.3,0.1,1.36,-2.2,0.0,1.55
2024-02-21,2.3,0.0,1.68,0.1,0.0,1.62,-0.3,0.0,1.5
2024-02-22,1.9,4.7,0.47,-0.2,6.4,0.53,-0.2,5.9,0.67
2024-02-23,3.0,0.0,1.87,-0.7,0.0,1.65,-3.0,1.0,1.36
2024-02-24,3.2,0.0,2.07,0.8,0.0,1.9,-1.8,0.0,1.8
2024-02-25,4.1,0.0,2.12,3.1,0.0,1.97,1.0,0.0,1.9
2024-02-26,4.8,0.0,2.34,1.4,0.0,2.15,-0.2,0.0,2.12
2024-02-27,4.6,0.0,2.34,2.4,0.0,2.29,0.2,0.0,2.28
2024-02-28,4.6,0.0,2.37,2.8,0.0,2.32,2.2,0.0,2.26
2024-02-29,5.0,0.0,2.47,3.3,0.0,2.45,2.3,0.0,2.44
2024-03-01,6.2,0.0,2.5,3.8,0.0,2.42,2.6,0.0,2.54
2024-03-02,6.5,0.0,2.13,3.1,0.1,2.02,2.1,0.1,2.13
2024-03-03,6.4,1.1,1.55,2.4,6.8,1.55,1.5,0.3,1.82
2024-03-04,5.7,4.2,1.57,2.1,5.9,1.31,1.1,0.6,1.24
2024-03-05,6.2,0.2,2.35,2.6,0.0,2.06,1.9,0.0,1.9
2024-03-06,5.8,7.6,0.91,2.4,13.3,0.65,1.2,18.0,0.64
2024-03-07,3.5,3.8,0.83,0.7,2.0,0.79,-1.3,2.1,1.06
2024-03-08,4.1,0.2,1.68,-0.1,0.0,1.43,-3.1,0.3,1.42
2024-03-09,1.3,9.8,0.56,-1.6,8.0,0.55,-2.5,9.8,0.74
2024-03-10,1.0,1.2,1.15,-2.9,0.6,1.1,-4.2,0.1,1.22
2024-03-11,3.3,0.0,2.34,-2.1,0.0,1.91,-5.5,0.0,1.69
2024-03-12,6.5,0.0,2.74,1.8,0.0,2.32,0.4,0.0,2.2
2024-03-13,8.9,0.0,2.88,4.6,0.0,2.44,3.5,0.0,2.3
2024-03-14,7.4,5.3,1.75,4.1,3.7,1.62,3.0,8.6,1.52
2024-03-15,5.3,2.1,2.05,1.6,4.3,1.8,1.1,2.7,1.69
2024-03-16,5.0,5.7,1.45,0.9,9.6,1.34,0.3,2.5,1.64
2024-03-17,5.9,0.6,2.25,2.7,1.8,2.0,0.4,0.3,1.81
2024-03-18,5.8,0.3,2.06,2.5,2.1,1.68,1.9,2.0,1.61
2024-03-19,3.4,3.7,0.65,0.6,3.9,0.59,-0.7,3.5,0.63
2024-03-20,4.5,0.0,2.44,1.3,0.0,1.9,-0.6,0.0,1.62
2024-03-21,1.3,11.3,0.55,-1.5,12.0,0.65,-1.4,15.7,0.69
2024-03-22,-0.3,8.6,0.95,-3.9,9.9,0.98,-5.5,9.8,0.8
2024-03-23,0.2,7.5,0.97,-4.3,6.7,1.17,-6.8,2.6,1.34
2024-03-24,2.7,2.2,2.07,-2.6,1.2,1.72,-4.5,0.6,1.4
2024-03-25,5.6,0.0,3.04,-1.8,0.0,2.37,-2.3,0.0,2.1
2024-03-26,5.2,11.3,2.38,0.6,9.0,2.02,-1.3,10.7,1.89
2024-03-27,5.1,0.6,2.34,-1.3,1.2,2.01,-2.1,0.9,1.88
2024-03-28,9.7,0.0,3.31,3.2,0.0,2.49,2.8,0.0,2.54
2024-03-29,9.5,1.0,2.04,5.4,1.1,1.96,3.4,1.1,2.05
2024-03-30,11.2,0.0,3.49,8.5,0.0,3.33,7.0,0.0,3.14
2024-03-31,13.7,0.0,4.11,11.5,0.1,3.91,10.3,0.0,3.8
2024-04-01,14.9,0.0,3.89,14.7,0.0,3.61,12.1,0.0,3.77
2024-04-02,15.4,0.0,4.19,13.7,0.1,3.88,11.4,0.0,3.81
2024-04-03,13.1,0.0,4.12,10.2,0.0,3.92,9.8,0.2,3.97
2024-04-04,11.8,0.0,3.74,9.8,0.1,3.62,7.8,0.0,3.64
2024-04-05,9.4,2.4,2.12,6.5,4.9,1.61,6.2,12.1,1.57
2024-04-06,7.5,0.1,2.97,3.6,0.0,2.49,2.6,0.0,2.63
2024-04-07,6.9,0.0,2.45,3.0,0.2,1.85,1.5,1.5,1.69
2024-04-08,8.4,0.1,2.58,4.8,2.5,2.33,4.2,4.5,2.54
2024-04-09,11.3,0.0,3.2,8.1,0.1,2.75,7.2,1.1,2.68
2024-04-10,9.4,1.6,2.06,7.2,1.0,2.2,6.7,4.8,2.41
2024-04-11,9.4,0.5,1.24,6.3,1.5,1.06,5.9,1.3,1.47
2024-04-12,10.6,1.2,2.01,7.6,2.7,1.94,7.4,0.9,1.99
2024-04-13,9.6,0.7,1.48,6.8,4.8,1.3,6.0,6.0,1.09
2024-04-14,10.2,0.4,2.34,6.3,4.0,1.48,5.1,1.3,1.59
2024-04-15,10.7,0.0,3.82,7.4,0.0,3.4,6.2,0.0,3.31
2024-04-16,14.5,0.0,4.7,11.1,0.0,4.38,10.0,0.0,4.59
2024-04-17,17.9,0.0,5.3,13.5,0.0,4.83,13.5,0.0,5.2
2024-04-18,19.3,3.2,5.31,14.7,1.4,4.58,13.7,1.6,4.84
2024-04-19,13.9,0.0,4.04,12.3,2.5,4.03,12.5,0.0,4.38
2024-04-20,16.6,0.5,4.87,12.8,0.4,4.47,12.7,0.0,5.04
2024-04-21,13.5,0.3,4.06,9.8,1.0,3.51,9.8,0.2,4.06
2024-04-22,14.0,0.0,4.68,10.5,0.8,4.15,9.7,0.2,4.16
2024-04-23,15.9,0.0,4.57,12.4,0.0,4.3,11.3,0.0,4.29
2024-04-24,19.5,0.0,5.02,15.9,0.0,4.93,15.2,0.0,5.18
2024-04-25,20.4,0.2,4.83,17.0,1.3,4.71,17.4,0.1,5.44
2024-04-26,19.0,3.8,3.76,15.9,2.6,3.77,16.3,1.2,4.4
2024-04-27,16.0,0.0,3.47,15.0,2.8,3.43,14.6,0.1,3.7
2024-04-28,17.3,1.7,3.85,16.4,0.0,4.05,15.9,0.1,4.64
2024-04-29,14.6,0.3,3.19,15.6,1.2,3.75,16.3,0.7,4.25
2024-04-30,13.4,0.0,3.25,12.3,0.0,3.36,13.5,1.8,3.85
2024-05-01,14.2,0.8,3.47,12.9,18.1,3.55,12.7,5.9,3.54
2024-05-02,11.6,10.7,2.11,10.8,18.7,2.38,9.8,13.9,2.22
2024-05-03,9.9,10.1,1.11,7.6,10.9,1.0,7.1,9.9,1.1
2024-05-04,11.6,6.6,2.79,8.5,10.5,2.48,7.6,8.4,2.34
2024-05-05,7.6,29.6,1.55,4.1,22.1,1.01,3.2,13.5,1.01
2024-05-06,4.8,6.6,1.16,1.4,6.2,0.98,0.1,5.7,0.95
2024-05-07,7.5,0.0,2.42,4.3,0.4,1.81,2.9,1.4,1.52
2024-05-08,11.5,0.0,4.13,9.3,0.6,4.08,7.9,0.0,4.16
2024-05-09,14.2,0.1,4.51,11.8,4.7,4.36,11.0,1.1,4.44
2024-05-10,14.4,0.3,4.09,12.6,0.1,4.28,12.7,2.2,4.54
2024-05-11,15.7,3.7,4.07,12.7,10.3,3.47,11.6,12.2,3.22
2024-05-12,9.7,10.3,1.88,6.4,10.0,1.44,5.6,3.7,1.54
2024-05-13,9.1,0.9,1.98,5.1,1.4,1.59,3.7,0.2,1.64
2024-05-14,6.4,1.8,1.66,3.1,1.1,1.75,2.8,0.3,1.7
2024-05-15,8.9,0.4,3.75,6.1,0.7,3.62,5.5,0.1,3.7
2024-05-16,8.9,1.8,2.59,6.3,18.7,2.68,6.0,7.5,2.61
2024-05-17,10.6,0.1,3.71,7.4,0.9,3.39,6.3,1.3,3.4
2024-05-18,13.3,0.0,4.32,10.9,0.5,3.97,9.7,1.0,4.0
2024-05-19,13.2,0.5,3.12,10.9,1.0,3.22,10.0,1.0,3.47
2024-05-20,13.6,0.1,3.67,11.6,0.1,3.24,10.3,0.0,3.31
2024-05-21,14.1,0.0,4.81,11.4,0.0,4.48,10.6,0.0,4.51
2024-05-22,17.0,0.0,5.15,14.2,0.0,4.85,13.6,0.3,4.72
2024-05-23,17.2,5.1,4.09,13.6,6.9,3.62,12.5,3.5,3.57
2024-05-24,13.1,19.1,2.33,10.9,11.8,2.72,10.4,8.4,2.86
2024-05-25,12.4,13.5,2.44,9.8,5.8,2.34,8.9,4.4,2.19
2024-05-26,14.3,1.1,3.92,11.3,3.3,3.5,9.6,3.5,2.57
2024-05-27,13.5,9.4,2.71,11.0,6.9,2.88,10.4,15.1,3.02
2024-05-28,13.9,33.3,3.0,12.2,6.4,3.39,13.1,8.0,4.19
2024-05-29,15.4,0.1,3.96,12.6,0.3,4.02,12.3,1.0,4.33
2024-05-30,17.1,0.6,4.53,14.1,2.2,4.45,13.6,0.2,4.68
2024-05-31,15.4,3.6,2.98,12.5,3.8,2.95,12.1,7.7,3.01
2024-06-01,17.0,0.0,4.77,13.9,0.0,4.44,12.2,0.1,4.35
2024-06-02,18.9,0.0,5.55,16.8,0.0,5.24,14.5,0.0,5.43
2024-06-03,20.0,0.0,5.64,18.5,0.0,5.32,16.3,0.0,5.69
2024-06-04,21.2,0.0,5.84,20.0,0.0,5.57,18.0,0.0,5.84
2024-06-05,23.0,0.0,5.76,20.8,0.0,5.52,19.5,0.1,5.66
2024-06-06,21.7,0.0,5.28,19.7,0.0,4.97,18.9,0.0,5.4
2024-06-07,19.9,0.5,4.4,16.2,0.7,4.12,15.9,1.3,4.34
2024-06-08,18.3,2.6,4.01,14.6,1.7,3.57,14.1,2.2,3.94
2024-06-09,16.5,2.0,3.57,12.6,11.0,2.75,11.8,1.3,2.84
2024-06-10,17.5,0.9,4.81,14.4,0.4,4.28,13.1,0.0,4.27
2024-06-11,19.7,0.0,5.91,17.0,0.0,5.62,15.6,0.0,5.67
2024-06-12,22.9,0.0,5.85,19.9,0.0,5.75,19.3,0.0,5.81
2024-06-13,23.9,0.0,5.64,21.5,0.1,5.39,19.6,0.1,5.52
2024-06-14,23.4,1.2,4.98,20.4,0.2,4.72,19.6,0.9,5.15
2024-06-15,21.5,0.0,5.43,18.4,0.1,5.26,17.5,1.1,4.88
2024-06-16,19.8,0.0,4.93,16.1,0.5,4.92,16.1,0.0,5.43
2024-06-17,20.1,0.0,5.51,17.4,0.0,5.23,17.7,0.8,5.38
2024-06-18,20.0,0.0,5.08,16.6,0.0,4.86,16.2,0.0,4.93
2024-06-19,20.3,0.5,4.39,16.6,0.3,4.23,16.4,0.0,4.64
2024-06-20,20.5,0.0,5.1,17.3,0.0,4.96,17.1,0.1,5.25
2024-06-21,19.9,0.6,4.01,15.9,2.5,3.41,15.3,0.2,4.01
2024-06-22,18.3,0.0,5.2,15.1,0.0,4.75,15.1,0.0,5.1
2024-06-23,18.8,0.0,5.7,15.6,0.0,5.42,15.8,0.0,5.88
2024-06-24,21.6,0.0,6.04,19.6,0.0,5.91,19.4,0.0,6.41
2024-06-25,21.0,0.0,5.63,18.9,0.0,5.38,18.4,0.0,5.66
2024-06-26,17.4,3.3,3.67,13.9,6.7,3.09,13.2,3.6,3.61
2024-06-27,17.5,0.0,5.42,13.4,0.0,5.03,12.7,0.0,5.26
2024-06-28,18.6,0.0,5.69,15.5,0.0,5.34,14.1,0.0,5.54
2024-06-29,17.3,0.4,4.43,13.4,0.0,4.19,11.8,0.0,4.56
2024-06-30,17.2,5.2,4.15,14.0,2.8,3.19,13.1,0.0,3.6
2024-07-01,16.8,25.3,3.14,13.5,7.1,2.59,12.9,3.4,3.22
2024-07-02,19.2,0.7,4.9,15.5,1.9,4.34,13.9,1.0,4.34
2024-07-03,21.2,0.0,5.96,18.6,0.0,5.9,17.3,0.0,5.86
2024-07-04,23.8,0.0,5.89,21.6,0.7,6.02,21.0,0.3,6.52
2024-07-05,20.7,0.6,4.82,18.5,2.8,4.85,20.0,0.7,6.17
2024-07-06,17.1,10.1,2.01,14.5,9.7,1.69,14.4,2.2,2.7
2024-07-07,17.8,12.7,2.69,15.3,7.3,2.32,15.2,2.5,2.71
2024-07-08,18.9,3.5,3.2,16.1,4.9,3.03,15.8,1.1,3.92
2024-07-09,19.7,3.5,3.57,17.1,2.5,3.48,16.9,1.4,4.04
2024-07-10,20.7,6.6,3.64,18.1,8.4,4.0,18.7,3.6,4.8
2024-07-11,21.9,0.0,4.87,19.4,2.4,4.62,20.1,0.2,5.51
2024-07-12,21.9,0.1,4.36,18.8,1.3,4.24,18.5,0.6,4.7
2024-07-13,21.0,1.8,4.86,18.0,2.2,4.36,17.4,0.2,4.49
2024-07-14,19.8,1.2,4.49,16.8,2.1,3.49,16.2,1.9,3.4
2024-07-15,20.0,0.1,3.3,15.8,1.4,2.43,15.4,0.5,3.29
2024-07-16,20.2,0.6,3.51,17.2,0.2,3.68,17.5,1.1,4.15
2024-07-17,22.2,0.3,4.63,19.2,0.1,4.36,18.7,0.0,4.19
2024-07-18,21.2,3.6,3.91,17.9,6.2,3.33,17.2,2.5,3.48
2024-07-19,21.0,1.3,5.21,17.9,1.8,4.57,16.9,0.4,4.69
2024-07-20,20.3,2.9,4.53,17.1,6.4,4.09,16.5,1.2,4.47
2024-07-21,21.8,0.0,5.47,18.4,0.0,5.16,17.3,0.0,5.22
2024-07-22,22.9,0.0,5.6,20.9,0.0,5.48,19.5,0.0,5.94
2024-07-23,22.8,0.0,5.36,19.7,0.0,5.3,19.3,0.0,5.81
2024-07-24,21.0,1.6,4.44,17.3,1.9,4.17,16.8,0.3,4.79
2024-07-25,21.0,0.0,5.02,17.1,0.0,4.81,16.5,0.0,5.17
2024-07-26,20.6,0.0,4.71,17.1,1.6,4.19,15.8,5.4,3.68
2024-07-27,18.4,8.6,3.54,15.8,7.3,3.73,15.5,1.8,4.22
2024-07-28,18.2,9.5,3.93,15.2,9.8,3.32,14.5,3.0,3.95
2024-07-29,19.0,0.0,4.85,14.9,0.0,4.59,14.3,0.0,4.76
2024-07-30,17.9,0.2,3.44,15.1,0.5,3.5,14.3,0.0,4.59
2024-07-31,17.8,3.8,3.39,14.4,6.8,2.66,13.9,0.2,3.8
2024-08-01,17.9,0.3,3.32,14.7,1.2,3.11,14.5,0.0,4.56
2024-08-02,19.0,0.0,5.12,15.5,0.0,4.9,14.9,0.0,5.3
2024-08-03,20.1,0.0,5.36,17.9,0.0,5.15,16.7,0.0,5.68
2024-08-04,22.2,0.0,5.63,21.1,0.0,5.65,20.6,0.0,6.13
2024-08-05,21.2,0.0,5.0,18.7,1.2,4.85,19.2,0.0,5.46
2024-08-06,21.0,0.2,4.66,18.2,0.0,4.63,18.4,0.0,5.18
2024-08-07,20.7,0.1,4.55,17.9,0.9,4.43,18.5,0.1,5.0
2024-08-08,21.3,0.3,4.82,17.6,0.0,4.72,17.3,0.0,5.2
2024-08-09,21.3,0.0,5.29,17.8,0.0,5.08,17.3,0.0,5.39
2024-08-10,21.3,0.0,5.13,18.6,0.0,5.06,18.1,0.0,5.55
2024-08-11,19.3,1.4,4.03,15.6,1.5,3.44,14.9,0.1,3.83
2024-08-12,19.1,2.6,3.78,15.5,1.3,3.38,14.8,0.1,3.79
2024-08-13,20.4,0.0,5.05,16.7,0.0,4.81,15.6,0.0,5.24
2024-08-14,20.6,0.0,5.23,17.9,0.0,5.06,16.9,0.0,5.57
2024-08-15,19.8,0.0,4.99,16.1,0.0,4.72,15.3,0.0,5.06
2024-08-16,18.1,0.1,4.76,14.1,0.0,4.28,13.2,0.0,4.13
2024-08-17,17.9,0.0,4.69,13.6,0.0,4.28,12.8,0.0,4.41
2024-08-18,20.1,0.0,4.95,18.1,0.0,4.87,18.4,0.0,5.38
2024-08-19,24.2,0.0,4.93,22.9,0.1,5.02,23.4,0.0,5.32
2024-08-20,24.2,0.0,5.51,23.1,0.0,5.65,22.0,0.0,5.99
2024-08-21,25.9,0.0,5.49,24.4,0.0,6.15,23.9,0.0,5.77
2024-08-22,23.0,0.0,4.63,22.1,0.4,4.74,24.1,0.1,5.81
2024-08-23,21.5,0.5,2.4,18.8,1.4,3.18,18.6,0.4,4.17
2024-08-24,18.3,5.6,1.8,15.8,10.2,1.65,15.5,2.7,2.03
2024-08-25,17.3,5.5,2.06,14.9,15.9,2.13,14.6,10.2,2.34
2024-08-26,19.8,0.0,3.96,16.5,0.4,3.32,16.1,0.1,3.28
2024-08-27,20.7,0.7,4.23,17.9,0.8,3.96,17.8,1.9,4.47
2024-08-28,20.4,1.0,3.3,17.5,0.3,3.34,16.9,1.5,3.73
2024-08-29,20.6,0.3,3.79,18.2,0.0,3.8,18.0,2.2,4.31
2024-08-30,20.7,1.3,4.02,17.2,8.0,3.89,15.9,12.0,3.86
2024-08-31,20.4,0.0,4.56,17.7,0.0,4.36,16.3,0.0,4.46
2024-09-01,19.8,0.0,4.24,17.2,0.0,4.01,17.1,2.7,4.16
2024-09-02,20.0,2.7,3.36,16.7,8.3,3.16,16.7,2.2,3.65
2024-09-03,20.4,0.6,3.82,17.4,0.6,3.55,17.2,0.2,3.95
2024-09-04,18.8,3.1,2.82,16.2,3.5,2.68,15.9,0.5,3.05
2024-09-05,18.7,1.2,2.72,15.8,1.7,2.72,15.3,0.4,3.28
2024-09-06,18.9,1.2,3.45,15.8,1.8,2.84,15.5,0.1,3.48
2024-09-07,18.9,0.0,3.37,15.3,0.3,3.27,15.4,1.0,3.54
2024-09-08,19.1,1.4,3.41,15.2,16.6,3.26,15.6,2.3,3.28
2024-09-09,19.1,0.3,3.25,16.2,4.8,3.45,16.8,0.4,4.21
2024-09-10,22.2,0.0,4.41,19.5,0.0,4.43,19.0,0.0,5.31
2024-09-11,22.1,0.0,4.6,18.6,0.0,4.69,19.5,0.0,5.48
2024-09-12,21.5,0.0,4.3,18.5,0.9,4.22,18.1,0.0,4.7
2024-09-13,20.7,0.3,3.56,17.1,0.0,3.43,16.6,2.8,3.66
2024-09-14,21.0,0.0,4.38,17.6,0.0,4.15,16.6,0.0,4.4
2024-09-15,20.3,0.0,3.77,19.4,0.0,3.76,18.9,0.0,3.56
2024-09-16,17.8,5.2,2.24,15.0,6.8,2.4,15.1,8.6,3.23
2024-09-17,17.2,0.5,3.02,14.0,0.0,2.96,13.4,0.2,3.05
2024-09-18,17.3,0.0,3.09,13.9,0.4,2.91,13.2,0.3,3.1
2024-09-19,15.7,3.6,2.39,11.9,3.6,2.04,11.7,0.0,2.4
2024-09-20,15.4,1.6,2.7,12.0,1.9,2.39,11.5,1.4,2.57
2024-09-21,15.4,0.0,3.15,11.8,0.0,2.68,11.1,0.9,2.86
2024-09-22,12.7,17.2,0.94,10.1,12.5,0.89,10.4,15.6,1.12
2024-09-23,13.5,8.1,1.8,10.6,8.8,1.58,9.3,2.6,1.57
2024-09-24,15.9,2.2,2.79,12.4,1.9,2.17,11.0,1.3,1.9
2024-09-25,15.8,0.0,3.34,12.9,0.0,3.09,12.5,0.0,3.38
2024-09-26,16.2,0.0,3.26,12.7,0.0,3.13,11.6,0.0,3.34
2024-09-27,16.2,0.0,3.33,13.0,0.0,3.16,12.2,0.0,3.39
2024-09-28,16.4,0.0,3.45,15.5,0.0,3.41,15.7,0.0,3.88
2024-09-29,19.0,0.0,3.66,17.0,0.0,3.91,16.7,0.0,4.81
2024-09-30,18.7,5.7,3.62,15.8,3.1,3.78,16.5,0.2,4.77
2024-10-01,14.4,4.5,2.32,11.0,2.2,2.06,10.2,10.4,2.07
2024-10-02,12.3,0.5,1.59,8.9,0.4,1.46,7.9,0.7,1.55
2024-10-03,13.4,0.0,2.85,10.5,0.0,2.79,10.3,0.0,2.85
2024-10-04,14.7,0.0,2.96,12.3,0.0,2.89,12.5,0.0,3.17
2024-10-05,15.6,0.0,3.08,15.0,0.0,3.14,14.2,0.0,3.45
2024-10-06,17.7,0.0,3.48,14.8,0.0,3.73,15.0,0.0,4.54
2024-10-07,18.1,0.0,3.42,14.9,2.1,3.69,16.1,0.0,4.47
2024-10-08,15.9,0.8,2.28,13.4,1.0,2.45,13.6,0.7,2.86
2024-10-09,17.3,0.0,3.12,14.6,0.0,3.17,14.4,0.0,3.75
2024-10-10,18.0,0.0,2.99,15.3,0.0,3.29,16.0,0.0,3.9
2024-10-11,17.7,0.3,2.83,15.5,0.0,2.74,14.7,0.0,2.91
2024-10-12,17.6,0.0,2.97,15.3,0.0,2.9,13.9,0.0,3.09
2024-10-13,15.5,19.2,1.9,13.1,7.9,1.89,12.4,2.9,2.17
2024-10-14,13.9,0.0,1.8,11.0,0.8,1.82,10.8,0.1,2.06
2024-10-15,12.4,0.1,2.12,9.8,0.0,2.12,9.6,0.0,2.47
2024-10-16,13.3,0.2,2.49,10.2,0.3,2.44,9.8,0.0,2.68
2024-10-17,8.6,10.7,1.08,5.3,11.9,0.9,4.4,3.9,0.91
2024-10-18,5.0,9.4,0.92,1.8,3.1,0.96,1.0,3.6,1.13
2024-10-19,5.5,0.9,1.56,1.2,0.7,1.47,-0.2,1.1,1.46
2024-10-20,5.8,2.8,1.05,2.3,3.6,1.0,1.0,0.8,1.16
2024-10-21,4.0,21.1,0.39,0.9,17.4,0.35,0.2,8.5,0.4
2024-10-22,5.0,5.1,1.04,0.9,7.5,0.8,-0.6,2.8,0.42
2024-10-23,6.2,4.5,0.87,2.4,0.7,0.82,0.6,0.4,1.08
2024-10-24,6.3,0.0,0.92,2.8,0.0,0.95,1.5,0.0,1.16
2024-10-25,7.7,0.7,0.87,4.1,0.2,0.79,2.7,0.2,1.19
2024-10-26,7.2,0.0,0.88,3.8,2.0,0.79,2.2,1.2,0.78
2024-10-27,7.7,0.8,1.45,4.0,0.3,1.4,3.2,0.0,1.62
2024-10-28,7.6,0.0,1.92,5.5,0.0,1.87,4.8,0.0,1.98
2024-10-29,7.0,0.0,1.77,5.7,0.0,1.76,4.1,0.0,1.91
2024-10-30,7.3,0.0,1.62,4.4,0.0,1.59,3.1,0.0,1.68
2024-10-31,7.3,0.0,1.66,4.4,0.0,1.64,5.1,0.0,1.84
2024-11-01,8.1,0.0,1.67,5.0,0.0,1.66,6.2,0.0,1.9
2024-11-02,10.5,0.0,2.11,7.7,0.0,2.06,7.3,0.0,2.56
2024-11-03,7.3,4.5,1.17,4.3,3.9,1.21,3.6,0.8,1.4
2024-11-04,4.0,1.4,1.18,1.0,0.6,1.19,0.1,0.0,1.27
2024-11-05,3.1,1.6,0.53,-0.0,1.7,0.56,-1.2,1.2,0.6
2024-11-06,2.6,0.1,1.29,-0.2,0.0,1.3,-0.9,0.0,1.43
2024-11-07,2.9,0.0,1.37,1.1,0.0,1.35,-0.0,0.0,1.49
2024-11-08,2.7,0.0,1.36,1.9,0.0,1.36,1.2,0.0,1.52
2024-11-09,4.0,0.0,1.37,1.1,0.0,1.33,1.5,0.0,1.59
2024-11-10,5.8,0.0,1.5,3.8,0.0,1.63,4.6,0.0,1.83
2024-11-11,7.3,0.0,1.45,4.5,0.0,1.38,4.1,0.0,1.14
2024-11-12,6.8,0.0,1.48,5.3,0.0,1.47,5.1,0.0,1.58
2024-11-13,7.0,0.0,1.47,5.1,0.0,1.43,4.4,0.0,1.55
2024-11-14,7.6,0.0,1.41,4.6,0.0,1.4,4.2,0.0,1.47
2024-11-15,8.0,0.0,1.43,4.6,0.0,1.35,4.5,0.2,1.62
2024-11-16,5.8,26.1,0.34,3.3,11.3,0.38,3.1,1.7,0.72
2024-11-17,7.6,0.2,1.41,4.8,1.2,1.4,3.9,0.6,1.38
2024-11-18,8.6,4.6,0.64,5.4,7.4,0.45,4.3,12.4,0.36
2024-11-19,7.2,2.1,1.07,4.0,4.9,0.99,3.0,2.7,0.83
2024-11-20,7.2,0.0,1.6,3.5,0.0,1.27,3.5,0.0,1.19
2024-11-21,9.9,0.0,2.06,6.0,0.0,1.51,4.6,0.9,0.93
2024-11-22,11.0,0.9,1.27,7.5,1.0,1.02,5.8,1.3,0.68
2024-11-23,12.1,6.8,1.82,9.0,0.0,1.73,7.3,0.0,1.23
2024-11-24,-0.2,55.7,0.2,-2.2,50.9,0.22,-2.3,50.1,0.21
2024-11-25,-2.9,5.9,0.34,-6.4,8.1,0.27,-7.8,8.2,0.27
2024-11-26,-0.8,8.7,0.38,-3.7,8.1,0.36,-6.0,3.3,0.37
2024-11-27,-1.9,0.0,0.87,-4.7,0.0,0.73,-6.0,0.0,0.69
2024-11-28,-2.9,0.0,0.67,-5.4,0.0,0.62,-6.1,0.1,0.7
2024-11-29,-2.1,0.0,0.75,-4.9,0.0,0.71,-6.0,0.0,0.75
2024-11-30,-2.8,0.0,0.82,-5.7,0.0,0.82,-6.9,0.0,0.88
2024-12-01,-3.5,0.0,0.82,-6.1,0.0,0.89,-6.0,0.0,0.92
2024-12-02,-3.7,0.0,0.82,-6.3,0.0,0.95,-6.0,0.0,0.98
2024-12-03,-3.2,0.0,0.95,-7.0,0.0,0.98,-5.4,0.0,1.15
2024-12-04,-0.3,0.7,0.41,-2.8,1.5,0.57,-2.0,2.5,0.78
2024-12-05,2.2,0.7,0.95,-1.1,0.3,0.89,-0.7,0.3,0.85
2024-12-06,2.9,0.0,1.03,-0.3,0.0,0.91,-0.5,0.0,0.82
2024-12-07,2.8,0.0,0.99,-0.1,0.0,0.73,0.5,0.0,0.83
2024-12-08,5.3,0.1,1.07,2.4,1.5,0.87,2.1,0.2,0.83
2024-12-09,5.0,0.0,1.14,0.6,0.0,0.92,1.5,0.0,0.79
2024-12-10,4.8,0.0,1.13,0.4,0.0,0.95,1.9,0.0,0.99
2024-12-11,5.5,1.6,1.11,1.1,0.4,0.85,1.8,1.2,0.87
2024-12-12,3.7,9.1,0.87,0.8,5.7,0.71,-0.2,1.7,0.64
2024-12-13,0.4,7.1,0.61,-2.6,6.5,0.49,-4.4,2.7,0.43
2024-12-14,-4.8,1.9,0.62,-9.3,1.4,0.55,-10.4,1.9,0.31
2024-12-15,-2.2,0.0,0.83,-6.4,0.0,0.89,-5.5,0.0,1.17
2024-12-16,0.3,8.8,0.32,-2.2,8.8,0.39,-3.5,5.3,0.51
2024-12-17,-0.4,0.0,0.78,-2.9,0.0,0.74,-4.3,0.0,0.47
2024-12-18,0.2,0.0,0.78,-2.5,0.0,0.64,-3.5,0.0,0.57
2024-12-19,1.6,0.0,0.95,-1.6,0.0,0.83,-2.9,0.0,0.75
2024-12-20,0.3,0.0,1.02,-3.7,0.0,0.91,-3.3,0.0,0.9
2024-12-21,1.4,0.2,1.08,-2.9,0.2,0.95,-2.0,0.2,1.09
2024-12-22,3.6,0.6,0.95,1.0,2.7,0.64,0.6,9.9,0.49
2024-12-23,4.0,2.9,0.82,1.4,2.5,0.46,0.7,4.8,0.37
2024-12-24,5.4,0.1,1.0,2.3,3.0,0.63,2.0,1.5,0.56
2024-12-25,6.7,0.0,0.94,3.3,0.0,0.76,2.3,0.0,0.73
2024-12-26,5.7,2.0,0.98,2.2,2.5,0.83,1.5,2.2,0.93
2024-12-27,4.1,2.4,0.82,1.3,1.8,0.73,0.4,4.4,0.65
2024-12-28,1.2,7.9,0.37,-1.1,5.9,0.37,-2.5,4.3,0.42
2024-12-29,2.0,0.0,0.92,-1.2,0.0,0.68,-2.5,0.0,0.64
2024-12-30,1.6,0.0,0.64,-1.3,0.2,0.64,-1.7,0.0,0.73
2024-12-31,0.7,0.4,0.32,-2.2,0.3,0.33,-2.9,0.2,0.44
2025-01-01,-0.1,0.0,0.91,-3.4,0.0,0.84,-5.3,0.0,0.76
2025-01-02,0.9,0.0,1.12,-2.2,0.0,1.04,-3.5,0.0,1.09
2025-01-03,1.2,0.0,1.16,-3.2,0.0,1.02,-2.8,0.0,1.2
2025-01-04,2.6,0.3,1.13,-1.3,0.0,0.92,-1.8,0.0,1.01
2025-01-05,0.8,12.3,0.22,-0.3,7.7,0.39,-0.9,5.9,0.47
2025-01-06,1.0,0.4,0.64,-1.4,0.9,0.58,-2.9,0.6,0.6
2025-01-07,0.8,0.0,1.09,-3.8,0.0,0.98,-2.6,0.0,1.06
2025-01-08,1.9,0.0,1.04,-1.7,0.0,0.98,-0.6,0.0,1.16
2025-01-09,2.5,0.0,1.21,0.3,0.0,1.11,-0.1,0.0,1.15
2025-01-10,2.9,0.0,1.32,-0.3,0.0,1.25,0.8,0.0,1.47
2025-01-11,2.7,0.0,1.23,-0.5,0.0,1.15,0.2,0.0,1.17
2025-01-12,3.6,0.0,1.09,-0.5,0.0,0.89,-0.0,0.0,0.93
2025-01-13,5.4,0.0,1.2,1.3,0.0,0.96,1.5,0.0,1.06
2025-01-14,2.2,4.3,0.33,0.9,3.8,0.53,1.5,2.1,0.71
2025-01-15,3.4,0.9,0.95,0.9,1.6,0.86,1.0,0.1,0.82
2025-01-16,3.5,3.4,0.47,0.5,3.4,0.42,-0.2,3.0,0.53
2025-01-17,0.5,0.5,0.42,-2.8,2.8,0.34,-4.0,0.3,0.4
2025-01-18,1.0,0.4,0.71,-2.8,0.5,0.62,-4.5,2.1,0.5
2025-01-19,2.1,1.0,0.74,-1.1,0.6,0.58,-2.3,1.4,0.48
2025-01-20,-0.9,2.5,0.55,-4.6,1.8,0.46,-6.2,3.4,0.4
2025-01-21,0.2,0.0,1.3,-3.3,0.0,1.22,-4.7,0.0,1.25
2025-01-22,1.9,0.0,1.04,-1.6,0.0,1.03,-2.2,0.0,1.21
2025-01-23,1.8,2.6,0.37,-0.7,3.2,0.51,-2.2,4.5,0.59
2025-01-24,2.4,1.0,0.86,-1.0,0.1,0.64,-2.4,0.6,0.5
2025-01-25,2.5,0.0,1.05,-2.2,0.0,0.91,-2.8,0.0,0.72
2025-01-26,2.3,0.3,0.73,-1.3,0.5,0.62,-2.1,0.6,0.77
2025-01-27,1.8,0.0,1.28,-2.1,0.0,1.17,-5.3,0.0,1.15
2025-01-28,1.1,0.0,1.42,-3.0,0.0,1.32,-4.4,0.0,1.31
2025-01-29,1.8,0.0,1.52,-1.4,0.0,1.5,-2.4,0.0,1.46
2025-01-30,3.3,0.0,1.71,2.0,0.0,1.62,-0.2,0.0,1.5
2025-01-31,3.4,0.0,1.56,1.5,0.0,1.53,-0.0,0.0,1.38
2025-02-01,2.6,0.0,1.45,1.1,0.0,1.39,-1.5,0.0,1.37
2025-02-02,2.3,0.0,1.46,0.5,0.0,1.38,-2.3,0.0,1.33
2025-02-03,2.8,0.0,1.56,0.1,0.0,1.48,-1.5,0.0,1.37
2025-02-04,-1.3,7.4,0.29,-3.4,8.3,0.31,-3.4,7.3,0.58
2025-02-05,-2.9,8.3,0.42,-6.2,12.0,0.31,-7.6,18.2,0.27
2025-02-06,-4.3,7.5,0.43,-7.4,12.1,0.3,-8.7,8.1,0.29
2025-02-07,-4.1,4.8,0.43,-7.2,5.8,0.39,-8.1,4.0,0.37
2025-02-08,-2.7,4.5,0.41,-5.3,2.9,0.38,-6.6,0.2,0.44
2025-02-09,-2.5,0.8,0.62,-5.5,0.5,0.57,-7.0,0.0,0.82
2025-02-10,-2.5,1.2,0.64,-5.7,2.5,0.59,-6.9,0.3,0.84
2025-02-11,-2.5,2.2,0.64,-5.4,2.0,0.64,-6.4,1.2,0.78
2025-02-12,-2.9,4.7,0.73,-4.2,3.5,0.81,-4.5,1.5,0.76
2025-02-13,-2.0,9.8,0.43,-4.6,11.8,0.37,-5.3,9.4,0.31
2025-02-14,-2.5,0.1,1.18,-5.5,0.6,1.02,-6.2,0.4,0.93
2025-02-15,-2.2,0.0,1.53,-6.2,0.0,1.33,-5.8,0.0,1.23
2025-02-16,-0.5,0.0,1.5,-3.8,0.0,1.43,-3.3,0.0,1.41
2025-02-17,0.0,0.0,1.47,-3.6,0.0,1.23,-2.8,0.0,1.25
2025-02-18,-0.2,4.8,0.45,-0.0,7.7,0.62,-0.8,16.0,0.65
2025-02-19,-3.7,13.6,0.62,-5.5,14.1,0.49,-5.2,11.6,0.43
2025-02-20,-5.9,5.2,0.76,-9.1,3.6,0.5,-10.7,1.2,0.46
2025-02-21,-8.6,1.2,0.78,-12.3,2.8,0.62,-13.9,0.7,0.6
2025-02-22,-10.4,0.4,0.9,-15.0,1.8,0.76,-16.7,0.5,0.69
2025-02-23,-9.2,1.3,0.68,-13.0,2.1,0.54,-14.5,1.9,0.51
2025-02-24,-9.0,1.5,0.69,-12.3,1.1,0.64,-15.4,1.2,0.66
2025-02-25,-7.4,0.0,1.28,-11.5,0.0,1.05,-12.7,0.2,0.8
2025-02-26,-5.3,0.0,1.21,-9.6,0.0,0.96,-9.6,0.3,0.89
2025-02-27,-4.2,0.0,1.61,-6.8,0.0,1.52,-7.8,0.0,1.35
2025-02-28,-1.9,0.4,1.05,-4.8,0.6,1.31,-4.2,1.1,1.32
2025-03-01,-1.4,0.0,1.45,-4.4,0.0,1.49,-6.0,0.0,1.43
2025-03-02,-0.7,0.0,1.46,-2.8,0.1,1.45,-4.9,0.0,1.26
2025-03-03,0.0,14.2,0.54,-1.8,12.2,0.61,-2.3,9.2,0.57
2025-03-04,-1.7,0.0,1.49,-4.2,0.0,1.36,-4.0,0.0,1.4
2025-03-05,-0.7,0.0,1.97,-1.0,0.0,2.08,-0.9,0.0,2.17
2025-03-06,0.8,0.0,2.11,0.2,0.0,2.11,-1.3,0.0,2.13
2025-03-07,1.5,0.0,2.17,1.1,0.0,2.18,-0.5,0.0,2.26
2025-03-08,2.0,0.0,2.14,2.0,0.0,2.25,1.1,0.0,2.39
2025-03-09,5.5,0.0,2.65,2.8,0.0,2.46,3.6,0.0,2.59
2025-03-10,6.1,0.0,2.82,3.7,0.0,2.56,3.8,0.0,2.53
2025-03-11,6.8,0.0,2.94,3.5,0.0,2.62,3.6,0.0,2.65
2025-03-12,8.1,0.0,3.13,3.5,0.0,2.67,5.0,0.0,2.89
2025-03-13,9.4,0.0,3.34,4.4,0.0,2.78,6.3,0.0,3.03
2025-03-14,10.8,0.0,3.25,5.2,0.0,2.64,6.0,0.0,2.78
2025-03-15,11.5,0.0,3.41,7.2,0.0,3.02,6.9,0.0,3.04
2025-03-16,12.7,0.0,3.83,6.8,0.0,3.23,8.3,0.0,3.56
2025-03-17,14.5,1.4,3.77,8.8,0.8,3.17,9.5,1.1,3.49
2025-03-18,10.0,4.4,2.33,5.7,5.2,1.91,5.4,4.5,1.95
2025-03-19,-1.2,12.5,0.48,-4.3,18.8,0.42,-5.4,24.2,0.45
2025-03-20,-3.7,11.0,0.84,-7.1,11.3,0.57,-8.7,9.1,0.57
2025-03-21,-2.9,7.1,0.63,-5.4,6.4,0.6,-6.1,3.5,0.63
2025-03-22,-0.6,2.4,0.89,-3.8,2.7,0.84,-5.2,2.7,0.92
2025-03-23,0.4,0.0,2.36,-2.1,0.0,2.21,-4.0,0.0,1.97
2025-03-24,4.4,0.0,2.62,1.2,0.0,2.58,0.2,0.0,2.67
2025-03-25,8.9,0.0,1.74,4.9,0.3,1.71,3.6,0.4,1.39
2025-03-26,11.8,0.0,1.69,7.7,0.0,1.81,7.3,0.0,2.34
2025-03-27,13.2,0.0,3.63,9.6,0.0,3.22,8.8,0.0,3.31
2025-03-28,13.8,0.5,3.95,9.9,0.2,3.69,10.6,1.0,3.97
2025-03-29,15.2,0.7,3.33,10.7,0.4,2.8,10.6,0.0,3.55
2025-03-30,10.3,19.2,1.47,6.6,11.8,1.15,6.4,10.5,0.99
2025-03-31,9.9,0.7,2.81,6.7,2.3,2.72,5.3,9.3,2.4
2025-04-01,12.1,1.0,3.74,7.8,1.9,3.3,7.3,5.3,3.27
2025-04-02,10.6,7.0,1.73,6.8,4.6,1.48,5.6,8.9,1.36
2025-04-03,8.1,12.3,1.66,4.8,8.7,1.54,3.9,8.2,1.44
2025-04-04,7.4,19.5,2.21,5.0,10.7,2.22,3.9,8.6,2.13
2025-04-05,7.5,3.2,2.21,4.5,5.8,2.01,4.0,7.5,2.24
2025-04-06,8.9,3.6,2.78,5.3,11.4,2.26,3.8,7.7,1.48
2025-04-07,11.0,1.8,3.58,7.7,0.2,3.21,6.4,4.7,2.86
2025-04-08,5.7,1.6,1.79,4.3,3.1,1.99,6.9,0.2,3.13
2025-04-09,0.8,14.3,0.45,1.2,19.7,0.59,3.5,18.4,1.05
2025-04-10,-0.7,5.9,1.17,-3.5,9.3,1.03,-5.3,11.8,1.08
2025-04-11,-0.1,10.0,1.66,-3.2,9.5,1.67,-4.3,16.1,1.29
2025-04-12,-2.2,0.2,2.41,-6.6,0.6,2.05,-8.0,1.9,1.69
2025-04-13,1.5,4.0,2.55,-2.5,3.9,2.52,-4.3,2.6,2.15
2025-04-14,1.1,5.0,0.97,-2.8,3.4,1.0,-5.0,1.3,1.07
2025-04-15,2.7,7.4,0.91,-0.7,6.2,0.73,-1.9,5.3,0.59
2025-04-16,4.9,2.2,1.19,1.3,3.1,1.3,0.3,2.9,1.45
2025-04-17,8.2,0.0,3.56,4.6,0.0,3.38,2.6,0.0,3.37
2025-04-18,10.9,0.0,3.87,7.8,0.0,3.79,5.8,0.0,3.62
2025-04-19,11.6,7.0,3.31,8.9,5.4,3.09,8.1,11.7,3.0
2025-04-20,10.1,7.1,2.75,8.3,6.7,3.11,8.4,1.4,3.41
2025-04-21,11.3,0.6,3.58,8.6,1.6,3.45,7.8,1.0,3.45
2025-04-22,13.0,1.2,3.39,11.0,0.0,3.47,10.0,6.0,3.9
2025-04-23,12.1,3.3,2.82,9.7,6.4,2.75,8.9,4.9,2.83
2025-04-24,12.9,1.3,3.58,10.6,1.4,3.65,10.7,7.2,4.03
2025-04-25,11.4,18.8,2.92,8.8,8.1,2.8,7.3,12.6,2.42
2025-04-26,10.1,9.3,2.63,7.1,6.5,2.18,6.3,14.3,2.05
2025-04-27,9.5,1.7,2.96,6.3,5.0,2.46,5.7,3.3,2.58
2025-04-28,5.9,1.0,1.6,2.1,0.6,1.34,1.5,0.0,1.52
2025-04-29,5.0,0.0,2.26,3.0,0.8,2.4,4.3,1.8,2.78
2025-04-30,8.1,0.0,3.26,7.3,2.7,3.26,8.8,3.1,3.58
2025-05-01,11.4,5.1,2.05,9.5,5.2,2.13,10.1,12.5,2.43
2025-05-02,9.4,18.1,1.79,7.6,14.0,1.54,8.0,27.5,1.97
2025-05-03,7.7,4.0,1.96,5.3,3.1,1.88,5.6,3.1,2.63
2025-05-04,9.6,0.0,3.04,6.9,8.2,2.87,6.9,7.8,3.04
2025-05-05,11.9,0.0,3.94,9.5,0.1,3.71,8.3,0.5,3.69
2025-05-06,13.3,0.0,4.59,11.0,0.4,4.32,10.1,0.7,4.19
2025-05-07,15.0,1.4,4.42,11.9,9.8,4.12,11.0,4.7,3.82
2025-05-08,14.9,1.6,4.11,11.6,3.9,3.81,10.9,2.3,3.9
2025-05-09,15.8,0.1,4.64,12.6,1.7,4.31,12.0,1.2,4.13
2025-05-10,16.1,3.1,4.19,13.5,5.3,4.22,13.5,0.5,4.84
2025-05-11,12.8,4.9,2.87,11.3,14.8,2.8,10.5,14.3,2.77
2025-05-12,11.5,8.5,2.21,9.5,18.8,2.03,9.6,14.1,2.53
2025-05-13,6.9,8.1,0.89,4.8,9.9,0.99,5.1,6.7,1.24
2025-05-14,7.6,0.4,2.82,4.9,0.1,2.98,4.4,0.0,3.07
2025-05-15,8.5,2.7,3.02,5.3,4.3,2.78,4.5,3.4,2.95
2025-05-16,13.1,0.0,4.75,10.1,0.0,4.62,9.4,0.0,4.91
2025-05-17,18.7,0.0,5.29,16.0,0.0,5.33,16.6,0.0,6.33
2025-05-18,13.2,3.1,3.8,13.6,6.0,4.3,15.0,0.3,5.56
2025-05-19,11.9,0.1,3.81,9.7,0.2,3.84,9.3,0.4,4.17
2025-05-20,13.2,0.0,4.47,10.7,0.2,4.25,10.0,0.0,4.42
2025-05-21,12.3,0.0,4.52,9.2,0.2,4.28,8.9,0.0,4.49
2025-05-22,15.2,0.0,5.05,13.0,0.0,4.78,12.4,0.0,5.1
2025-05-23,17.4,0.0,5.1,15.5,0.0,4.83,14.2,0.2,4.99
2025-05-24,18.5,0.0,5.24,16.6,0.0,4.95,15.2,0.0,5.2
2025-05-25,19.3,0.0,5.33,17.2,0.3,5.04,16.4,0.0,5.41
2025-05-26,20.1,0.5,4.73,17.9,1.7,4.43,17.6,0.1,5.21
2025-05-27,16.2,2.3,4.03,14.1,5.8,3.82,14.6,5.4,4.23
2025-05-28,12.3,0.1,2.35,10.1,0.5,2.71,10.2,0.6,2.96
2025-05-29,14.0,0.0,4.4,10.3,5.0,3.81,9.7,0.4,2.89
2025-05-30,12.8,6.4,3.22,8.8,20.1,2.76,8.8,8.5,3.06
2025-05-31,14.1,4.5,3.65,11.1,6.1,3.95,11.1,0.1,4.32
2025-06-01,14.5,8.4,3.23,10.5,27.6,3.06,11.6,11.2,3.86
2025-06-02,13.2,2.5,3.06,10.0,6.7,2.58,9.5,2.5,2.88
2025-06-03,11.8,17.6,1.99,8.8,10.1,1.52,8.3,6.4,2.14
2025-06-04,14.2,0.0,3.8,10.9,0.7,3.2,9.5,0.2,2.86
2025-06-05,15.2,0.0,5.06,12.2,0.0,4.7,10.8,0.0,4.76
2025-06-06,16.5,0.0,5.21,13.1,0.0,4.81,12.1,0.0,4.83
2025-06-07,15.9,0.0,5.33,13.0,0.0,5.04,12.1,0.0,5.26
2025-06-08,16.8,0.0,5.34,15.0,0.0,5.12,15.8,0.0,5.63
2025-06-09,18.4,0.0,5.34,16.0,0.0,5.18,16.4,0.0,5.66
2025-06-10,17.5,0.0,5.26,14.1,0.0,4.88,13.6,0.0,4.99
2025-06-11,18.2,0.0,5.03,14.6,0.0,4.74,14.4,0.6,4.77
2025-06-12,19.6,0.0,5.26,16.3,0.0,5.07,16.3,0.3,5.17
2025-06-13,17.7,0.0,4.89,15.4,0.2,4.72,15.4,0.0,4.88
2025-06-14,14.0,1.0,1.85,11.2,2.5,1.84,10.5,15.3,2.32
2025-06-15,13.8,0.0,4.58,10.2,0.1,4.38,9.4,0.0,4.54
2025-06-16,13.5,0.3,3.43,9.8,0.1,3.2,8.8,0.5,3.51
2025-06-17,14.0,0.0,4.0,9.8,1.8,3.26,8.4,0.8,2.96
2025-06-18,15.8,0.0,4.97,11.5,0.0,4.56,10.1,0.0,4.54
2025-06-19,16.7,0.0,5.25,13.2,0.0,4.88,12.0,0.0,5.01
2025-06-20,18.2,0.0,5.75,15.1,0.0,5.48,14.2,0.0,5.74
2025-06-21,16.4,0.1,4.81,13.2,2.8,4.48,12.6,0.0,4.8
2025-06-22,14.5,0.7,2.87,10.8,1.2,2.88,10.3,0.0,3.84
2025-06-23,14.9,0.0,5.12,11.1,0.0,4.76,9.8,0.0,4.88
2025-06-24,16.8,0.0,5.47,13.2,0.0,5.05,12.0,0.0,5.25
2025-06-25,19.1,0.0,5.99,16.2,0.0,5.79,15.1,0.0,6.24
2025-06-26,20.2,0.0,6.13,17.1,0.0,5.9,15.9,0.0,6.23
2025-06-27,19.6,0.0,5.8,15.9,0.0,5.38,14.7,0.0,5.41
2025-06-28,17.9,0.0,5.48,14.4,0.0,5.16,14.3,0.0,5.36
2025-06-29,14.0,13.2,2.56,11.2,13.9,2.47,10.8,1.5,3.12
2025-06-30,13.6,4.4,3.03,9.8,9.9,2.4,8.9,11.0,2.71
2025-07-01,16.6,0.8,3.85,12.5,4.2,3.08,11.1,0.4,3.14
2025-07-02,14.7,0.0,4.35,10.7,2.2,3.9,9.9,0.0,4.15
2025-07-03,12.7,2.1,2.91,9.0,3.7,2.63,8.2,1.1,3.24
2025-07-04,12.8,16.7,2.71,9.3,9.3,2.04,8.5,4.2,2.45
2025-07-05,14.3,7.9,3.11,11.1,17.4,2.52,10.7,9.1,2.53
2025-07-06,16.6,0.0,4.47,13.0,0.0,3.99,12.7,0.0,4.25
2025-07-07,17.9,0.0,5.25,14.4,0.0,4.91,13.8,0.0,5.05
2025-07-08,19.7,0.0,5.63,16.5,0.0,5.38,16.5,0.0,5.42
2025-07-09,22.0,0.0,5.79,18.8,0.0,5.65,18.0,0.0,5.94
2025-07-10,22.7,0.0,6.21,19.7,0.0,5.97,19.2,0.0,6.33
2025-07-11,21.5,0.0,5.58,20.1,0.0,5.73,20.8,0.0,6.49
2025-07-12,22.0,0.0,5.73,21.5,0.0,5.86,22.8,0.0,6.87
2025-07-13,21.4,0.0,5.53,18.9,0.0,5.59,19.2,0.0,6.2
2025-07-14,21.2,0.0,5.65,18.1,0.0,5.47,17.8,0.0,5.96
2025-07-15,21.1,0.4,5.37,17.5,0.0,5.17,16.8,0.0,5.39
2025-07-16,20.0,0.3,4.72,17.2,0.0,4.65,16.7,0.0,5.0
2025-07-17,21.6,0.0,5.7,18.7,0.0,5.65,18.1,0.0,6.14
2025-07-18,24.2,0.0,6.18,21.8,0.0,6.14,21.3,0.0,6.55
2025-07-19,21.3,0.0,5.21,18.3,0.0,5.12,18.2,0.0,5.35
2025-07-20,19.9,1.5,3.8,17.2,0.6,4.0,16.8,0.0,4.75
2025-07-21,20.4,0.1,5.13,17.0,0.3,4.93,16.9,0.0,4.9
2025-07-22,22.1,0.0,5.76,19.2,0.0,5.76,18.4,0.0,6.23
2025-07-23,22.9,0.0,6.04,20.3,0.0,5.89,19.2,0.0,6.52
2025-07-24,21.2,0.0,5.52,17.2,0.0,5.27,16.9,0.0,5.44
2025-07-25,20.1,0.0,4.78,15.9,0.0,4.49,15.4,0.0,4.79
2025-07-26,20.3,0.0,5.33,16.0,0.0,4.99,15.7,0.0,5.03
2025-07-27,22.2,0.0,5.56,20.0,0.0,5.39,21.0,0.0,5.85
2025-07-28,26.2,0.0,5.11,25.7,0.0,5.09,26.1,0.0,4.51
2025-07-29,28.7,0.0,5.92,26.4,0.0,6.08,26.3,0.0,7.31
2025-07-30,25.7,0.0,5.63,25.2,0.4,5.54,25.9,0.0,5.71
2025-07-31,23.0,0.0,4.66,20.3,0.0,4.46,20.1,0.1,4.26
2025-08-01,22.0,4.1,3.21,19.3,1.2,3.45,19.0,0.3,3.88
2025-08-02,21.4,0.8,3.51,18.9,4.0,3.6,18.5,1.5,3.56
2025-08-03,22.1,0.2,4.38,19.1,1.9,4.14,19.3,1.3,4.53
2025-08-04,21.8,0.7,3.06,18.4,1.2,3.3,18.4,0.6,4.11
2025-08-05,22.3,0.9,3.48,18.7,1.0,3.73,18.6,0.5,4.57
2025-08-06,22.1,0.0,5.16,18.2,0.0,4.71,18.4,0.0,4.81
2025-08-07,22.0,0.0,5.16,18.1,0.0,4.65,18.3,0.0,4.7
2025-08-08,21.5,3.8,4.29,17.9,7.6,3.47,17.6,0.9,3.88
2025-08-09,20.8,0.2,3.76,16.9,0.7,3.29,16.8,0.0,4.43
2025-08-10,20.2,0.0,4.55,15.4,0.0,4.26,15.3,0.0,4.56
2025-08-11,18.9,0.0,5.1,14.4,0.0,4.7,14.2,0.0,4.93
2025-08-12,19.0,0.0,4.89,14.3,0.0,4.47,13.6,0.0,4.69
2025-08-13,19.5,0.0,5.08,14.8,0.0,4.82,14.8,0.0,5.06
2025-08-14,19.9,0.0,5.2,16.1,0.0,5.08,16.0,0.0,5.63
2025-08-15,18.6,0.0,4.94,15.3,0.0,4.77,15.0,0.0,5.22
2025-08-16,18.1,0.0,4.66,13.7,0.0,4.3,13.4,0.0,4.6
2025-08-17,19.1,0.0,4.92,15.7,0.0,4.72,17.2,0.0,5.31
2025-08-18,22.8,0.0,5.65,19.6,0.0,5.51,20.3,0.0,5.77
2025-08-19,20.1,0.2,3.93,16.1,0.0,4.01,16.5,0.0,4.71
2025-08-20,20.0,0.5,4.36,17.4,0.0,4.38,16.9,0.0,4.8
2025-08-21,19.5,0.0,4.5,16.4,0.0,4.52,15.6,0.0,4.83
2025-08-22,21.5,0.0,5.13,18.3,0.0,5.08,17.9,0.0,5.5
2025-08-23,23.3,0.0,5.4,20.3,0.0,5.62,20.3,0.0,5.77
2025-08-24,19.5,0.4,4.67,17.4,0.5,4.68,18.5,0.1,5.21
2025-08-25,18.0,1.6,2.91,14.5,1.2,2.58,13.8,0.1,3.04
2025-08-26,16.8,1.4,3.01,13.3,0.4,2.92,12.2,0.0,3.52
2025-08-27,15.8,0.0,2.76,12.0,0.0,2.7,11.7,0.0,3.44
2025-08-28,17.9,0.0,4.25,13.8,0.0,4.01,13.8,0.0,4.23
2025-08-29,19.5,0.0,4.33,16.5,0.0,4.18,17.5,0.0,4.82
2025-08-30,22.6,0.0,4.89,20.2,0.0,4.7,21.0,0.2,5.05
2025-08-31,23.7,0.0,5.14,21.0,0.0,5.01,20.5,0.0,5.21
2025-09-01,24.2,0.0,5.39,21.7,0.0,5.12,21.0,0.0,5.49
2025-09-02,20.4,0.0,4.3,17.5,0.0,4.23,17.0,0.0,4.23
2025-09-03,17.7,3.3,2.13,14.7,3.4,1.91,14.8,0.0,2.97
2025-09-04,17.5,3.1,2.67,14.2,3.2,2.22,13.8,2.2,2.66
2025-09-05,20.0,0.0,3.95,16.6,0.1,3.65,16.5,0.1,3.95
2025-09-06,20.9,3.5,4.1,17.8,6.6,3.81,18.3,0.2,4.2
2025-09-07,17.1,6.6,1.76,14.3,4.8,1.76,14.3,1.6,2.39
2025-09-08,15.7,1.2,2.1,12.7,2.4,2.16,12.5,10.2,2.32
2025-09-09,16.4,0.2,3.15,12.6,2.5,2.86,12.5,0.8,3.18
2025-09-10,16.9,0.0,3.73,12.6,0.0,3.65,12.1,0.0,3.9
2025-09-11,16.3,0.0,3.21,12.6,0.1,2.91,11.8,0.0,3.54
2025-09-12,17.0,0.0,3.51,13.1,0.0,3.4,12.4,0.0,3.79
2025-09-13,16.4,0.6,3.1,13.2,0.3,3.2,11.7,0.0,3.51
2025-09-14,14.9,0.3,3.59,12.1,0.0,3.56,12.0,0.0,3.91
2025-09-15,17.2,0.0,4.15,14.7,0.0,4.01,14.7,0.0,4.35
2025-09-16,15.6,0.0,3.43,13.5,0.0,3.49,13.3,0.0,3.83
2025-09-17,16.7,0.0,3.76,14.1,0.0,3.69,14.0,0.0,3.79
2025-09-18,14.0,5.9,2.45,12.0,7.8,2.38,12.4,1.9,3.28
2025-09-19,11.0,2.5,1.65,7.3,3.9,1.38,6.2,2.7,1.57
2025-09-20,11.1,4.6,1.13,7.8,11.8,0.7,7.6,8.4,1.37
2025-09-21,11.7,0.6,2.09,8.1,5.3,1.68,7.0,2.9,1.82
2025-09-22,11.8,0.0,3.1,8.9,0.0,2.98,8.9,0.0,3.39
2025-09-23,15.6,0.0,3.57,13.3,0.0,3.51,13.7,0.0,3.83
2025-09-24,16.9,0.0,3.71,14.5,0.0,3.58,14.8,0.0,3.97
2025-09-25,14.6,0.0,3.33,11.9,0.0,3.2,11.5,0.0,3.54
2025-09-26,11.4,2.3,1.48,8.2,7.7,1.38,7.6,0.3,2.08
2025-09-27,9.3,1.5,2.31,6.5,1.5,2.11,6.8,0.0,2.36
2025-09-28,12.8,0.0,3.12,10.7,0.0,3.09,11.3,0.0,3.56
2025-09-29,16.3,0.1,2.61,14.0,0.7,2.79,15.1,0.6,4.29
2025-09-30,12.8,16.3,1.6,10.3,16.1,1.63,10.2,7.9,1.75
